IGES file generated by C3D Converter 1.8                                S      1
translator by C3D Labs., translator version IGESOUT-5.1.                S      2
1H,,1H;,7H Деталь,46HE:\Сдача задания\Модели\IGES\Кривой станок.igs,0H,3G      1
H1.0,32,38,6,308,15,7Hunknown,1,2,2HMM,1000,1,16H-17740206:063537,1E-6,5G      2
0000,5Hno1se,7Hunknown,0,0,13H260306:063538;                            G      3
     502       1       0       0       0       0       0       000010000D      1
     502       0       0       3       1                               0D      2
     110       4       0       0       0       0       0       000010000D      3
     110       1       0       1       0                               0D      4
     110       5       0       0       0       0       0       000010000D      5
     110       1       0       1       0                               0D      6
     110       6       0       0       0       0       0       000010000D      7
     110       1       0       1       0                               0D      8
     110       7       0       0       0       0       0       000010000D      9
     110       1       0       1       0                               0D     10
     110       8       0       0       0       0       0       000010000D     11
     110       1       0       1       0                               0D     12
     110       9       0       0       0       0       0       000010000D     13
     110       1       0       1       0                               0D     14
     110      10       0       0       0       0       0       000010000D     15
     110       1       0       1       0                               0D     16
     110      11       0       0       0       0       0       000010000D     17
     110       1       0       1       0                               0D     18
     110      12       0       0       0       0       0       000010000D     19
     110       1       0       1       0                               0D     20
     110      13       0       0       0       0       0       000010000D     21
     110       1       0       1       0                               0D     22
     110      14       0       0       0       0       0       000010000D     23
     110       1       0       1       0                               0D     24
     110      15       0       0       0       0       0       000010000D     25
     110       1       0       1       0                               0D     26
     504      16       0       0       0       0       0       000010000D     27
     504       1       0       3       1                               0D     28
     128      19       0       0       0       0       0       000010000D     29
     128       1       0       2       0                               0D     30
     126      21       0       0       0       0       0       001010500D     31
     126       1       0       1       0                               0D     32
     126      22       0       0       0       0       0       001010500D     33
     126       1       0       1       0                               0D     34
     126      23       0       0       0       0       0       001010500D     35
     126       1       0       1       0                               0D     36
     126      24       0       0       0       0       0       001010500D     37
     126       1       0       1       0                               0D     38
     508      25       0       0       0       0       0       000010000D     39
     508       1       0       2       1                               0D     40
     314      27       0       0       0       0       0       001000200D     41
     314       1       0       1       0                               0D     42
     510      28       0       0       0       0       0       000010000D     43
     510       1     -41       1       1                               0D     44
     128      29       0       0       0       0       0       000010000D     45
     128       1       0       2       0                               0D     46
     126      31       0       0       0       0       0       001010500D     47
     126       1       0       1       0                               0D     48
     126      32       0       0       0       0       0       001010500D     49
     126       1       0       1       0                               0D     50
     126      33       0       0       0       0       0       001010500D     51
     126       1       0       1       0                               0D     52
     126      34       0       0       0       0       0       001010500D     53
     126       1       0       1       0                               0D     54
     508      35       0       0       0       0       0       000010000D     55
     508       1       0       2       1                               0D     56
     510      37       0       0       0       0       0       000010000D     57
     510       1     -41       1       1                               0D     58
     128      38       0       0       0       0       0       000010000D     59
     128       1       0       2       0                               0D     60
     126      40       0       0       0       0       0       001010500D     61
     126       1       0       1       0                               0D     62
     126      41       0       0       0       0       0       001010500D     63
     126       1       0       1       0                               0D     64
     126      42       0       0       0       0       0       001010500D     65
     126       1       0       1       0                               0D     66
     126      43       0       0       0       0       0       001010500D     67
     126       1       0       1       0                               0D     68
     508      44       0       0       0       0       0       000010000D     69
     508       1       0       2       1                               0D     70
     510      46       0       0       0       0       0       000010000D     71
     510       1     -41       1       1                               0D     72
     128      47       0       0       0       0       0       000010000D     73
     128       1       0       2       0                               0D     74
     126      49       0       0       0       0       0       001010500D     75
     126       1       0       1       0                               0D     76
     126      50       0       0       0       0       0       001010500D     77
     126       1       0       1       0                               0D     78
     126      51       0       0       0       0       0       001010500D     79
     126       1       0       1       0                               0D     80
     126      52       0       0       0       0       0       001010500D     81
     126       1       0       1       0                               0D     82
     508      53       0       0       0       0       0       000010000D     83
     508       1       0       2       1                               0D     84
     510      55       0       0       0       0       0       000010000D     85
     510       1     -41       1       1                               0D     86
     128      56       0       0       0       0       0       000010000D     87
     128       1       0       2       0                               0D     88
     126      58       0       0       0       0       0       001010500D     89
     126       1       0       1       0                               0D     90
     126      59       0       0       0       0       0       001010500D     91
     126       1       0       1       0                               0D     92
     126      60       0       0       0       0       0       001010500D     93
     126       1       0       1       0                               0D     94
     126      61       0       0       0       0       0       001010500D     95
     126       1       0       1       0                               0D     96
     508      62       0       0       0       0       0       000010000D     97
     508       1       0       2       1                               0D     98
     510      64       0       0       0       0       0       000010000D     99
     510       1     -41       1       1                               0D    100
     128      65       0       0       0       0       0       000010000D    101
     128       1       0       2       0                               0D    102
     126      67       0       0       0       0       0       001010500D    103
     126       1       0       1       0                               0D    104
     126      68       0       0       0       0       0       001010500D    105
     126       1       0       1       0                               0D    106
     126      69       0       0       0       0       0       001010500D    107
     126       1       0       1       0                               0D    108
     126      70       0       0       0       0       0       001010500D    109
     126       1       0       1       0                               0D    110
     508      71       0       0       0       0       0       000010000D    111
     508       1       0       2       1                               0D    112
     510      73       0       0       0       0       0       000010000D    113
     510       1     -41       1       1                               0D    114
     514      74       0       0       0       0       0       000010000D    115
     514       1       0       1       1                               0D    116
     186      75       0       0       0       0       0       000010000D    117
     186       1       0       1       0                               0D    118
     502      76       0       0       0       0       0       000010000D    119
     502       1       0      27       1                               0D    120
     110     103       0       0       0       0       0       000010000D    121
     110       1       0       1       0                               0D    122
     110     104       0       0       0       0       0       000010000D    123
     110       1       0       1       0                               0D    124
     110     105       0       0       0       0       0       000010000D    125
     110       1       0       1       0                               0D    126
     110     106       0       0       0       0       0       000010000D    127
     110       1       0       1       0                               0D    128
     110     107       0       0       0       0       0       000010000D    129
     110       1       0       1       0                               0D    130
     110     108       0       0       0       0       0       000010000D    131
     110       1       0       2       0                               0D    132
     110     110       0       0       0       0       0       000010000D    133
     110       1       0       1       0                               0D    134
     110     111       0       0       0       0       0       000010000D    135
     110       1       0       1       0                               0D    136
     110     112       0       0       0       0       0       000010000D    137
     110       1       0       1       0                               0D    138
     124     113       0       0       0       0       0       001020201D    139
     124       1       0       1       0                               0D    140
     100     114       0       0       0       0     139       000010000D    141
     100       1       0       1       0                               0D    142
     110     115       0       0       0       0       0       000010000D    143
     110       1       0       1       0                               0D    144
     124     116       0       0       0       0       0       001020201D    145
     124       1       0       2       0                               0D    146
     100     118       0       0       0       0     145       000010000D    147
     100       1       0       1       0                               0D    148
     110     119       0       0       0       0       0       000010000D    149
     110       1       0       1       0                               0D    150
     110     120       0       0       0       0       0       000010000D    151
     110       1       0       1       0                               0D    152
     110     121       0       0       0       0       0       000010000D    153
     110       1       0       1       0                               0D    154
     110     122       0       0       0       0       0       000010000D    155
     110       1       0       1       0                               0D    156
     124     123       0       0       0       0       0       001020201D    157
     124       1       0       3       0                               0D    158
     100     126       0       0       0       0     157       000010000D    159
     100       1       0       1       0                               0D    160
     110     127       0       0       0       0       0       000010000D    161
     110       1       0       2       0                               0D    162
     124     129       0       0       0       0       0       001020201D    163
     124       1       0       2       0                               0D    164
     100     131       0       0       0       0     163       000010000D    165
     100       1       0       1       0                               0D    166
     110     132       0       0       0       0       0       000010000D    167
     110       1       0       1       0                               0D    168
     124     133       0       0       0       0       0       001020201D    169
     124       1       0       2       0                               0D    170
     100     135       0       0       0       0     169       000010000D    171
     100       1       0       1       0                               0D    172
     110     136       0       0       0       0       0       000010000D    173
     110       1       0       1       0                               0D    174
     110     137       0       0       0       0       0       000010000D    175
     110       1       0       1       0                               0D    176
     124     138       0       0       0       0       0       001020201D    177
     124       1       0       2       0                               0D    178
     100     140       0       0       0       0     177       000010000D    179
     100       1       0       1       0                               0D    180
     110     141       0       0       0       0       0       000010000D    181
     110       1       0       1       0                               0D    182
     124     142       0       0       0       0       0       001020201D    183
     124       1       0       2       0                               0D    184
     100     144       0       0       0       0     183       000010000D    185
     100       1       0       2       0                               0D    186
     110     146       0       0       0       0       0       000010000D    187
     110       1       0       1       0                               0D    188
     110     147       0       0       0       0       0       000010000D    189
     110       1       0       1       0                               0D    190
     110     148       0       0       0       0       0       000010000D    191
     110       1       0       1       0                               0D    192
     110     149       0       0       0       0       0       000010000D    193
     110       1       0       1       0                               0D    194
     110     150       0       0       0       0       0       000010000D    195
     110       1       0       1       0                               0D    196
     124     151       0       0       0       0       0       001020201D    197
     124       1       0       3       0                               0D    198
     100     154       0       0       0       0     197       000010000D    199
     100       1       0       1       0                               0D    200
     110     155       0       0       0       0       0       000010000D    201
     110       1       0       1       0                               0D    202
     110     156       0       0       0       0       0       000010000D    203
     110       1       0       2       0                               0D    204
     110     158       0       0       0       0       0       000010000D    205
     110       1       0       1       0                               0D    206
     110     159       0       0       0       0       0       000010000D    207
     110       1       0       1       0                               0D    208
     110     160       0       0       0       0       0       000010000D    209
     110       1       0       1       0                               0D    210
     110     161       0       0       0       0       0       000010000D    211
     110       1       0       1       0                               0D    212
     110     162       0       0       0       0       0       000010000D    213
     110       1       0       1       0                               0D    214
     110     163       0       0       0       0       0       000010000D    215
     110       1       0       1       0                               0D    216
     110     164       0       0       0       0       0       000010000D    217
     110       1       0       1       0                               0D    218
     110     165       0       0       0       0       0       000010000D    219
     110       1       0       1       0                               0D    220
     110     166       0       0       0       0       0       000010000D    221
     110       1       0       1       0                               0D    222
     110     167       0       0       0       0       0       000010000D    223
     110       1       0       2       0                               0D    224
     110     169       0       0       0       0       0       000010000D    225
     110       1       0       2       0                               0D    226
     110     171       0       0       0       0       0       000010000D    227
     110       1       0       1       0                               0D    228
     110     172       0       0       0       0       0       000010000D    229
     110       1       0       1       0                               0D    230
     110     173       0       0       0       0       0       000010000D    231
     110       1       0       1       0                               0D    232
     110     174       0       0       0       0       0       000010000D    233
     110       1       0       1       0                               0D    234
     110     175       0       0       0       0       0       000010000D    235
     110       1       0       1       0                               0D    236
     110     176       0       0       0       0       0       000010000D    237
     110       1       0       1       0                               0D    238
     110     177       0       0       0       0       0       000010000D    239
     110       1       0       1       0                               0D    240
     110     178       0       0       0       0       0       000010000D    241
     110       1       0       1       0                               0D    242
     124     179       0       0       0       0       0       001020201D    243
     124       1       0       3       0                               0D    244
     100     182       0       0       0       0     243       000010000D    245
     100       1       0       1       0                               0D    246
     110     183       0       0       0       0       0       000010000D    247
     110       1       0       1       0                               0D    248
     110     184       0       0       0       0       0       000010000D    249
     110       1       0       1       0                               0D    250
     124     185       0       0       0       0       0       001020201D    251
     124       1       0       3       0                               0D    252
     100     188       0       0       0       0     251       000010000D    253
     100       1       0       1       0                               0D    254
     110     189       0       0       0       0       0       000010000D    255
     110       1       0       1       0                               0D    256
     110     190       0       0       0       0       0       000010000D    257
     110       1       0       1       0                               0D    258
     110     191       0       0       0       0       0       000010000D    259
     110       1       0       1       0                               0D    260
     110     192       0       0       0       0       0       000010000D    261
     110       1       0       1       0                               0D    262
     110     193       0       0       0       0       0       000010000D    263
     110       1       0       1       0                               0D    264
     124     194       0       0       0       0       0       001020201D    265
     124       1       0       1       0                               0D    266
     100     195       0       0       0       0     265       000010000D    267
     100       1       0       1       0                               0D    268
     110     196       0       0       0       0       0       000010000D    269
     110       1       0       1       0                               0D    270
     110     197       0       0       0       0       0       000010000D    271
     110       1       0       1       0                               0D    272
     110     198       0       0       0       0       0       000010000D    273
     110       1       0       1       0                               0D    274
     110     199       0       0       0       0       0       000010000D    275
     110       1       0       1       0                               0D    276
     124     200       0       0       0       0       0       001020201D    277
     124       1       0       2       0                               0D    278
     100     202       0       0       0       0     277       000010000D    279
     100       1       0       1       0                               0D    280
     110     203       0       0       0       0       0       000010000D    281
     110       1       0       1       0                               0D    282
     110     204       0       0       0       0       0       000010000D    283
     110       1       0       1       0                               0D    284
     110     205       0       0       0       0       0       000010000D    285
     110       1       0       1       0                               0D    286
     110     206       0       0       0       0       0       000010000D    287
     110       1       0       1       0                               0D    288
     124     207       0       0       0       0       0       001020201D    289
     124       1       0       3       0                               0D    290
     100     210       0       0       0       0     289       000010000D    291
     100       1       0       1       0                               0D    292
     110     211       0       0       0       0       0       000010000D    293
     110       1       0       2       0                               0D    294
     110     213       0       0       0       0       0       000010000D    295
     110       1       0       2       0                               0D    296
     110     215       0       0       0       0       0       000010000D    297
     110       1       0       2       0                               0D    298
     110     217       0       0       0       0       0       000010000D    299
     110       1       0       1       0                               0D    300
     124     218       0       0       0       0       0       001020201D    301
     124       1       0       3       0                               0D    302
     100     221       0       0       0       0     301       000010000D    303
     100       1       0       1       0                               0D    304
     110     222       0       0       0       0       0       000010000D    305
     110       1       0       1       0                               0D    306
     110     223       0       0       0       0       0       000010000D    307
     110       1       0       1       0                               0D    308
     110     224       0       0       0       0       0       000010000D    309
     110       1       0       1       0                               0D    310
     110     225       0       0       0       0       0       000010000D    311
     110       1       0       1       0                               0D    312
     110     226       0       0       0       0       0       000010000D    313
     110       1       0       1       0                               0D    314
     110     227       0       0       0       0       0       000010000D    315
     110       1       0       1       0                               0D    316
     124     228       0       0       0       0       0       001020201D    317
     124       1       0       2       0                               0D    318
     100     230       0       0       0       0     317       000010000D    319
     100       1       0       1       0                               0D    320
     110     231       0       0       0       0       0       000010000D    321
     110       1       0       1       0                               0D    322
     110     232       0       0       0       0       0       000010000D    323
     110       1       0       1       0                               0D    324
     110     233       0       0       0       0       0       000010000D    325
     110       1       0       1       0                               0D    326
     110     234       0       0       0       0       0       000010000D    327
     110       1       0       1       0                               0D    328
     110     235       0       0       0       0       0       000010000D    329
     110       1       0       1       0                               0D    330
     110     236       0       0       0       0       0       000010000D    331
     110       1       0       1       0                               0D    332
     110     237       0       0       0       0       0       000010000D    333
     110       1       0       1       0                               0D    334
     110     238       0       0       0       0       0       000010000D    335
     110       1       0       1       0                               0D    336
     110     239       0       0       0       0       0       000010000D    337
     110       1       0       1       0                               0D    338
     110     240       0       0       0       0       0       000010000D    339
     110       1       0       1       0                               0D    340
     110     241       0       0       0       0       0       000010000D    341
     110       1       0       1       0                               0D    342
     110     242       0       0       0       0       0       000010000D    343
     110       1       0       1       0                               0D    344
     110     243       0       0       0       0       0       000010000D    345
     110       1       0       1       0                               0D    346
     110     244       0       0       0       0       0       000010000D    347
     110       1       0       1       0                               0D    348
     110     245       0       0       0       0       0       000010000D    349
     110       1       0       1       0                               0D    350
     110     246       0       0       0       0       0       000010000D    351
     110       1       0       1       0                               0D    352
     110     247       0       0       0       0       0       000010000D    353
     110       1       0       1       0                               0D    354
     124     248       0       0       0       0       0       001020201D    355
     124       1       0       2       0                               0D    356
     100     250       0       0       0       0     355       000010000D    357
     100       1       0       1       0                               0D    358
     110     251       0       0       0       0       0       000010000D    359
     110       1       0       1       0                               0D    360
     110     252       0       0       0       0       0       000010000D    361
     110       1       0       1       0                               0D    362
     110     253       0       0       0       0       0       000010000D    363
     110       1       0       1       0                               0D    364
     110     254       0       0       0       0       0       000010000D    365
     110       1       0       1       0                               0D    366
     110     255       0       0       0       0       0       000010000D    367
     110       1       0       1       0                               0D    368
     110     256       0       0       0       0       0       000010000D    369
     110       1       0       1       0                               0D    370
     110     257       0       0       0       0       0       000010000D    371
     110       1       0       1       0                               0D    372
     110     258       0       0       0       0       0       000010000D    373
     110       1       0       1       0                               0D    374
     110     259       0       0       0       0       0       000010000D    375
     110       1       0       1       0                               0D    376
     110     260       0       0       0       0       0       000010000D    377
     110       1       0       1       0                               0D    378
     110     261       0       0       0       0       0       000010000D    379
     110       1       0       1       0                               0D    380
     110     262       0       0       0       0       0       000010000D    381
     110       1       0       1       0                               0D    382
     110     263       0       0       0       0       0       000010000D    383
     110       1       0       1       0                               0D    384
     110     264       0       0       0       0       0       000010000D    385
     110       1       0       1       0                               0D    386
     504     265       0       0       0       0       0       000010000D    387
     504       1       0      34       1                               0D    388
     128     299       0       0       0       0       0       000010000D    389
     128       1       0       3       0                               0D    390
     126     302       0       0       0       0       0       001010500D    391
     126       1       0       2       0                               0D    392
     126     304       0       0       0       0       0       001010500D    393
     126       1       0       2       0                               0D    394
     126     306       0       0       0       0       0       001010500D    395
     126       1       0       2       0                               0D    396
     126     308       0       0       0       0       0       001010500D    397
     126       1       0       2       0                               0D    398
     126     310       0       0       0       0       0       001010500D    399
     126       1       0       2       0                               0D    400
     126     312       0       0       0       0       0       001010500D    401
     126       1       0       2       0                               0D    402
     126     314       0       0       0       0       0       001010500D    403
     126       1       0       2       0                               0D    404
     126     316       0       0       0       0       0       001010500D    405
     126       1       0       2       0                               0D    406
     126     318       0       0       0       0       0       001010500D    407
     126       1       0       2       0                               0D    408
     126     320       0       0       0       0       0       001010500D    409
     126       1       0      16       0                               0D    410
     126     336       0       0       0       0       0       001010500D    411
     126       1       0       2       0                               0D    412
     126     338       0       0       0       0       0       001010500D    413
     126       1       0      10       0                               0D    414
     126     348       0       0       0       0       0       001010500D    415
     126       1       0       2       0                               0D    416
     126     350       0       0       0       0       0       001010500D    417
     126       1       0       3       0                               0D    418
     508     353       0       0       0       0       0       000010000D    419
     508       1       0       5       1                               0D    420
     510     358       0       0       0       0       0       000010000D    421
     510       1     -41       1       1                               0D    422
     128     359       0       0       0       0       0       000010000D    423
     128       1       0       2       0                               0D    424
     126     361       0       0       0       0       0       001010500D    425
     126       1       0       2       0                               0D    426
     126     363       0       0       0       0       0       001010500D    427
     126       1       0       2       0                               0D    428
     126     365       0       0       0       0       0       001010500D    429
     126       1       0      16       0                               0D    430
     126     381       0       0       0       0       0       001010500D    431
     126       1       0       2       0                               0D    432
     126     383       0       0       0       0       0       001010500D    433
     126       1       0      16       0                               0D    434
     126     399       0       0       0       0       0       001010500D    435
     126       1       0       2       0                               0D    436
     126     401       0       0       0       0       0       001010500D    437
     126       1       0      16       0                               0D    438
     126     417       0       0       0       0       0       001010500D    439
     126       1       0       2       0                               0D    440
     126     419       0       0       0       0       0       001010500D    441
     126       1       0       2       0                               0D    442
     126     421       0       0       0       0       0       001010500D    443
     126       1       0      17       0                               0D    444
     126     438       0       0       0       0       0       001010500D    445
     126       1       0       2       0                               0D    446
     126     440       0       0       0       0       0       001010500D    447
     126       1       0      16       0                               0D    448
     508     456       0       0       0       0       0       000010000D    449
     508       1       0       4       1                               0D    450
     510     460       0       0       0       0       0       000010000D    451
     510       1     -41       1       1                               0D    452
     128     461       0       0       0       0       0       000010000D    453
     128       1       0       2       0                               0D    454
     126     463       0       0       0       0       0       001010500D    455
     126       1       0       1       0                               0D    456
     126     464       0       0       0       0       0       001010500D    457
     126       1       0       2       0                               0D    458
     126     466       0       0       0       0       0       001010500D    459
     126       1       0       2       0                               0D    460
     126     468       0       0       0       0       0       001010500D    461
     126       1       0       2       0                               0D    462
     126     470       0       0       0       0       0       001010500D    463
     126       1       0       2       0                               0D    464
     126     472       0       0       0       0       0       001010500D    465
     126       1       0       2       0                               0D    466
     126     474       0       0       0       0       0       001010500D    467
     126       1       0       2       0                               0D    468
     126     476       0       0       0       0       0       001010500D    469
     126       1       0      16       0                               0D    470
     126     492       0       0       0       0       0       001010500D    471
     126       1       0       2       0                               0D    472
     508     494       0       0       0       0       0       000010000D    473
     508       1       0       3       1                               0D    474
     510     497       0       0       0       0       0       000010000D    475
     510       1     -41       1       1                               0D    476
     128     498       0       0       0       0       0       000010000D    477
     128       1       0       2       0                               0D    478
     126     500       0       0       0       0       0       001010500D    479
     126       1       0       2       0                               0D    480
     126     502       0       0       0       0       0       001010500D    481
     126       1       0       2       0                               0D    482
     126     504       0       0       0       0       0       001010500D    483
     126       1       0       2       0                               0D    484
     126     506       0       0       0       0       0       001010500D    485
     126       1       0       1       0                               0D    486
     126     507       0       0       0       0       0       001010500D    487
     126       1       0       1       0                               0D    488
     126     508       0       0       0       0       0       001010500D    489
     126       1       0       1       0                               0D    490
     126     509       0       0       0       0       0       001010500D    491
     126       1       0       2       0                               0D    492
     126     511       0       0       0       0       0       001010500D    493
     126       1       0       2       0                               0D    494
     508     513       0       0       0       0       0       000010000D    495
     508       1       0       3       1                               0D    496
     126     516       0       0       0       0       0       001010500D    497
     126       1       0       2       0                               0D    498
     126     518       0       0       0       0       0       001010500D    499
     126       1       0       2       0                               0D    500
     126     520       0       0       0       0       0       001010500D    501
     126       1       0       2       0                               0D    502
     126     522       0       0       0       0       0       001010500D    503
     126       1       0       2       0                               0D    504
     508     524       0       0       0       0       0       000010000D    505
     508       1       0       2       1                               0D    506
     510     526       0       0       0       0       0       000010000D    507
     510       1     -41       1       1                               0D    508
     128     527       0       0       0       0       0       000010000D    509
     128       1       0       3       0                               0D    510
     126     530       0       0       0       0       0       001010500D    511
     126       1       0       1       0                               0D    512
     126     531       0       0       0       0       0       001010500D    513
     126       1       0       1       0                               0D    514
     126     532       0       0       0       0       0       001010500D    515
     126       1       0       1       0                               0D    516
     126     533       0       0       0       0       0       001010500D    517
     126       1       0       1       0                               0D    518
     508     534       0       0       0       0       0       000010000D    519
     508       1       0       2       1                               0D    520
     510     536       0       0       0       0       0       000010000D    521
     510       1     -41       1       1                               0D    522
     128     537       0       0       0       0       0       000010000D    523
     128       1       0       3       0                               0D    524
     126     540       0       0       0       0       0       001010500D    525
     126       1       0       1       0                               0D    526
     126     541       0       0       0       0       0       001010500D    527
     126       1       0       1       0                               0D    528
     126     542       0       0       0       0       0       001010500D    529
     126       1       0       1       0                               0D    530
     126     543       0       0       0       0       0       001010500D    531
     126       1       0       1       0                               0D    532
     508     544       0       0       0       0       0       000010000D    533
     508       1       0       2       1                               0D    534
     510     546       0       0       0       0       0       000010000D    535
     510       1     -41       1       1                               0D    536
     128     547       0       0       0       0       0       000010000D    537
     128       1       0       4       0                               0D    538
     126     551       0       0       0       0       0       001010500D    539
     126       1       0       1       0                               0D    540
     126     552       0       0       0       0       0       001010500D    541
     126       1       0       1       0                               0D    542
     126     553       0       0       0       0       0       001010500D    543
     126       1       0       1       0                               0D    544
     126     554       0       0       0       0       0       001010500D    545
     126       1       0       1       0                               0D    546
     508     555       0       0       0       0       0       000010000D    547
     508       1       0       2       1                               0D    548
     510     557       0       0       0       0       0       000010000D    549
     510       1     -41       1       1                               0D    550
     128     558       0       0       0       0       0       000010000D    551
     128       1       0       2       0                               0D    552
     126     560       0       0       0       0       0       001010500D    553
     126       1       0       1       0                               0D    554
     126     561       0       0       0       0       0       001010500D    555
     126       1       0       1       0                               0D    556
     126     562       0       0       0       0       0       001010500D    557
     126       1       0       1       0                               0D    558
     126     563       0       0       0       0       0       001010500D    559
     126       1       0       1       0                               0D    560
     508     564       0       0       0       0       0       000010000D    561
     508       1       0       2       1                               0D    562
     510     566       0       0       0       0       0       000010000D    563
     510       1     -41       1       1                               0D    564
     128     567       0       0       0       0       0       000010000D    565
     128       1       0       2       0                               0D    566
     126     569       0       0       0       0       0       001010500D    567
     126       1       0       1       0                               0D    568
     126     570       0       0       0       0       0       001010500D    569
     126       1       0       1       0                               0D    570
     126     571       0       0       0       0       0       001010500D    571
     126       1       0       1       0                               0D    572
     126     572       0       0       0       0       0       001010500D    573
     126       1       0       1       0                               0D    574
     508     573       0       0       0       0       0       000010000D    575
     508       1       0       2       1                               0D    576
     510     575       0       0       0       0       0       000010000D    577
     510       1     -41       1       1                               0D    578
     128     576       0       0       0       0       0       000010000D    579
     128       1       0       2       0                               0D    580
     126     578       0       0       0       0       0       001010500D    581
     126       1       0       1       0                               0D    582
     126     579       0       0       0       0       0       001010500D    583
     126       1       0       1       0                               0D    584
     126     580       0       0       0       0       0       001010500D    585
     126       1       0       1       0                               0D    586
     126     581       0       0       0       0       0       001010500D    587
     126       1       0       1       0                               0D    588
     508     582       0       0       0       0       0       000010000D    589
     508       1       0       2       1                               0D    590
     510     584       0       0       0       0       0       000010000D    591
     510       1     -41       1       1                               0D    592
     110     585       0       0       0       0       0       001010000D    593
     110       1       0       1       0                               0D    594
     110     586       0       0       0       0       0       001010001D    595
     110       1       0       1       0                               0D    596
     120     587       0       0       0       0       0       000010000D    597
     120       1       0       1       0                               0D    598
     126     588       0       0       0       0       0       001010500D    599
     126       1       0       2       0                               0D    600
     126     590       0       0       0       0       0       001010500D    601
     126       1       0       1       0                               0D    602
     126     591       0       0       0       0       0       001010500D    603
     126       1       0       1       0                               0D    604
     126     592       0       0       0       0       0       001010500D    605
     126       1       0       1       0                               0D    606
     508     593       0       0       0       0       0       000010000D    607
     508       1       0       2       1                               0D    608
     510     595       0       0       0       0       0       000010000D    609
     510       1     -41       1       1                               0D    610
     128     596       0       0       0       0       0       000010000D    611
     128       1       0       2       0                               0D    612
     126     598       0       0       0       0       0       001010500D    613
     126       1       0       1       0                               0D    614
     126     599       0       0       0       0       0       001010500D    615
     126       1       0       2       0                               0D    616
     126     601       0       0       0       0       0       001010500D    617
     126       1       0      16       0                               0D    618
     126     617       0       0       0       0       0       001010500D    619
     126       1       0       2       0                               0D    620
     126     619       0       0       0       0       0       001010500D    621
     126       1       0      16       0                               0D    622
     126     635       0       0       0       0       0       001010500D    623
     126       1       0       2       0                               0D    624
     508     637       0       0       0       0       0       000010000D    625
     508       1       0       2       1                               0D    626
     126     639       0       0       0       0       0       001010500D    627
     126       1       0       2       0                               0D    628
     126     641       0       0       0       0       0       001010500D    629
     126       1       0       2       0                               0D    630
     126     643       0       0       0       0       0       001010500D    631
     126       1       0       2       0                               0D    632
     126     645       0       0       0       0       0       001010500D    633
     126       1       0       2       0                               0D    634
     508     647       0       0       0       0       0       000010000D    635
     508       1       0       2       1                               0D    636
     510     649       0       0       0       0       0       000010000D    637
     510       1     -41       1       1                               0D    638
     110     650       0       0       0       0       0       001010000D    639
     110       1       0       1       0                               0D    640
     110     651       0       0       0       0       0       001010001D    641
     110       1       0       1       0                               0D    642
     120     652       0       0       0       0       0       000010000D    643
     120       1       0       1       0                               0D    644
     126     653       0       0       0       0       0       001010500D    645
     126       1       0       2       0                               0D    646
     126     655       0       0       0       0       0       001010500D    647
     126       1       0       1       0                               0D    648
     126     656       0       0       0       0       0       001010500D    649
     126       1       0       1       0                               0D    650
     126     657       0       0       0       0       0       001010500D    651
     126       1       0       1       0                               0D    652
     508     658       0       0       0       0       0       000010000D    653
     508       1       0       2       1                               0D    654
     510     660       0       0       0       0       0       000010000D    655
     510       1     -41       1       1                               0D    656
     128     661       0       0       0       0       0       000010000D    657
     128       1       0       3       0                               0D    658
     126     664       0       0       0       0       0       001010500D    659
     126       1       0       1       0                               0D    660
     126     665       0       0       0       0       0       001010500D    661
     126       1       0       1       0                               0D    662
     126     666       0       0       0       0       0       001010500D    663
     126       1       0       1       0                               0D    664
     126     667       0       0       0       0       0       001010500D    665
     126       1       0       1       0                               0D    666
     508     668       0       0       0       0       0       000010000D    667
     508       1       0       2       1                               0D    668
     510     670       0       0       0       0       0       000010000D    669
     510       1     -41       1       1                               0D    670
     110     671       0       0       0       0       0       001010000D    671
     110       1       0       1       0                               0D    672
     110     672       0       0       0       0       0       001010001D    673
     110       1       0       1       0                               0D    674
     120     673       0       0       0       0       0       000010000D    675
     120       1       0       1       0                               0D    676
     126     674       0       0       0       0       0       001010500D    677
     126       1       0       2       0                               0D    678
     126     676       0       0       0       0       0       001010500D    679
     126       1       0       1       0                               0D    680
     126     677       0       0       0       0       0       001010500D    681
     126       1       0       1       0                               0D    682
     126     678       0       0       0       0       0       001010500D    683
     126       1       0       1       0                               0D    684
     508     679       0       0       0       0       0       000010000D    685
     508       1       0       2       1                               0D    686
     510     681       0       0       0       0       0       000010000D    687
     510       1     -41       1       1                               0D    688
     128     682       0       0       0       0       0       000010000D    689
     128       1       0       2       0                               0D    690
     126     684       0       0       0       0       0       001010500D    691
     126       1       0       2       0                               0D    692
     126     686       0       0       0       0       0       001010500D    693
     126       1       0       2       0                               0D    694
     126     688       0       0       0       0       0       001010500D    695
     126       1       0       1       0                               0D    696
     126     689       0       0       0       0       0       001010500D    697
     126       1       0       1       0                               0D    698
     126     690       0       0       0       0       0       001010500D    699
     126       1       0       1       0                               0D    700
     126     691       0       0       0       0       0       001010500D    701
     126       1       0       1       0                               0D    702
     126     692       0       0       0       0       0       001010500D    703
     126       1       0       1       0                               0D    704
     126     693       0       0       0       0       0       001010500D    705
     126       1       0       2       0                               0D    706
     508     695       0       0       0       0       0       000010000D    707
     508       1       0       3       1                               0D    708
     510     698       0       0       0       0       0       000010000D    709
     510       1     -41       1       1                               0D    710
     110     699       0       0       0       0       0       001010000D    711
     110       1       0       1       0                               0D    712
     110     700       0       0       0       0       0       001010001D    713
     110       1       0       2       0                               0D    714
     120     702       0       0       0       0       0       000010000D    715
     120       1       0       1       0                               0D    716
     126     703       0       0       0       0       0       001010500D    717
     126       1       0       2       0                               0D    718
     126     705       0       0       0       0       0       001010500D    719
     126       1       0       1       0                               0D    720
     126     706       0       0       0       0       0       001010500D    721
     126       1       0       1       0                               0D    722
     126     707       0       0       0       0       0       001010500D    723
     126       1       0       1       0                               0D    724
     508     708       0       0       0       0       0       000010000D    725
     508       1       0       2       1                               0D    726
     510     710       0       0       0       0       0       000010000D    727
     510       1     -41       1       1                               0D    728
     128     711       0       0       0       0       0       000010000D    729
     128       1       0       2       0                               0D    730
     126     713       0       0       0       0       0       001010500D    731
     126       1       0       1       0                               0D    732
     126     714       0       0       0       0       0       001010500D    733
     126       1       0       1       0                               0D    734
     126     715       0       0       0       0       0       001010500D    735
     126       1       0       1       0                               0D    736
     126     716       0       0       0       0       0       001010500D    737
     126       1       0       1       0                               0D    738
     508     717       0       0       0       0       0       000010000D    739
     508       1       0       2       1                               0D    740
     510     719       0       0       0       0       0       000010000D    741
     510       1     -41       1       1                               0D    742
     110     720       0       0       0       0       0       001010000D    743
     110       1       0       1       0                               0D    744
     110     721       0       0       0       0       0       001010001D    745
     110       1       0       2       0                               0D    746
     120     723       0       0       0       0       0       000010000D    747
     120       1       0       1       0                               0D    748
     126     724       0       0       0       0       0       001010500D    749
     126       1       0       2       0                               0D    750
     126     726       0       0       0       0       0       001010500D    751
     126       1       0       1       0                               0D    752
     126     727       0       0       0       0       0       001010500D    753
     126       1       0       1       0                               0D    754
     126     728       0       0       0       0       0       001010500D    755
     126       1       0       1       0                               0D    756
     508     729       0       0       0       0       0       000010000D    757
     508       1       0       2       1                               0D    758
     510     731       0       0       0       0       0       000010000D    759
     510       1     -41       1       1                               0D    760
     128     732       0       0       0       0       0       000010000D    761
     128       1       0       2       0                               0D    762
     126     734       0       0       0       0       0       001010500D    763
     126       1       0       1       0                               0D    764
     126     735       0       0       0       0       0       001010500D    765
     126       1       0       1       0                               0D    766
     126     736       0       0       0       0       0       001010500D    767
     126       1       0       1       0                               0D    768
     126     737       0       0       0       0       0       001010500D    769
     126       1       0       1       0                               0D    770
     508     738       0       0       0       0       0       000010000D    771
     508       1       0       2       1                               0D    772
     126     740       0       0       0       0       0       001010500D    773
     126       1       0       2       0                               0D    774
     126     742       0       0       0       0       0       001010500D    775
     126       1       0       2       0                               0D    776
     126     744       0       0       0       0       0       001010500D    777
     126       1       0       2       0                               0D    778
     126     746       0       0       0       0       0       001010500D    779
     126       1       0       2       0                               0D    780
     508     748       0       0       0       0       0       000010000D    781
     508       1       0       2       1                               0D    782
     510     750       0       0       0       0       0       000010000D    783
     510       1     -41       1       1                               0D    784
     110     751       0       0       0       0       0       001010000D    785
     110       1       0       1       0                               0D    786
     110     752       0       0       0       0       0       001010001D    787
     110       1       0       1       0                               0D    788
     120     753       0       0       0       0       0       000010000D    789
     120       1       0       1       0                               0D    790
     126     754       0       0       0       0       0       001010500D    791
     126       1       0       2       0                               0D    792
     126     756       0       0       0       0       0       001010500D    793
     126       1       0       1       0                               0D    794
     126     757       0       0       0       0       0       001010500D    795
     126       1       0       1       0                               0D    796
     126     758       0       0       0       0       0       001010500D    797
     126       1       0       1       0                               0D    798
     508     759       0       0       0       0       0       000010000D    799
     508       1       0       2       1                               0D    800
     510     761       0       0       0       0       0       000010000D    801
     510       1     -41       1       1                               0D    802
     128     762       0       0       0       0       0       000010000D    803
     128       1       0       2       0                               0D    804
     126     764       0       0       0       0       0       001010500D    805
     126       1       0      10       0                               0D    806
     126     774       0       0       0       0       0       001010500D    807
     126       1       0       2       0                               0D    808
     126     776       0       0       0       0       0       001010500D    809
     126       1       0      16       0                               0D    810
     126     792       0       0       0       0       0       001010500D    811
     126       1       0       2       0                               0D    812
     126     794       0       0       0       0       0       001010500D    813
     126       1       0       2       0                               0D    814
     126     796       0       0       0       0       0       001010500D    815
     126       1       0       2       0                               0D    816
     126     798       0       0       0       0       0       001010500D    817
     126       1       0       2       0                               0D    818
     508     800       0       0       0       0       0       000010000D    819
     508       1       0       3       1                               0D    820
     510     803       0       0       0       0       0       000010000D    821
     510       1     -41       1       1                               0D    822
     110     804       0       0       0       0       0       001010000D    823
     110       1       0       1       0                               0D    824
     110     805       0       0       0       0       0       001010001D    825
     110       1       0       1       0                               0D    826
     120     806       0       0       0       0       0       000010000D    827
     120       1       0       1       0                               0D    828
     126     807       0       0       0       0       0       001010500D    829
     126       1       0       2       0                               0D    830
     126     809       0       0       0       0       0       001010500D    831
     126       1       0       1       0                               0D    832
     126     810       0       0       0       0       0       001010500D    833
     126       1       0       1       0                               0D    834
     126     811       0       0       0       0       0       001010500D    835
     126       1       0       1       0                               0D    836
     508     812       0       0       0       0       0       000010000D    837
     508       1       0       2       1                               0D    838
     510     814       0       0       0       0       0       000010000D    839
     510       1     -41       1       1                               0D    840
     128     815       0       0       0       0       0       000010000D    841
     128       1       0       2       0                               0D    842
     126     817       0       0       0       0       0       001010500D    843
     126       1       0       1       0                               0D    844
     126     818       0       0       0       0       0       001010500D    845
     126       1       0       1       0                               0D    846
     126     819       0       0       0       0       0       001010500D    847
     126       1       0       1       0                               0D    848
     126     820       0       0       0       0       0       001010500D    849
     126       1       0       1       0                               0D    850
     508     821       0       0       0       0       0       000010000D    851
     508       1       0       2       1                               0D    852
     510     823       0       0       0       0       0       000010000D    853
     510       1     -41       1       1                               0D    854
     128     824       0       0       0       0       0       000010000D    855
     128       1       0       2       0                               0D    856
     126     826       0       0       0       0       0       001010500D    857
     126       1       0       2       0                               0D    858
     126     828       0       0       0       0       0       001010500D    859
     126       1       0       2       0                               0D    860
     126     830       0       0       0       0       0       001010500D    861
     126       1       0       2       0                               0D    862
     126     832       0       0       0       0       0       001010500D    863
     126       1       0       2       0                               0D    864
     126     834       0       0       0       0       0       001010500D    865
     126       1       0       1       0                               0D    866
     126     835       0       0       0       0       0       001010500D    867
     126       1       0       2       0                               0D    868
     126     837       0       0       0       0       0       001010500D    869
     126       1       0       2       0                               0D    870
     126     839       0       0       0       0       0       001010500D    871
     126       1       0       2       0                               0D    872
     126     841       0       0       0       0       0       001010500D    873
     126       1       0       1       0                               0D    874
     126     842       0       0       0       0       0       001010500D    875
     126       1       0       1       0                               0D    876
     126     843       0       0       0       0       0       001010500D    877
     126       1       0       2       0                               0D    878
     508     845       0       0       0       0       0       000010000D    879
     508       1       0       4       1                               0D    880
     510     849       0       0       0       0       0       000010000D    881
     510       1     -41       1       1                               0D    882
     128     850       0       0       0       0       0       000010000D    883
     128       1       0       2       0                               0D    884
     126     852       0       0       0       0       0       001010500D    885
     126       1       0       1       0                               0D    886
     126     853       0       0       0       0       0       001010500D    887
     126       1       0       1       0                               0D    888
     126     854       0       0       0       0       0       001010500D    889
     126       1       0       1       0                               0D    890
     126     855       0       0       0       0       0       001010500D    891
     126       1       0       1       0                               0D    892
     508     856       0       0       0       0       0       000010000D    893
     508       1       0       2       1                               0D    894
     510     858       0       0       0       0       0       000010000D    895
     510       1     -41       1       1                               0D    896
     128     859       0       0       0       0       0       000010000D    897
     128       1       0       3       0                               0D    898
     126     862       0       0       0       0       0       001010500D    899
     126       1       0       2       0                               0D    900
     126     864       0       0       0       0       0       001010500D    901
     126       1       0       1       0                               0D    902
     126     865       0       0       0       0       0       001010500D    903
     126       1       0       2       0                               0D    904
     126     867       0       0       0       0       0       001010500D    905
     126       1       0       2       0                               0D    906
     126     869       0       0       0       0       0       001010500D    907
     126       1       0       2       0                               0D    908
     126     871       0       0       0       0       0       001010500D    909
     126       1       0       1       0                               0D    910
     126     872       0       0       0       0       0       001010500D    911
     126       1       0       1       0                               0D    912
     126     873       0       0       0       0       0       001010500D    913
     126       1       0       2       0                               0D    914
     126     875       0       0       0       0       0       001010500D    915
     126       1       0       2       0                               0D    916
     508     877       0       0       0       0       0       000010000D    917
     508       1       0       3       1                               0D    918
     510     880       0       0       0       0       0       000010000D    919
     510       1     -41       1       1                               0D    920
     110     881       0       0       0       0       0       001010000D    921
     110       1       0       1       0                               0D    922
     110     882       0       0       0       0       0       001010001D    923
     110       1       0       1       0                               0D    924
     120     883       0       0       0       0       0       000010000D    925
     120       1       0       1       0                               0D    926
     126     884       0       0       0       0       0       001010500D    927
     126       1       0       2       0                               0D    928
     126     886       0       0       0       0       0       001010500D    929
     126       1       0       1       0                               0D    930
     126     887       0       0       0       0       0       001010500D    931
     126       1       0       1       0                               0D    932
     126     888       0       0       0       0       0       001010500D    933
     126       1       0       1       0                               0D    934
     508     889       0       0       0       0       0       000010000D    935
     508       1       0       2       1                               0D    936
     510     891       0       0       0       0       0       000010000D    937
     510       1     -41       1       1                               0D    938
     128     892       0       0       0       0       0       000010000D    939
     128       1       0       2       0                               0D    940
     126     894       0       0       0       0       0       001010500D    941
     126       1       0      16       0                               0D    942
     126     910       0       0       0       0       0       001010500D    943
     126       1       0       2       0                               0D    944
     126     912       0       0       0       0       0       001010500D    945
     126       1       0      16       0                               0D    946
     126     928       0       0       0       0       0       001010500D    947
     126       1       0       2       0                               0D    948
     126     930       0       0       0       0       0       001010500D    949
     126       1       0      16       0                               0D    950
     126     946       0       0       0       0       0       001010500D    951
     126       1       0       2       0                               0D    952
     126     948       0       0       0       0       0       001010500D    953
     126       1       0      16       0                               0D    954
     126     964       0       0       0       0       0       001010500D    955
     126       1       0       2       0                               0D    956
     508     966       0       0       0       0       0       000010000D    957
     508       1       0       3       1                               0D    958
     510     969       0       0       0       0       0       000010000D    959
     510       1     -41       1       1                               0D    960
     128     970       0       0       0       0       0       000010000D    961
     128       1       0       2       0                               0D    962
     126     972       0       0       0       0       0       001010500D    963
     126       1       0       1       0                               0D    964
     126     973       0       0       0       0       0       001010500D    965
     126       1       0       1       0                               0D    966
     126     974       0       0       0       0       0       001010500D    967
     126       1       0       1       0                               0D    968
     126     975       0       0       0       0       0       001010500D    969
     126       1       0       1       0                               0D    970
     508     976       0       0       0       0       0       000010000D    971
     508       1       0       2       1                               0D    972
     510     978       0       0       0       0       0       000010000D    973
     510       1     -41       1       1                               0D    974
     128     979       0       0       0       0       0       000010000D    975
     128       1       0       2       0                               0D    976
     126     981       0       0       0       0       0       001010500D    977
     126       1       0       1       0                               0D    978
     126     982       0       0       0       0       0       001010500D    979
     126       1       0       1       0                               0D    980
     126     983       0       0       0       0       0       001010500D    981
     126       1       0       1       0                               0D    982
     126     984       0       0       0       0       0       001010500D    983
     126       1       0       1       0                               0D    984
     508     985       0       0       0       0       0       000010000D    985
     508       1       0       2       1                               0D    986
     510     987       0       0       0       0       0       000010000D    987
     510       1     -41       1       1                               0D    988
     128     988       0       0       0       0       0       000010000D    989
     128       1       0       2       0                               0D    990
     126     990       0       0       0       0       0       001010500D    991
     126       1       0       1       0                               0D    992
     126     991       0       0       0       0       0       001010500D    993
     126       1       0       1       0                               0D    994
     126     992       0       0       0       0       0       001010500D    995
     126       1       0       1       0                               0D    996
     126     993       0       0       0       0       0       001010500D    997
     126       1       0       1       0                               0D    998
     126     994       0       0       0       0       0       001010500D    999
     126       1       0       2       0                               0D   1000
     126     996       0       0       0       0       0       001010500D   1001
     126       1       0       2       0                               0D   1002
     126     998       0       0       0       0       0       001010500D   1003
     126       1       0       1       0                               0D   1004
     508     999       0       0       0       0       0       000010000D   1005
     508       1       0       3       1                               0D   1006
     510    1002       0       0       0       0       0       000010000D   1007
     510       1     -41       1       1                               0D   1008
     128    1003       0       0       0       0       0       000010000D   1009
     128       1       0       2       0                               0D   1010
     126    1005       0       0       0       0       0       001010500D   1011
     126       1       0       1       0                               0D   1012
     126    1006       0       0       0       0       0       001010500D   1013
     126       1       0       1       0                               0D   1014
     126    1007       0       0       0       0       0       001010500D   1015
     126       1       0       1       0                               0D   1016
     126    1008       0       0       0       0       0       001010500D   1017
     126       1       0       1       0                               0D   1018
     508    1009       0       0       0       0       0       000010000D   1019
     508       1       0       2       1                               0D   1020
     510    1011       0       0       0       0       0       000010000D   1021
     510       1     -41       1       1                               0D   1022
     128    1012       0       0       0       0       0       000010000D   1023
     128       1       0       3       0                               0D   1024
     126    1015       0       0       0       0       0       001010500D   1025
     126       1       0       2       0                               0D   1026
     126    1017       0       0       0       0       0       001010500D   1027
     126       1       0       2       0                               0D   1028
     126    1019       0       0       0       0       0       001010500D   1029
     126       1       0       2       0                               0D   1030
     126    1021       0       0       0       0       0       001010500D   1031
     126       1       0       1       0                               0D   1032
     126    1022       0       0       0       0       0       001010500D   1033
     126       1       0       1       0                               0D   1034
     126    1023       0       0       0       0       0       001010500D   1035
     126       1       0       2       0                               0D   1036
     508    1025       0       0       0       0       0       000010000D   1037
     508       1       0       3       1                               0D   1038
     510    1028       0       0       0       0       0       000010000D   1039
     510       1     -41       1       1                               0D   1040
     128    1029       0       0       0       0       0       000010000D   1041
     128       1       0       3       0                               0D   1042
     126    1032       0       0       0       0       0       001010500D   1043
     126       1       0       2       0                               0D   1044
     126    1034       0       0       0       0       0       001010500D   1045
     126       1       0       1       0                               0D   1046
     126    1035       0       0       0       0       0       001010500D   1047
     126       1       0       1       0                               0D   1048
     126    1036       0       0       0       0       0       001010500D   1049
     126       1       0       1       0                               0D   1050
     126    1037       0       0       0       0       0       001010500D   1051
     126       1       0       2       0                               0D   1052
     508    1039       0       0       0       0       0       000010000D   1053
     508       1       0       2       1                               0D   1054
     510    1041       0       0       0       0       0       000010000D   1055
     510       1     -41       1       1                               0D   1056
     128    1042       0       0       0       0       0       000010000D   1057
     128       1       0       3       0                               0D   1058
     126    1045       0       0       0       0       0       001010500D   1059
     126       1       0       2       0                               0D   1060
     126    1047       0       0       0       0       0       001010500D   1061
     126       1       0       2       0                               0D   1062
     126    1049       0       0       0       0       0       001010500D   1063
     126       1       0       1       0                               0D   1064
     126    1050       0       0       0       0       0       001010500D   1065
     126       1       0       1       0                               0D   1066
     126    1051       0       0       0       0       0       001010500D   1067
     126       1       0       2       0                               0D   1068
     126    1053       0       0       0       0       0       001010500D   1069
     126       1       0       2       0                               0D   1070
     508    1055       0       0       0       0       0       000010000D   1071
     508       1       0       3       1                               0D   1072
     510    1058       0       0       0       0       0       000010000D   1073
     510       1     -41       1       1                               0D   1074
     128    1059       0       0       0       0       0       000010000D   1075
     128       1       0       3       0                               0D   1076
     126    1062       0       0       0       0       0       001010500D   1077
     126       1       0       1       0                               0D   1078
     126    1063       0       0       0       0       0       001010500D   1079
     126       1       0       1       0                               0D   1080
     126    1064       0       0       0       0       0       001010500D   1081
     126       1       0       1       0                               0D   1082
     126    1065       0       0       0       0       0       001010500D   1083
     126       1       0       1       0                               0D   1084
     508    1066       0       0       0       0       0       000010000D   1085
     508       1       0       2       1                               0D   1086
     510    1068       0       0       0       0       0       000010000D   1087
     510       1     -41       1       1                               0D   1088
     128    1069       0       0       0       0       0       000010000D   1089
     128       1       0       2       0                               0D   1090
     126    1071       0       0       0       0       0       001010500D   1091
     126       1       0       2       0                               0D   1092
     126    1073       0       0       0       0       0       001010500D   1093
     126       1       0       1       0                               0D   1094
     126    1074       0       0       0       0       0       001010500D   1095
     126       1       0       1       0                               0D   1096
     126    1075       0       0       0       0       0       001010500D   1097
     126       1       0       2       0                               0D   1098
     126    1077       0       0       0       0       0       001010500D   1099
     126       1       0       2       0                               0D   1100
     126    1079       0       0       0       0       0       001010500D   1101
     126       1       0       2       0                               0D   1102
     508    1081       0       0       0       0       0       000010000D   1103
     508       1       0       3       1                               0D   1104
     510    1084       0       0       0       0       0       000010000D   1105
     510       1     -41       1       1                               0D   1106
     128    1085       0       0       0       0       0       000010000D   1107
     128       1       0       3       0                               0D   1108
     126    1088       0       0       0       0       0       001010500D   1109
     126       1       0       2       0                               0D   1110
     126    1090       0       0       0       0       0       001010500D   1111
     126       1       0       1       0                               0D   1112
     126    1091       0       0       0       0       0       001010500D   1113
     126       1       0       1       0                               0D   1114
     126    1092       0       0       0       0       0       001010500D   1115
     126       1       0       2       0                               0D   1116
     508    1094       0       0       0       0       0       000010000D   1117
     508       1       0       2       1                               0D   1118
     510    1096       0       0       0       0       0       000010000D   1119
     510       1     -41       1       1                               0D   1120
     128    1097       0       0       0       0       0       000010000D   1121
     128       1       0       3       0                               0D   1122
     126    1100       0       0       0       0       0       001010500D   1123
     126       1       0       1       0                               0D   1124
     126    1101       0       0       0       0       0       001010500D   1125
     126       1       0       2       0                               0D   1126
     126    1103       0       0       0       0       0       001010500D   1127
     126       1       0       2       0                               0D   1128
     126    1105       0       0       0       0       0       001010500D   1129
     126       1       0       1       0                               0D   1130
     508    1106       0       0       0       0       0       000010000D   1131
     508       1       0       2       1                               0D   1132
     510    1108       0       0       0       0       0       000010000D   1133
     510       1     -41       1       1                               0D   1134
     514    1109       0       0       0       0       0       000010000D   1135
     514       1       0       5       1                               0D   1136
     186    1114       0       0       0       0       0       000010000D   1137
     186       1       0       1       0                               0D   1138
     502    1115       0       0       0       0       0       000010000D   1139
     502       1       0       5       1                               0D   1140
     110    1120       0       0       0       0       0       000010000D   1141
     110       1       0       1       0                               0D   1142
     110    1121       0       0       0       0       0       000010000D   1143
     110       1       0       1       0                               0D   1144
     110    1122       0       0       0       0       0       000010000D   1145
     110       1       0       1       0                               0D   1146
     110    1123       0       0       0       0       0       000010000D   1147
     110       1       0       1       0                               0D   1148
     110    1124       0       0       0       0       0       000010000D   1149
     110       1       0       1       0                               0D   1150
     110    1125       0       0       0       0       0       000010000D   1151
     110       1       0       1       0                               0D   1152
     110    1126       0       0       0       0       0       000010000D   1153
     110       1       0       1       0                               0D   1154
     110    1127       0       0       0       0       0       000010000D   1155
     110       1       0       1       0                               0D   1156
     110    1128       0       0       0       0       0       000010000D   1157
     110       1       0       1       0                               0D   1158
     110    1129       0       0       0       0       0       000010000D   1159
     110       1       0       1       0                               0D   1160
     110    1130       0       0       0       0       0       000010000D   1161
     110       1       0       1       0                               0D   1162
     110    1131       0       0       0       0       0       000010000D   1163
     110       1       0       1       0                               0D   1164
     504    1132       0       0       0       0       0       000010000D   1165
     504       1       0       4       1                               0D   1166
     128    1136       0       0       0       0       0       000010000D   1167
     128       1       0       3       0                               0D   1168
     126    1139       0       0       0       0       0       001010500D   1169
     126       1       0       1       0                               0D   1170
     126    1140       0       0       0       0       0       001010500D   1171
     126       1       0       1       0                               0D   1172
     126    1141       0       0       0       0       0       001010500D   1173
     126       1       0       1       0                               0D   1174
     126    1142       0       0       0       0       0       001010500D   1175
     126       1       0       1       0                               0D   1176
     508    1143       0       0       0       0       0       000010000D   1177
     508       1       0       2       1                               0D   1178
     510    1145       0       0       0       0       0       000010000D   1179
     510       1     -41       1       1                               0D   1180
     128    1146       0       0       0       0       0       000010000D   1181
     128       1       0       3       0                               0D   1182
     126    1149       0       0       0       0       0       001010500D   1183
     126       1       0       1       0                               0D   1184
     126    1150       0       0       0       0       0       001010500D   1185
     126       1       0       1       0                               0D   1186
     126    1151       0       0       0       0       0       001010500D   1187
     126       1       0       1       0                               0D   1188
     126    1152       0       0       0       0       0       001010500D   1189
     126       1       0       1       0                               0D   1190
     508    1153       0       0       0       0       0       000010000D   1191
     508       1       0       2       1                               0D   1192
     510    1155       0       0       0       0       0       000010000D   1193
     510       1     -41       1       1                               0D   1194
     128    1156       0       0       0       0       0       000010000D   1195
     128       1       0       3       0                               0D   1196
     126    1159       0       0       0       0       0       001010500D   1197
     126       1       0       1       0                               0D   1198
     126    1160       0       0       0       0       0       001010500D   1199
     126       1       0       1       0                               0D   1200
     126    1161       0       0       0       0       0       001010500D   1201
     126       1       0       1       0                               0D   1202
     126    1162       0       0       0       0       0       001010500D   1203
     126       1       0       1       0                               0D   1204
     508    1163       0       0       0       0       0       000010000D   1205
     508       1       0       2       1                               0D   1206
     510    1165       0       0       0       0       0       000010000D   1207
     510       1     -41       1       1                               0D   1208
     128    1166       0       0       0       0       0       000010000D   1209
     128       1       0       3       0                               0D   1210
     126    1169       0       0       0       0       0       001010500D   1211
     126       1       0       1       0                               0D   1212
     126    1170       0       0       0       0       0       001010500D   1213
     126       1       0       1       0                               0D   1214
     126    1171       0       0       0       0       0       001010500D   1215
     126       1       0       1       0                               0D   1216
     126    1172       0       0       0       0       0       001010500D   1217
     126       1       0       1       0                               0D   1218
     508    1173       0       0       0       0       0       000010000D   1219
     508       1       0       2       1                               0D   1220
     510    1175       0       0       0       0       0       000010000D   1221
     510       1     -41       1       1                               0D   1222
     128    1176       0       0       0       0       0       000010000D   1223
     128       1       0       3       0                               0D   1224
     126    1179       0       0       0       0       0       001010500D   1225
     126       1       0       1       0                               0D   1226
     126    1180       0       0       0       0       0       001010500D   1227
     126       1       0       1       0                               0D   1228
     126    1181       0       0       0       0       0       001010500D   1229
     126       1       0       1       0                               0D   1230
     126    1182       0       0       0       0       0       001010500D   1231
     126       1       0       1       0                               0D   1232
     508    1183       0       0       0       0       0       000010000D   1233
     508       1       0       2       1                               0D   1234
     510    1185       0       0       0       0       0       000010000D   1235
     510       1     -41       1       1                               0D   1236
     128    1186       0       0       0       0       0       000010000D   1237
     128       1       0       3       0                               0D   1238
     126    1189       0       0       0       0       0       001010500D   1239
     126       1       0       1       0                               0D   1240
     126    1190       0       0       0       0       0       001010500D   1241
     126       1       0       1       0                               0D   1242
     126    1191       0       0       0       0       0       001010500D   1243
     126       1       0       1       0                               0D   1244
     126    1192       0       0       0       0       0       001010500D   1245
     126       1       0       1       0                               0D   1246
     508    1193       0       0       0       0       0       000010000D   1247
     508       1       0       2       1                               0D   1248
     510    1195       0       0       0       0       0       000010000D   1249
     510       1     -41       1       1                               0D   1250
     514    1196       0       0       0       0       0       000010000D   1251
     514       1       0       1       1                               0D   1252
     186    1197       0       0       0       0       0       000010000D   1253
     186       1       0       1       0                               0D   1254
     502    1198       0       0       0       0       0       000010000D   1255
     502       1       0       3       1                               0D   1256
     110    1201       0       0       0       0       0       000010000D   1257
     110       1       0       1       0                               0D   1258
     110    1202       0       0       0       0       0       000010000D   1259
     110       1       0       1       0                               0D   1260
     110    1203       0       0       0       0       0       000010000D   1261
     110       1       0       1       0                               0D   1262
     110    1204       0       0       0       0       0       000010000D   1263
     110       1       0       1       0                               0D   1264
     110    1205       0       0       0       0       0       000010000D   1265
     110       1       0       1       0                               0D   1266
     110    1206       0       0       0       0       0       000010000D   1267
     110       1       0       1       0                               0D   1268
     110    1207       0       0       0       0       0       000010000D   1269
     110       1       0       1       0                               0D   1270
     110    1208       0       0       0       0       0       000010000D   1271
     110       1       0       1       0                               0D   1272
     110    1209       0       0       0       0       0       000010000D   1273
     110       1       0       1       0                               0D   1274
     110    1210       0       0       0       0       0       000010000D   1275
     110       1       0       1       0                               0D   1276
     110    1211       0       0       0       0       0       000010000D   1277
     110       1       0       1       0                               0D   1278
     110    1212       0       0       0       0       0       000010000D   1279
     110       1       0       1       0                               0D   1280
     504    1213       0       0       0       0       0       000010000D   1281
     504       1       0       4       1                               0D   1282
     128    1217       0       0       0       0       0       000010000D   1283
     128       1       0       2       0                               0D   1284
     126    1219       0       0       0       0       0       001010500D   1285
     126       1       0       1       0                               0D   1286
     126    1220       0       0       0       0       0       001010500D   1287
     126       1       0       1       0                               0D   1288
     126    1221       0       0       0       0       0       001010500D   1289
     126       1       0       1       0                               0D   1290
     126    1222       0       0       0       0       0       001010500D   1291
     126       1       0       1       0                               0D   1292
     508    1223       0       0       0       0       0       000010000D   1293
     508       1       0       2       1                               0D   1294
     510    1225       0       0       0       0       0       000010000D   1295
     510       1     -41       1       1                               0D   1296
     128    1226       0       0       0       0       0       000010000D   1297
     128       1       0       2       0                               0D   1298
     126    1228       0       0       0       0       0       001010500D   1299
     126       1       0       1       0                               0D   1300
     126    1229       0       0       0       0       0       001010500D   1301
     126       1       0       1       0                               0D   1302
     126    1230       0       0       0       0       0       001010500D   1303
     126       1       0       1       0                               0D   1304
     126    1231       0       0       0       0       0       001010500D   1305
     126       1       0       1       0                               0D   1306
     508    1232       0       0       0       0       0       000010000D   1307
     508       1       0       2       1                               0D   1308
     510    1234       0       0       0       0       0       000010000D   1309
     510       1     -41       1       1                               0D   1310
     128    1235       0       0       0       0       0       000010000D   1311
     128       1       0       2       0                               0D   1312
     126    1237       0       0       0       0       0       001010500D   1313
     126       1       0       1       0                               0D   1314
     126    1238       0       0       0       0       0       001010500D   1315
     126       1       0       1       0                               0D   1316
     126    1239       0       0       0       0       0       001010500D   1317
     126       1       0       1       0                               0D   1318
     126    1240       0       0       0       0       0       001010500D   1319
     126       1       0       1       0                               0D   1320
     508    1241       0       0       0       0       0       000010000D   1321
     508       1       0       2       1                               0D   1322
     510    1243       0       0       0       0       0       000010000D   1323
     510       1     -41       1       1                               0D   1324
     128    1244       0       0       0       0       0       000010000D   1325
     128       1       0       3       0                               0D   1326
     126    1247       0       0       0       0       0       001010500D   1327
     126       1       0       1       0                               0D   1328
     126    1248       0       0       0       0       0       001010500D   1329
     126       1       0       1       0                               0D   1330
     126    1249       0       0       0       0       0       001010500D   1331
     126       1       0       1       0                               0D   1332
     126    1250       0       0       0       0       0       001010500D   1333
     126       1       0       1       0                               0D   1334
     508    1251       0       0       0       0       0       000010000D   1335
     508       1       0       2       1                               0D   1336
     510    1253       0       0       0       0       0       000010000D   1337
     510       1     -41       1       1                               0D   1338
     128    1254       0       0       0       0       0       000010000D   1339
     128       1       0       2       0                               0D   1340
     126    1256       0       0       0       0       0       001010500D   1341
     126       1       0       1       0                               0D   1342
     126    1257       0       0       0       0       0       001010500D   1343
     126       1       0       1       0                               0D   1344
     126    1258       0       0       0       0       0       001010500D   1345
     126       1       0       1       0                               0D   1346
     126    1259       0       0       0       0       0       001010500D   1347
     126       1       0       1       0                               0D   1348
     508    1260       0       0       0       0       0       000010000D   1349
     508       1       0       2       1                               0D   1350
     510    1262       0       0       0       0       0       000010000D   1351
     510       1     -41       1       1                               0D   1352
     128    1263       0       0       0       0       0       000010000D   1353
     128       1       0       2       0                               0D   1354
     126    1265       0       0       0       0       0       001010500D   1355
     126       1       0       1       0                               0D   1356
     126    1266       0       0       0       0       0       001010500D   1357
     126       1       0       1       0                               0D   1358
     126    1267       0       0       0       0       0       001010500D   1359
     126       1       0       1       0                               0D   1360
     126    1268       0       0       0       0       0       001010500D   1361
     126       1       0       1       0                               0D   1362
     508    1269       0       0       0       0       0       000010000D   1363
     508       1       0       2       1                               0D   1364
     510    1271       0       0       0       0       0       000010000D   1365
     510       1     -41       1       1                               0D   1366
     514    1272       0       0       0       0       0       000010000D   1367
     514       1       0       1       1                               0D   1368
     186    1273       0       0       0       0       0       000010000D   1369
     186       1       0       1       0                               0D   1370
502,8,1200,2100,322.5,1200,900,322.5,1210,900,322.5,1210,2100,         1P      1
322.5,1200,900,-677.5,1210,900,-677.5,1200,2100,-677.5,1210,           1P      2
2100,-677.5;                                                           1P      3
110,1200,2100,322.5,1200,900,322.5;                                    3P      4
110,1200,900,322.5,1210,900,322.5;                                     5P      5
110,1210,2100,322.5,1210,900,322.5;                                    7P      6
110,1200,2100,322.5,1210,2100,322.5;                                   9P      7
110,1200,900,322.5,1200,900,-677.5;                                   11P      8
110,1200,900,-677.5,1210,900,-677.5;                                  13P      9
110,1210,900,322.5,1210,900,-677.5;                                   15P     10
110,1200,900,-677.5,1200,2100,-677.5;                                 17P     11
110,1200,2100,-677.5,1210,2100,-677.5;                                19P     12
110,1210,900,-677.5,1210,2100,-677.5;                                 21P     13
110,1200,2100,-677.5,1200,2100,322.5;                                 23P     14
110,1210,2100,-677.5,1210,2100,322.5;                                 25P     15
504,12,3,1,1,1,2,5,1,2,1,3,7,1,4,1,3,9,1,1,1,4,11,1,2,1,5,13,1,       27P     16
5,1,6,15,1,3,1,6,17,1,5,1,7,19,1,7,1,8,21,1,6,1,8,23,1,7,1,1,25,      27P     17
1,8,1,4;                                                              27P     18
128,1,1,1,1,0,0,1,0,0,0,0,1,1,0,0,1,1,1,1,1,1,1200,2100,322.5,        29P     19
1200,900,322.5,1210,2100,322.5,1210,900,322.5,0,1,0,1;                29P     20
126,1,1,1,0,1,0,0,0,1,1,1,1,0,0,0,1,0,0,0,1,0,0,1;                    31P     21
126,1,1,1,0,1,0,0,0,1,1,1,1,1,0,0,1,1,0,0,1,0,0,1;                    33P     22
126,1,1,1,0,1,0,0,0,1,1,1,1,0,1,0,1,1,0,0,1,0,0,1;                    35P     23
126,1,1,1,0,1,0,0,0,1,1,1,1,0,0,0,0,1,0,0,1,0,0,1;                    37P     24
508,4,0,27,1,1,1,0,31,0,27,2,1,1,0,33,0,27,3,0,1,0,35,0,27,4,0,       39P     25
1,0,37;                                                               39P     26
314,56.4705882352941,56.4705882352941,56.4705882352941,1H ;           41P     27
510,29,1,1,39;                                                        43P     28
128,1,1,1,1,0,0,1,0,0,0,0,1,1,0,0,1,1,1,1,1,1,1200,900,322.5,         45P     29
1200,900,-677.5,1210,900,322.5,1210,900,-677.5,0,1,0,1;               45P     30
126,1,1,1,0,1,0,0,0,1,1,1,1,0,0,0,1,0,0,0,1,0,0,1;                    47P     31
126,1,1,1,0,1,0,0,0,1,1,1,1,1,0,0,1,1,0,0,1,0,0,1;                    49P     32
126,1,1,1,0,1,0,0,0,1,1,1,1,0,1,0,1,1,0,0,1,0,0,1;                    51P     33
126,1,1,1,0,1,0,0,0,1,1,1,1,0,0,0,0,1,0,0,1,0,0,1;                    53P     34
508,4,0,27,5,1,1,0,47,0,27,6,1,1,0,49,0,27,7,0,1,0,51,0,27,2,0,       55P     35
1,0,53;                                                               55P     36
510,45,1,1,55;                                                        57P     37
128,1,1,1,1,0,0,1,0,0,0,0,1,1,0,0,1,1,1,1,1,1,1200,900,-677.5,        59P     38
1200,2100,-677.5,1210,900,-677.5,1210,2100,-677.5,0,1,0,1;            59P     39
126,1,1,1,0,1,0,0,0,1,1,1,1,0,0,0,1,0,0,0,1,0,0,1;                    61P     40
126,1,1,1,0,1,0,0,0,1,1,1,1,1,0,0,1,1,0,0,1,0,0,1;                    63P     41
126,1,1,1,0,1,0,0,0,1,1,1,1,0,1,0,1,1,0,0,1,0,0,1;                    65P     42
126,1,1,1,0,1,0,0,0,1,1,1,1,0,0,0,0,1,0,0,1,0,0,1;                    67P     43
508,4,0,27,8,1,1,0,61,0,27,9,1,1,0,63,0,27,10,0,1,0,65,0,27,6,0,      69P     44
1,0,67;                                                               69P     45
510,59,1,1,69;                                                        71P     46
128,1,1,1,1,0,0,1,0,0,0,0,1,1,0,0,1,1,1,1,1,1,1200,2100,-677.5,       73P     47
1200,2100,322.5,1210,2100,-677.5,1210,2100,322.5,0,1,0,1;             73P     48
126,1,1,1,0,1,0,0,0,1,1,1,1,0,0,0,1,0,0,0,1,0,0,1;                    75P     49
126,1,1,1,0,1,0,0,0,1,1,1,1,1,0,0,1,1,0,0,1,0,0,1;                    77P     50
126,1,1,1,0,1,0,0,0,1,1,1,1,0,1,0,1,1,0,0,1,0,0,1;                    79P     51
126,1,1,1,0,1,0,0,0,1,1,1,1,0,0,0,0,1,0,0,1,0,0,1;                    81P     52
508,4,0,27,11,1,1,0,75,0,27,4,1,1,0,77,0,27,12,0,1,0,79,0,27,9,       83P     53
0,1,0,81;                                                             83P     54
510,73,1,1,83;                                                        85P     55
128,1,1,1,1,0,0,1,0,0,0,0,1,1,0,0,1,1,1,1,1,1,1210,900,322.5,         87P     56
1210,900,-677.5,1210,2100,322.5,1210,2100,-677.5,0,1,0,1;             87P     57
126,1,1,1,0,1,0,0,0,1,1,1,1,0,1,0,0,0,0,0,1,0,0,1;                    89P     58
126,1,1,1,0,1,0,0,0,1,1,1,1,0,0,0,1,0,0,0,1,0,0,1;                    91P     59
126,1,1,1,0,1,0,0,0,1,1,1,1,1,0,0,1,1,0,0,1,0,0,1;                    93P     60
126,1,1,1,0,1,0,0,0,1,1,1,1,1,1,0,0,1,0,0,1,0,0,1;                    95P     61
508,4,0,27,3,1,1,0,89,0,27,7,1,1,0,91,0,27,10,1,1,0,93,0,27,12,       97P     62
1,1,0,95;                                                             97P     63
510,87,1,1,97;                                                        99P     64
128,1,1,1,1,0,0,1,0,0,0,0,1,1,0,0,1,1,1,1,1,1,1200,900,322.5,        101P     65
1200,900,-677.5,1200,2100,322.5,1200,2100,-677.5,0,1,0,1;            101P     66
126,1,1,1,0,1,0,0,0,1,1,1,1,1,1,0,0,1,0,0,1,0,0,1;                   103P     67
126,1,1,1,0,1,0,0,0,1,1,1,1,1,0,0,1,1,0,0,1,0,0,1;                   105P     68
126,1,1,1,0,1,0,0,0,1,1,1,1,0,0,0,1,0,0,0,1,0,0,1;                   107P     69
126,1,1,1,0,1,0,0,0,1,1,1,1,0,1,0,0,0,0,0,1,0,0,1;                   109P     70
508,4,0,27,11,0,1,0,103,0,27,8,0,1,0,105,0,27,5,0,1,0,107,0,27,      111P     71
1,0,1,0,109;                                                         111P     72
510,101,1,1,111;                                                     113P     73
514,6,43,1,57,1,71,1,85,1,99,1,113,0;                                115P     74
186,115,1,0;                                                         117P     75
502,76,600,2100,-1187.5,600,2100,-1177.5,600,900,-1187.5,600,        119P     76
900,-1177.5,600,770,-1177.5,600,628.578643762691,                    119P     77
-1036.07864376269,600,558.578643762691,-1036.07864376269,600,        119P     78
700,-1177.5,600,700,-1227.5,600,2550,-1227.5,600,2650,-1127.5,       119P     79
600,2650,-812.102540378443,600,2600,-725.5,600,2600,-1177.5,         119P     80
1200,700,-1177.5,1200,200,-1177.5,1000,8.12260478686716E-14,         119P     81
-1177.5,-1000,6.70151931534696E-14,-1177.5,-1200,200,-1177.5,        119P     82
-1200,2400,-1177.5,-1000,2600,-1177.5,-800,2600,-1177.5,-800,        119P     83
700,-1177.5,-700,600,-1177.5,500,600,-1177.5,1200,770,-1177.5,       119P     84
1050,900,-1177.5,1050,2100,-1177.5,1000,2600,-1177.5,1200,2400,      119P     85
-1177.5,1200,558.578643762691,-1036.07864376269,1200,                119P     86
628.578643762691,-1036.07864376269,1200,2400,1177.5,1200,200,        119P     87
1177.5,1200,900,322.5,1200,2100,322.5,1200,2100,-677.5,1200,900,     119P     88
-677.5,1050,2100,-1177.5,1050,2100,-1187.5,1050,900,-1187.5,         119P     89
1050,900,-1177.5,500,600,-1227.5,-800,2550,-1227.5,-700,600,         119P     90
-1227.5,-800,700,-1227.5,450,898.883965022518,-1227.5,450,           119P     91
2098.88396502252,-1227.5,-600,2098.88396502252,-1227.5,-600,         119P     92
898.883965022518,-1227.5,-800,2650,-1127.5,-800,2650,                119P     93
-812.102540378444,-800,2600,-725.5,-1000,2600,1177.5,1000,2600,      119P     94
1177.5,1000,-6.70151931534696E-14,1177.5,-1000,                      119P     95
-3.38565321513316E-14,1177.5,-1200,200,1177.5,-1200,2400,1177.5,     119P     96
-1200,2100,322.5,-1200,900,322.5,-1200,900,-677.5,-1200,2100,        119P     97
-677.5,450,900,-627.5,-600,900,-627.5,-600,900,-677.5,1050,900,      119P     98
-677.5,450,900,-1177.5,1050,2100,-677.5,450,2100,-677.5,450,         119P     99
2100,-1177.5,450,2098.88396502252,-1177.5,450,898.883965022518,      119P    100
-627.5,450,2098.88396502252,-677.5,-600,2098.88396502252,-677.5,     119P    101
-600,898.883965022518,-627.5;                                        119P    102
110,600,2100,-1187.5,600,2100,-1177.5;                               121P    103
110,600,900,-1187.5,600,2100,-1187.5;                                123P    104
110,600,900,-1177.5,600,900,-1187.5;                                 125P    105
110,600,900,-1177.5,600,770,-1177.5;                                 127P    106
110,600,770,-1177.5,600,628.578643762691,-1036.07864376269;          129P    107
110,600,628.578643762691,-1036.07864376269,600,558.578643762691,     131P    108
-1036.07864376269;                                                   131P    109
110,600,558.578643762691,-1036.07864376269,600,700,-1177.5;          133P    110
110,600,700,-1177.5,600,700,-1227.5;                                 135P    111
110,600,2550,-1227.5,600,700,-1227.5;                                137P    112
124,0,0,1,600,0,1,0,2550,-1,0,0,-1127.5;                             139P    113
100,0,0,0,100,0,5.0532154980743E-14,100;                             141P    114
110,600,2650,-812.102540378443,600,2650,-1127.5;                     143P    115
124,0,0,1,600,1,-1.13686837721616E-15,0,2550,                        145P    116
1.13686837721616E-15,1,0,-812.102540378444;                          145P    117
100,0,0,0,100,0,50.0000000000002,86.6025403784438;                   147P    118
110,600,2600,-725.5,600,2600,-1177.5;                                149P    119
110,600,2600,-1177.5,600,2100,-1177.5;                               151P    120
110,1200,700,-1177.5,600,700,-1177.5;                                153P    121
110,1200,200,-1177.5,1200,700,-1177.5;                               155P    122
124,1,-2.8421709430404E-16,0,1000,-2.8421709430404E-16,-1,           157P    123
8.74514136320123E-17,200,-2.48551866752713E-32,                      157P    124
-8.74514136320123E-17,-1,-1177.5;                                    157P    125
100,0,0,0,200,0,1.01064309961486E-13,200;                            159P    126
110,1000,7.21010802998004E-14,-1177.5,-1000,                         161P    127
7.21010802998004E-14,-1177.5;                                        161P    128
124,0,-1,0,-1000,-1,0,8.74514136320123E-17,200,                      163P    129
-8.74514136320123E-17,0,-1,-1177.5;                                  163P    130
100,0,0,0,200,0,1.22464679914735E-14,200;                            165P    131
110,-1200,200,-1177.5,-1200,2400,-1177.5;                            167P    132
124,-1,0,0,-1000,0,1,8.74514136320123E-17,2400,0,                    169P    133
8.74514136320123E-17,-1,-1177.5;                                     169P    134
100,0,0,0,200,0,1.22464679914735E-14,200;                            171P    135
110,-800,2600,-1177.5,-1000,2600,-1177.5;                            173P    136
110,-800,700,-1177.5,-800,2600,-1177.5;                              175P    137
124,-1,0,0,-700,0,-1,-8.74514136320123E-17,700,0,                    177P    138
-8.74514136320123E-17,1,-1177.5;                                     177P    139
100,0,0,0,100,0,1.83758917935762E-13,100;                            179P    140
110,500,600,-1177.5,-700,600,-1177.5;                                181P    141
124,0,1,0,500,-1,0,-8.74514136320123E-17,700,                        183P    142
-8.74514136320123E-17,0,1,-1177.5;                                   183P    143
100,0,0,0,99.9999999999999,0,-2.15921370929294E-13,                  185P    144
99.9999999999999;                                                    185P    145
110,600,770,-1177.5,1200,770,-1177.5;                                187P    146
110,1050,900,-1177.5,600,900,-1177.5;                                189P    147
110,1050,2100,-1177.5,1050,900,-1177.5;                              191P    148
110,600,2100,-1177.5,1050,2100,-1177.5;                              193P    149
110,1000,2600,-1177.5,600,2600,-1177.5;                              195P    150
124,5.68434188608081E-16,1,0,1000,1,-5.68434188608081E-16,           197P    151
8.74514136320123E-17,2400,8.74514136320123E-17,                      197P    152
-4.97103733505426E-32,-1,-1177.5;                                    197P    153
100,0,0,0,200,0,1.01064309961486E-13,200;                            199P    154
110,1200,770,-1177.5,1200,2400,-1177.5;                              201P    155
110,1200,628.578643762691,-1036.07864376269,1200,                    203P    156
558.578643762691,-1036.07864376269;                                  203P    157
110,1200,770,-1177.5,1200,628.578643762691,-1036.07864376269;        205P    158
110,1200,2400,1177.5,1200,2400,-1177.5;                              207P    159
110,1200,200,1177.5,1200,2400,1177.5;                                209P    160
110,1200,200,1177.5,1200,200,-1177.5;                                211P    161
110,1200,558.578643762691,-1036.07864376269,1200,700,-1177.5;        213P    162
110,1200,2100,322.5,1200,900,322.5;                                  215P    163
110,1200,2100,-677.5,1200,2100,322.5;                                217P    164
110,1200,900,-677.5,1200,2100,-677.5;                                219P    165
110,1200,900,322.5,1200,900,-677.5;                                  221P    166
110,600,628.578643762691,-1036.07864376269,1200,                     223P    167
628.578643762691,-1036.07864376269;                                  223P    168
110,600,558.578643762691,-1036.07864376269,1200,                     225P    169
558.578643762691,-1036.07864376269;                                  225P    170
110,600,2100,-1177.5,1050,2100,-1177.5;                              227P    171
110,1050,2100,-1177.5,1050,2100,-1187.5;                             229P    172
110,600,2100,-1187.5,1050,2100,-1187.5;                              231P    173
110,1050,2100,-1187.5,1050,900,-1187.5;                              233P    174
110,1050,900,-1187.5,600,900,-1187.5;                                235P    175
110,1050,900,-1177.5,1050,900,-1187.5;                               237P    176
110,1050,900,-1177.5,600,900,-1177.5;                                239P    177
110,500,600,-1177.5,500,600,-1227.5;                                 241P    178
124,1,2.27373675443232E-15,0,500,2.27373675443232E-15,-1,            243P    179
8.74514136320123E-17,700,1.9884149340217E-31,                        243P    180
-8.74514136320123E-17,-1,-1227.5;                                    243P    181
100,0,0,0,100,0,-1.27103528959282E-13,100;                           245P    182
110,600,2550,-1227.5,-800,2550,-1227.5;                              247P    183
110,500,600,-1227.5,-700,600,-1227.5;                                249P    184
124,-1.13686837721616E-15,-1,0,-700,-1,1.13686837721616E-15,         251P    185
8.74514136320123E-17,700,-8.74514136320123E-17,                      251P    186
9.94207467010851E-32,-1,-1227.5;                                     251P    187
100,0,0,0,100,0,1.83758917935762E-13,100;                            253P    188
110,-800,700,-1227.5,-800,2550,-1227.5;                              255P    189
110,450,2098.88396502252,-1227.5,450,898.883965022518,-1227.5;       257P    190
110,-600,2098.88396502252,-1227.5,450,2098.88396502252,-1227.5;      259P    191
110,-600,898.883965022518,-1227.5,-600,2098.88396502252,-1227.5;     261P    192
110,450,898.883965022518,-1227.5,-600,898.883965022518,-1227.5;      263P    193
124,0,0,-1,-800,1,0,0,2550,0,-1,0,-1127.5;                           265P    194
100,0,0,0,100,0,-2.38125831421798E-13,100;                           267P    195
110,600,2650,-1127.5,-800,2650,-1127.5;                              269P    196
110,-800,2650,-812.102540378444,600,2650,-812.102540378443;          271P    197
110,-800,2650,-1127.5,-800,2650,-812.102540378444;                   273P    198
110,-800,2600,-725.5,600,2600,-725.5;                                275P    199
124,0,0,-1,-800,0.500000000000001,0.866025403784438,0,2550,          277P    200
0.866025403784438,-0.500000000000001,0,-812.102540378444;            277P    201
100,0,0,0,99.9999999999998,0,50,86.6025403784437;                    279P    202
110,-800,2600,-1177.5,-800,2600,-725.5;                              281P    203
110,-1000,2600,-1177.5,-1000,2600,1177.5;                            283P    204
110,-1000,2600,1177.5,1000,2600,1177.5;                              285P    205
110,1000,2600,1177.5,1000,2600,-1177.5;                              287P    206
124,1.70530256582424E-15,1,0,1000,-1,1.70530256582424E-15,           289P    207
-8.74514136320123E-17,200,-8.74514136320123E-17,                     289P    208
1.49131120051628E-31,1,1177.5;                                       289P    209
100,0,0,0,200,0,3.67517835871524E-13,200;                            291P    210
110,1000,-7.21010802998004E-14,1177.5,1000,7.21010802998004E-14,     293P    211
-1177.5;                                                             293P    212
110,-1000,-7.21010802998004E-14,1177.5,1000,                         295P    213
-7.21010802998004E-14,1177.5;                                        295P    214
110,-1000,7.21010802998004E-14,-1177.5,-1000,                        297P    215
-7.21010802998004E-14,1177.5;                                        297P    216
110,-1200,200,-1177.5,-1200,200,1177.5;                              299P    217
124,-1,7.105427357601E-16,0,-1000,-7.105427357601E-16,-1,            301P    218
-8.74514136320123E-17,200,-6.21379666881782E-32,                     301P    219
-8.74514136320123E-17,1,1177.5;                                      301P    220
100,0,0,0,200,0,1.89882151931499E-13,200;                            303P    221
110,-1200,2400,-1177.5,-1200,2400,1177.5;                            305P    222
110,-1200,200,1177.5,-1200,2400,1177.5;                              307P    223
110,-1200,900,322.5,-1200,2100,322.5;                                309P    224
110,-1200,900,-677.5,-1200,900,322.5;                                311P    225
110,-1200,2100,-677.5,-1200,900,-677.5;                              313P    226
110,-1200,2100,322.5,-1200,2100,-677.5;                              315P    227
124,0,-1,0,-1000,1,0,-8.74514136320123E-17,2400,                     317P    228
8.74514136320123E-17,0,1,1177.5;                                     317P    229
100,0,0,0,200,0,4.56335677841535E-13,200;                            319P    230
110,-800,700,-1177.5,-800,700,-1227.5;                               321P    231
110,-700,600,-1177.5,-700,600,-1227.5;                               323P    232
110,-600,900,-627.5,450,900,-627.5;                                  325P    233
110,-600,900,-627.5,-600,900,-677.5;                                 327P    234
110,-1200,900,-677.5,-600,900,-677.5;                                329P    235
110,-1200,900,322.5,1200,900,322.5;                                  331P    236
110,1050,900,-677.5,1200,900,-677.5;                                 333P    237
110,1050,900,-677.5,1050,900,-1177.5;                                335P    238
110,450,900,-1177.5,600,900,-1177.5;                                 337P    239
110,450,900,-627.5,450,900,-1177.5;                                  339P    240
110,1050,2100,-677.5,1050,900,-677.5;                                341P    241
110,1050,2100,-677.5,1050,2100,-1177.5;                              343P    242
110,-1200,2100,322.5,1200,2100,322.5;                                345P    243
110,-1200,2100,-677.5,450,2100,-677.5;                               347P    244
110,450,2100,-1177.5,450,2100,-677.5;                                349P    245
110,600,2100,-1177.5,450,2100,-1177.5;                               351P    246
110,1050,2100,-677.5,1200,2100,-677.5;                               353P    247
124,1,0,0,1000,0,1,-8.74514136320123E-17,2400,0,                     355P    248
8.74514136320123E-17,1,1177.5;                                       355P    249
100,0,0,0,200,0,1.22464679914735E-14,200;                            357P    250
110,1050,2100,-1177.5,1050,900,-1177.5;                              359P    251
110,450,2100,-1177.5,450,2098.88396502252,-1177.5;                   361P    252
110,450,2098.88396502252,-1177.5,450,900,-1177.5;                    363P    253
110,450,2098.88396502252,-1177.5,450,2098.88396502252,-1227.5;       365P    254
110,450,898.883965022518,-627.5,450,898.883965022518,-1227.5;        367P    255
110,450,900,-627.5,450,898.883965022518,-627.5;                      369P    256
110,450,2098.88396502252,-1177.5,450,2098.88396502252,-677.5;        371P    257
110,-600,2098.88396502252,-677.5,450,2098.88396502252,-677.5;        373P    258
110,-600,2098.88396502252,-677.5,-600,2098.88396502252,-1227.5;      375P    259
110,-600,898.883965022518,-627.5,-600,900,-627.5;                    377P    260
110,-600,898.883965022518,-627.5,-600,898.883965022518,-1227.5;      379P    261
110,-600,900,-677.5,-600,2098.88396502252,-677.5;                    381P    262
110,450,898.883965022518,-627.5,-600,898.883965022518,-627.5;        383P    263
110,450,2098.88396502252,-677.5,450,2100,-677.5;                     385P    264
504,117,121,119,1,119,2,123,119,3,119,1,125,119,4,119,3,127,119,     387P    265
4,119,5,129,119,5,119,6,131,119,6,119,7,133,119,7,119,8,135,119,     387P    266
8,119,9,137,119,10,119,9,141,119,10,119,11,143,119,12,119,11,        387P    267
147,119,12,119,13,149,119,13,119,14,151,119,14,119,2,153,119,15,     387P    268
119,8,155,119,16,119,15,159,119,16,119,17,161,119,17,119,18,165,     387P    269
119,18,119,19,167,119,19,119,20,171,119,20,119,21,173,119,22,        387P    270
119,21,175,119,23,119,22,179,119,23,119,24,181,119,25,119,24,        387P    271
185,119,25,119,8,187,119,5,119,26,189,119,27,119,4,191,119,28,       387P    272
119,27,193,119,2,119,28,195,119,29,119,14,199,119,29,119,30,201,     387P    273
119,26,119,30,203,119,32,119,31,205,119,26,119,32,207,119,33,        387P    274
119,30,209,119,34,119,33,211,119,34,119,16,213,119,31,119,15,        387P    275
215,119,36,119,35,217,119,37,119,36,219,119,38,119,37,221,119,       387P    276
35,119,38,223,119,6,119,32,225,119,7,119,31,227,119,2,119,39,        387P    277
229,119,39,119,40,231,119,1,119,40,233,119,40,119,41,235,119,41,     387P    278
119,3,237,119,42,119,41,239,119,42,119,4,241,119,25,119,43,245,      387P    279
119,9,119,43,247,119,10,119,44,249,119,43,119,45,253,119,45,119,     387P    280
46,255,119,46,119,44,257,119,48,119,47,259,119,49,119,48,261,        387P    281
119,50,119,49,263,119,47,119,50,267,119,51,119,44,269,119,11,        387P    282
119,51,271,119,52,119,12,273,119,51,119,52,275,119,53,119,13,        387P    283
279,119,53,119,52,281,119,22,119,53,283,119,21,119,54,285,119,       387P    284
54,119,55,287,119,55,119,29,291,119,56,119,34,293,119,56,119,17,     387P    285
295,119,57,119,56,297,119,18,119,57,299,119,19,119,58,303,119,       387P    286
58,119,57,305,119,20,119,59,307,119,58,119,59,309,119,61,119,60,     387P    287
311,119,62,119,61,313,119,63,119,62,315,119,60,119,63,319,119,       387P    288
54,119,59,321,119,23,119,46,323,119,24,119,45,325,119,65,119,64,     387P    289
327,119,65,119,66,329,119,62,119,66,331,119,61,119,35,333,119,       387P    290
67,119,38,335,119,67,119,27,337,119,68,119,4,339,119,64,119,68,      387P    291
341,119,69,119,67,343,119,69,119,28,345,119,60,119,36,347,119,       387P    292
63,119,70,349,119,71,119,70,351,119,2,119,71,353,119,69,119,37,      387P    293
357,119,33,119,55,359,119,39,119,42,361,119,71,119,72,363,119,       387P    294
72,119,68,365,119,72,119,48,367,119,73,119,47,369,119,64,119,73,     387P    295
371,119,72,119,74,373,119,75,119,74,375,119,75,119,49,377,119,       387P    296
76,119,65,379,119,76,119,50,381,119,66,119,75,383,119,73,119,76,     387P    297
385,119,74,119,70;                                                   387P    298
128,1,1,1,1,0,0,1,0,0,0,0,1,1,0,0,1,1,1,1,1,1,600,2650,-725.5,       389P    299
600,558.57864376269,-725.5,600,2650,-1227.5,600,558.57864376269,     389P    300
-1227.5,0,1,0,1;                                                     389P    301
126,1,1,1,0,1,0,0,0,1,1,1,1,0.262979049324383,0.920318725099601,     391P    302
0,0.262979049324383,0.900398406374502,0,0,1,0,0,1;                   391P    303
126,1,1,1,0,1,0,0,0,1,1,1,1,0.836751520577583,0.920318725099601,     393P    304
0,0.262979049324383,0.920318725099602,0,0,1,0,0,1;                   393P    305
126,1,1,1,0,1,0,0,0,1,1,1,1,0.836751520577583,0.900398406374502,     395P    306
0,0.836751520577583,0.920318725099601,0,0,1,0,0,1;                   395P    307
126,1,1,1,0,1,0,0,0,1,1,1,1,0.836751520577583,0.900398406374502,     397P    308
0,0.898910204963347,0.900398406374502,0,0,1,0,0,1;                   397P    309
126,1,1,1,0,1,0,0,0,1,1,1,1,0.898910204963346,0.900398406374502,     399P    310
0,0.966529939176896,0.618682557296197,0,0,1,0,0,1;                   399P    311
126,1,1,1,0,1,0,0,0,1,1,1,1,0.966529939176896,0.618682557296197,     401P    312
0,1,0.618682557296197,0,0,1,0,0,1;                                   401P    313
126,1,1,1,0,1,0,0,0,1,1,1,1,1,0.618682557296197,0,                   403P    314
0.93238026578645,0.900398406374502,0,0,1,0,0,1;                      403P    315
126,1,1,1,0,1,0,0,0,1,1,1,1,0.93238026578645,0.900398406374502,      405P    316
0,0.93238026578645,1,0,0,1,0,0,1;                                    405P    317
126,1,1,1,0,1,0,0,0,1,1,1,1,0.0478143726044333,1,0,                  407P    318
0.93238026578645,1,0,0,1,0,0,1;                                      407P    319
126,16,3,1,0,1,0,0,0,0,0,0.0714285714285714,0.142857142857143,       409P    320
0.214285714285714,0.285714285714286,0.357142857142857,               409P    321
0.428571428571429,0.5,0.571428571428572,0.642857142857143,           409P    322
0.714285714285714,0.785714285714286,0.857142857142857,               409P    323
0.928571428571429,1,1,1,1,1,1,1,1,1,1,1,1,1,1,1,1,1,1,1,1,1,         409P    324
0.0478143726044333,1,0,0.0460261192507418,1,0,                       409P    325
0.0424496180055307,0.999163214268965,0,0.0371523266579474,           409P    326
0.995413463078434,0,0.0319891178984374,0.989216294590791,0,          409P    327
0.0270249205843007,0.980649641795493,0,0.02232216277593,             409P    328
0.969821235321762,0,0.0179399842744914,0.95686724866441,0,           409P    329
0.0139334935458776,0.941950585719436,0,0.0103530745279475,           409P    330
0.925258832186787,0,0.00724375306931514,0.907001896519949,0,         409P    331
0.00464463069084223,0.887409370397164,0,0.00258839286463158,         409P    332
0.866727640757002,0,0.00110089797436527,0.845216794011283,0,         409P    333
0.000200852131363602,0.823147335336887,0,0,0.808246994530425,0,      409P    334
0,0.800796812749004,0,0,1,0,0,1;                                     409P    335
126,1,1,1,0,1,0,0,0,1,1,1,1,0,0.172515020674191,0,0,                 411P    336
0.800796812749004,0,0,1,0,0,1;                                       411P    337
126,12,3,1,0,1,0,0,0,0,0,0.1,0.2,0.3,0.4,0.5,0.6,0.7,0.8,0.9,1,      413P    338
1,1,1,1,1,1,1,1,1,1,1,1,1,1,1,1,0,0.172515020674191,0,0,             413P    339
0.165561517678197,0,0.000174940872165089,0.151654527800174,0,        413P    340
0.000959299763586913,0.131022581979047,0,0.00225701263837529,        413P    341
0.110845239462932,0,0.00405386148144722,0.0913435630490925,0,        413P    342
0.0063301596455706,0.072731218351021,0,0.00906096751414657,          413P    343
0.0552121258389803,0,0.0122163658502682,0.0389782282834535,0,        413P    344
0.0157617832047843,0.0242073882290931,0,0.0196583761563575,          413P    345
0.0110614359002269,0,0.0224617583250303,0.00347675149799664,0,       413P    346
0.0239071863022166,0,0,0,1,0,0,1;                                    413P    347
126,1,1,1,0,1,0,0,0,1,1,1,1,0.0239071863022167,0,0,                  415P    348
0.0239071863022167,0.900398406374502,0,0,1,0,0,1;                    415P    349
126,1,1,1,0,1,0,0,0,1,1,1,1,0.0239071863022167,                      417P    350
0.900398406374502,0,0.262979049324383,0.900398406374502,0,0,1,0,     417P    351
0,1;                                                                 417P    352
508,14,0,387,1,0,1,0,391,0,387,2,0,1,0,393,0,387,3,0,1,0,395,0,      419P    353
387,4,1,1,0,397,0,387,5,1,1,0,399,0,387,6,1,1,0,401,0,387,7,1,1,     419P    354
0,403,0,387,8,1,1,0,405,0,387,9,0,1,0,407,0,387,10,1,1,0,409,0,      419P    355
387,11,0,1,0,411,0,387,12,1,1,0,413,0,387,13,1,1,0,415,0,387,14,     419P    356
1,1,0,417;                                                           419P    357
510,389,1,1,419;                                                     421P    358
128,1,1,1,1,0,0,1,0,0,0,0,1,1,0,0,1,1,1,1,1,1,1200,0,-1177.5,        423P    359
-1200,0,-1177.5,1200,2600,-1177.5,-1200,2600,-1177.5,0,1,0,1;        423P    360
126,1,1,1,0,1,0,0,0,1,1,1,1,0,0.269230769230769,0,0.25,              425P    361
0.269230769230769,0,0,1,0,0,1;                                       425P    362
126,1,1,1,0,1,0,0,0,1,1,1,1,0,0.0769230769230769,0,0,                427P    363
0.269230769230769,0,0,1,0,0,1;                                       427P    364
126,16,3,1,0,1,0,0,0,0,0,0.0714285714285714,0.142857142857143,       429P    365
0.214285714285714,0.285714285714286,0.357142857142857,               429P    366
0.428571428571429,0.5,0.571428571428572,0.642857142857143,           429P    367
0.714285714285714,0.785714285714286,0.857142857142857,               429P    368
0.928571428571429,1,1,1,1,1,1,1,1,1,1,1,1,1,1,1,1,1,1,1,1,1,0,       429P    369
0.0769230769230769,0,0,0.0740461605736357,0,                         429P    370
0.000350055364149679,0.0682923366622175,0,0.00191870127885491,       429P    371
0.0597701303125661,0,0.00451118342951896,0.0514636341076808,0,       429P    372
0.00809489984888553,0.0434773046620182,0,0.0126247832237294,         429P    373
0.0359115753438349,0,0.0180438676420549,0.0288615894171022,0,        429P    374
0.024284004974036,0.0224160045914178,0,0.0312667218685273,           429P    375
0.0166558778234354,0,0.0389042066224878,0.0116536460526733,0,        429P    376
0.047100413383853,0.00747221524512514,0,0.0557522702833209,          429P    377
0.004164169319556,0,0.0647509745052799,0.00177110887278916,0,        429P    378
0.0739833647174023,0.000323128028445877,0,0.080216673954772,0,0,     429P    379
0.0833333333333333,0,0,0,1,0,0,1;                                    429P    380
126,1,1,1,0,1,0,0,0,1,1,1,1,0.0833333333333333,0,0,                  431P    381
0.916666666666666,0,0,0,1,0,0,1;                                     431P    382
126,16,3,1,0,1,0,0,0,0,0,0.0714285714285714,0.142857142857143,       433P    383
0.214285714285714,0.285714285714286,0.357142857142857,               433P    384
0.428571428571429,0.5,0.571428571428571,0.642857142857143,           433P    385
0.714285714285714,0.785714285714286,0.857142857142857,               433P    386
0.928571428571429,1,1,1,1,1,1,1,1,1,1,1,1,1,1,1,1,1,1,1,1,1,         433P    387
0.916666666666666,0,0,0.919783326045228,0,0,0.926016635282598,       433P    388
0.000323128028445842,0,0.93524902549472,0.00177110887278913,0,       433P    389
0.944247729716679,0.00416416931955595,0,0.952899586616147,           433P    390
0.00747221524512509,0,0.961095793377512,0.0116536460526733,0,        433P    391
0.968733278131473,0.0166558778234353,0,0.975715995025963,            433P    392
0.0224160045914178,0,0.981956132357945,0.0288615894171022,0,         433P    393
0.98737521677627,0.0359115753438349,0,0.991905100151114,             433P    394
0.0434773046620182,0,0.995488816570481,0.0514636341076808,0,         433P    395
0.998081298721145,0.059770130312566,0,0.99964994463585,              433P    396
0.0682923366622175,0,1,0.0740461605736357,0,1,                       433P    397
0.0769230769230769,0,0,1,0,0,1;                                      433P    398
126,1,1,1,0,1,0,0,0,1,1,1,1,1,0.0769230769230769,0,1,                435P    399
0.923076923076923,0,0,1,0,0,1;                                       435P    400
126,16,3,1,0,1,0,0,0,0,0,0.0714285714285714,0.142857142857143,       437P    401
0.214285714285714,0.285714285714286,0.357142857142857,               437P    402
0.428571428571429,0.5,0.571428571428571,0.642857142857143,           437P    403
0.714285714285714,0.785714285714286,0.857142857142857,               437P    404
0.928571428571429,1,1,1,1,1,1,1,1,1,1,1,1,1,1,1,1,1,1,1,1,1,1,       437P    405
0.923076923076923,0,1,0.925953839426364,0,0.99964994463585,          437P    406
0.931707663337783,0,0.998081298721145,0.940229869687434,0,           437P    407
0.995488816570481,0.948536365892319,0,0.991905100151115,             437P    408
0.956522695337982,0,0.98737521677627,0.964088424656165,0,            437P    409
0.981956132357945,0.971138410582898,0,0.975715995025964,             437P    410
0.977583995408582,0,0.968733278131473,0.983344122176565,0,           437P    411
0.961095793377512,0.988346353947327,0,0.952899586616147,             437P    412
0.992527784754875,0,0.944247729716679,0.995835830680444,0,           437P    413
0.93524902549472,0.998228891127211,0,0.926016635282598,              437P    414
0.999676871971554,0,0.919783326045228,1,0,0.916666666666666,1,0,     437P    415
0,1,0,0,1;                                                           437P    416
126,1,1,1,0,1,0,0,0,1,1,1,1,0.833333333333333,1,0,                   439P    417
0.916666666666666,1,0,0,1,0,0,1;                                     439P    418
126,1,1,1,0,1,0,0,0,1,1,1,1,0.833333333333333,0.269230769230769,     441P    419
0,0.833333333333333,1,0,0,1,0,0,1;                                   441P    420
126,16,3,1,0,1,0,0,0,0,0,0.0714285714285714,0.142857142857143,       443P    421
0.214285714285714,0.285714285714286,0.357142857142857,               443P    422
0.428571428571429,0.5,0.571428571428571,0.642857142857143,           443P    423
0.714285714285714,0.785714285714286,0.857142857142857,               443P    424
0.928571428571428,1,1,1,1,1,1,1,1,1,1,1,1,1,1,1,1,1,1,1,1,1,         443P    425
0.833333333333333,0.269230769230769,0,0.833333333333333,             443P    426
0.267792311056049,0,0.833158305651258,0.26491539910034,0,            443P    427
0.832373982693906,0.260654295925514,0,0.831077741618574,             443P    428
0.256501047823071,0,0.829285883408891,0.25250788310024,0,            443P    429
0.827020941721468,0.248725018441148,0,0.824311399512306,             443P    430
0.245200025477782,0,0.821191330846315,0.24197723306494,0,            443P    431
0.81769997239907,0.239097169680948,0,0.813881230022089,              443P    432
0.236596053795567,0,0.809783126641407,0.234505338391793,0,           443P    433
0.805457198191673,0.232851315429009,0,0.800957846080694,             443P    434
0.231654785205625,0,0.796341650974632,0.230930794783454,0,           443P    435
0.793224996355947,0.230769230769231,0,0.791666666666667,             443P    436
0.230769230769231,0,0,1,0,0,1;                                       443P    437
126,1,1,1,0,1,0,0,0,1,1,1,1,0.291666666666667,0.230769230769231,     445P    438
0,0.791666666666667,0.230769230769231,0,0,1,0,0,1;                   445P    439
126,16,3,1,0,1,0,0,0,0,0,0.0714285714285714,0.142857142857143,       447P    440
0.214285714285714,0.285714285714286,0.357142857142857,               447P    441
0.428571428571429,0.5,0.571428571428571,0.642857142857143,           447P    442
0.714285714285714,0.785714285714286,0.857142857142857,               447P    443
0.928571428571429,1,1,1,1,1,1,1,1,1,1,1,1,1,1,1,1,1,1,1,1,1,         447P    444
0.291666666666667,0.230769230769231,0,0.290108336977386,             447P    445
0.230769230769231,0,0.286991682358701,0.230930794783454,0,           447P    446
0.28237548725264,0.231654785205625,0,0.27787613514166,               447P    447
0.232851315429009,0,0.273550206691926,0.234505338391793,0,           447P    448
0.269452103311244,0.236596053795567,0,0.265633360934264,             447P    449
0.239097169680948,0,0.262142002487018,0.24197723306494,0,            447P    450
0.259021933821028,0.245200025477782,0,0.256312391611865,             447P    451
0.248725018441148,0,0.254047449924443,0.25250788310024,0,            447P    452
0.252255591714759,0.256501047823071,0,0.250959350639427,             447P    453
0.260654295925514,0,0.250175027682075,0.26491539910034,0,0.25,       447P    454
0.267792311056049,0,0.25,0.269230769230769,0,0,1,0,0,1;              447P    455
508,12,0,387,15,0,1,0,425,0,387,16,0,1,0,427,0,387,17,1,1,0,429,     449P    456
0,387,18,1,1,0,431,0,387,19,1,1,0,433,0,387,20,1,1,0,435,0,387,      449P    457
21,1,1,0,437,0,387,22,0,1,0,439,0,387,23,0,1,0,441,0,387,24,1,1,     449P    458
0,443,0,387,25,0,1,0,445,0,387,26,1,1,0,447;                         449P    459
510,423,1,1,449;                                                     451P    460
128,1,1,1,1,0,0,1,0,0,0,0,1,1,0,0,1,1,1,1,1,1,1200,770,-1177.5,      453P    461
600,770,-1177.5,1200,2600,-1177.5,600,2600,-1177.5,0,1,0,1;          453P    462
126,1,1,1,0,1,0,0,0,1,1,1,1,1,0,0,0,0,0,0,1,0,0,1;                   455P    463
126,1,1,1,0,1,0,0,0,1,1,1,1,1,0.0710382513661203,0,1,0,0,0,1,0,      457P    464
0,1;                                                                 457P    465
126,1,1,1,0,1,0,0,0,1,1,1,1,0.25,0.0710382513661203,0,1,             459P    466
0.0710382513661203,0,0,1,0,0,1;                                      459P    467
126,1,1,1,0,1,0,0,0,1,1,1,1,0.25,0.726775956284153,0,0.25,           461P    468
0.0710382513661203,0,0,1,0,0,1;                                      461P    469
126,1,1,1,0,1,0,0,0,1,1,1,1,1,0.726775956284153,0,0.25,              463P    470
0.726775956284153,0,0,1,0,0,1;                                       463P    471
126,1,1,1,0,1,0,0,0,1,1,1,1,1,1,0,1,0.726775956284154,0,0,1,0,0,     465P    472
1;                                                                   465P    473
126,1,1,1,0,1,0,0,0,1,1,1,1,0.333333333333333,1,0,1,1,0,0,1,0,0,     467P    474
1;                                                                   467P    475
126,16,3,1,0,1,0,0,0,0,0,0.0714285714285714,0.142857142857143,       469P    476
0.214285714285714,0.285714285714286,0.357142857142857,               469P    477
0.428571428571429,0.5,0.571428571428572,0.642857142857143,           469P    478
0.714285714285714,0.785714285714286,0.857142857142857,               469P    479
0.928571428571429,1,1,1,1,1,1,1,1,1,1,1,1,1,1,1,1,1,1,1,1,1,         469P    480
0.333333333333333,1,0,0.320866695819088,1,0,0.295933458869609,       469P    481
0.999540910997836,0,0.25900389802112,0.997483670453961,0,            469P    482
0.223009081133284,0.994083693862926,0,0.188401653535412,             469P    483
0.989383737903102,0,0.155616826489952,0.983442907247568,0,           469P    484
0.12506688747411,0.976335911289109,0,0.0971360198961444,             469P    485
0.968152124624215,0,0.0721754705682202,0.958994463123243,0,          469P    486
0.0504991328949181,0.948978089675427,0,0.0323795993955429,           469P    487
0.938228966053963,0,0.0180447337180764,0.926882268480891,0,          469P    488
0.00767480511542037,0.915080689173404,0,0.0014002214565994,          469P    489
0.902972636436195,0,0,0.89479780464948,0,0,0.890710382513662,0,      469P    490
0,1,0,0,1;                                                           469P    491
126,1,1,1,0,1,0,0,0,1,1,1,1,0,0,0,0,0.890710382513662,0,0,1,0,0,     471P    492
1;                                                                   471P    493
508,9,0,387,27,0,1,0,455,0,387,4,0,1,0,457,0,387,28,0,1,0,459,0,     473P    494
387,29,0,1,0,461,0,387,30,0,1,0,463,0,387,14,0,1,0,465,0,387,31,     473P    495
0,1,0,467,0,387,32,1,1,0,469,0,387,33,0,1,0,471;                     473P    496
510,453,1,1,473;                                                     475P    497
128,1,1,1,1,0,0,1,0,0,0,0,1,1,0,0,1,1,1,1,1,1,1200,200,1177.5,       477P    498
1200,200,-1177.5,1200,2400,1177.5,1200,2400,-1177.5,0,1,0,1;         477P    499
126,1,1,1,0,1,0,0,0,1,1,1,1,0.939948468689041,0.194808474437587,     479P    500
0,0.939948468689041,0.162990292619405,0,0,1,0,0,1;                   479P    501
126,1,1,1,0,1,0,0,0,1,1,1,1,1,0.259090909090909,0,                   481P    502
0.939948468689041,0.194808474437587,0,0,1,0,0,1;                     481P    503
126,1,1,1,0,1,0,0,0,1,1,1,1,1,0.259090909090909,0,1,1,0,0,1,0,0,     483P    504
1;                                                                   483P    505
126,1,1,1,0,1,0,0,0,1,1,1,1,0,1,0,1,1,0,0,1,0,0,1;                   485P    506
126,1,1,1,0,1,0,0,0,1,1,1,1,0,0,0,0,1,0,0,1,0,0,1;                   487P    507
126,1,1,1,0,1,0,0,0,1,1,1,1,0,0,0,1,0,0,0,1,0,0,1;                   489P    508
126,1,1,1,0,1,0,0,0,1,1,1,1,1,0,0,1,0.227272727272727,0,0,1,0,0,     491P    509
1;                                                                   491P    510
126,1,1,1,0,1,0,0,0,1,1,1,1,0.939948468689041,0.162990292619405,     493P    511
0,1,0.227272727272727,0,0,1,0,0,1;                                   493P    512
508,8,0,387,34,0,1,0,479,0,387,35,0,1,0,481,0,387,33,1,1,0,483,      495P    513
0,387,36,0,1,0,485,0,387,37,0,1,0,487,0,387,38,1,1,0,489,0,387,      495P    514
16,1,1,0,491,0,387,39,0,1,0,493;                                     495P    515
126,1,1,1,0,1,0,0,0,1,1,1,1,0.363057324840765,0.863636363636363,     497P    516
0,0.363057324840764,0.318181818181818,0,0,1,0,0,1;                   497P    517
126,1,1,1,0,1,0,0,0,1,1,1,1,0.787685774946922,0.863636363636363,     499P    518
0,0.363057324840765,0.863636363636363,0,0,1,0,0,1;                   499P    519
126,1,1,1,0,1,0,0,0,1,1,1,1,0.787685774946921,0.318181818181818,     501P    520
0,0.787685774946922,0.863636363636363,0,0,1,0,0,1;                   501P    521
126,1,1,1,0,1,0,0,0,1,1,1,1,0.363057324840764,0.318181818181818,     503P    522
0,0.787685774946921,0.318181818181818,0,0,1,0,0,1;                   503P    523
508,4,0,387,40,0,1,0,497,0,387,41,0,1,0,499,0,387,42,0,1,0,501,      505P    524
0,387,43,0,1,0,503;                                                  505P    525
510,477,2,1,495,505;                                                 507P    526
128,1,1,1,1,0,0,1,0,0,0,0,1,1,0,0,1,1,1,1,1,1,600,770,-1177.5,       509P    527
600,628.578643762691,-1036.07864376269,1200,770,-1177.5,1200,        509P    528
628.578643762691,-1036.07864376269,0,1,0,1;                          509P    529
126,1,1,1,0,1,0,0,0,1,1,1,1,0,1,0,1,1,0,0,1,0,0,1;                   511P    530
126,1,1,1,0,1,0,0,0,1,1,1,1,1,0,0,1,1,0,0,1,0,0,1;                   513P    531
126,1,1,1,0,1,0,0,0,1,1,1,1,0,0,0,1,0,0,0,1,0,0,1;                   515P    532
126,1,1,1,0,1,0,0,0,1,1,1,1,0,0,0,0,1,0,0,1,0,0,1;                   517P    533
508,4,0,387,35,1,1,0,511,0,387,44,0,1,0,513,0,387,5,0,1,0,515,0,     519P    534
387,27,1,1,0,517;                                                    519P    535
510,509,1,1,519;                                                     521P    536
128,1,1,1,1,0,0,1,0,0,0,0,1,1,0,0,1,1,1,1,1,1,600,                   523P    537
558.578643762691,-1036.07864376269,600,700,-1177.5,1200,             523P    538
558.578643762691,-1036.07864376269,1200,700,-1177.5,0,1,0,1;         523P    539
126,1,1,1,0,1,0,0,0,1,1,1,1,0,1,0,1,1,0,0,1,0,0,1;                   525P    540
126,1,1,1,0,1,0,0,0,1,1,1,1,1,1,0,1,0,0,0,1,0,0,1;                   527P    541
126,1,1,1,0,1,0,0,0,1,1,1,1,0,0,0,1,0,0,0,1,0,0,1;                   529P    542
126,1,1,1,0,1,0,0,0,1,1,1,1,0,0,0,0,1,0,0,1,0,0,1;                   531P    543
508,4,0,387,39,1,1,0,525,0,387,15,1,1,0,527,0,387,7,0,1,0,529,0,     533P    544
387,45,1,1,0,531;                                                    533P    545
510,523,1,1,533;                                                     535P    546
128,1,1,1,1,0,0,1,0,0,0,0,1,1,0,0,1,1,1,1,1,1,600,                   537P    547
628.578643762691,-1036.07864376269,600,558.578643762691,             537P    548
-1036.07864376269,1200,628.578643762691,-1036.07864376269,1200,      537P    549
558.578643762691,-1036.07864376269,0,1,0,1;                          537P    550
126,1,1,1,0,1,0,0,0,1,1,1,1,0,1,0,1,1,0,0,1,0,0,1;                   539P    551
126,1,1,1,0,1,0,0,0,1,1,1,1,1,0,0,1,1,0,0,1,0,0,1;                   541P    552
126,1,1,1,0,1,0,0,0,1,1,1,1,0,0,0,1,0,0,0,1,0,0,1;                   543P    553
126,1,1,1,0,1,0,0,0,1,1,1,1,0,0,0,0,1,0,0,1,0,0,1;                   545P    554
508,4,0,387,34,1,1,0,539,0,387,45,0,1,0,541,0,387,6,0,1,0,543,0,     547P    555
387,44,1,1,0,545;                                                    547P    556
510,537,1,1,547;                                                     549P    557
128,1,1,1,1,0,0,1,0,0,0,0,1,1,0,0,1,1,1,1,1,1,600,2100,-1177.5,      551P    558
1050,2100,-1177.5,600,2100,-1187.5,1050,2100,-1187.5,0,1,0,1;        551P    559
126,1,1,1,0,1,0,0,0,1,1,1,1,0,1,0,0,0,0,0,1,0,0,1;                   553P    560
126,1,1,1,0,1,0,0,0,1,1,1,1,0,0,0,1,0,0,0,1,0,0,1;                   555P    561
126,1,1,1,0,1,0,0,0,1,1,1,1,1,0,0,1,1,0,0,1,0,0,1;                   557P    562
126,1,1,1,0,1,0,0,0,1,1,1,1,0,1,0,1,1,0,0,1,0,0,1;                   559P    563
508,4,0,387,1,1,1,0,553,0,387,46,1,1,0,555,0,387,47,1,1,0,557,0,     561P    564
387,48,0,1,0,559;                                                    561P    565
510,551,1,1,561;                                                     563P    566
128,1,1,1,1,0,0,1,0,0,0,0,1,1,0,0,1,1,1,1,1,1,1050,900,-1187.5,      565P    567
600,900,-1187.5,1050,2100,-1187.5,600,2100,-1187.5,0,1,0,1;          565P    568
126,1,1,1,0,1,0,0,0,1,1,1,1,1,0,0,1,1,0,0,1,0,0,1;                   567P    569
126,1,1,1,0,1,0,0,0,1,1,1,1,1,1,0,0,1,0,0,1,0,0,1;                   569P    570
126,1,1,1,0,1,0,0,0,1,1,1,1,0,1,0,0,0,0,0,1,0,0,1;                   571P    571
126,1,1,1,0,1,0,0,0,1,1,1,1,0,0,0,1,0,0,0,1,0,0,1;                   573P    572
508,4,0,387,2,1,1,0,567,0,387,48,1,1,0,569,0,387,49,1,1,0,571,0,     575P    573
387,50,1,1,0,573;                                                    575P    574
510,565,1,1,575;                                                     577P    575
128,1,1,1,1,0,0,1,0,0,0,0,1,1,0,0,1,1,1,1,1,1,1050,900,-1177.5,      579P    576
600,900,-1177.5,1050,900,-1187.5,600,900,-1187.5,0,1,0,1;            579P    577
126,1,1,1,0,1,0,0,0,1,1,1,1,1,0,0,1,1,0,0,1,0,0,1;                   581P    578
126,1,1,1,0,1,0,0,0,1,1,1,1,0,1,0,1,1,0,0,1,0,0,1;                   583P    579
126,1,1,1,0,1,0,0,0,1,1,1,1,0,0,0,0,1,0,0,1,0,0,1;                   585P    580
126,1,1,1,0,1,0,0,0,1,1,1,1,0,0,0,1,0,0,0,1,0,0,1;                   587P    581
508,4,0,387,3,1,1,0,581,0,387,50,0,1,0,583,0,387,51,0,1,0,585,0,     589P    582
387,52,1,1,0,587;                                                    589P    583
510,579,1,1,589;                                                     591P    584
110,500,700,-827.5,500,700,-826.5;                                   593P    585
110,500,600,-1177.5,500,600,-1227.5;                                 595P    586
120,593,595,0,6.28318530717959;                                      597P    587
126,1,1,1,0,1,0,0,0,1,1,1,1,0,1.5707963267949,0,1,                   599P    588
1.5707963267949,0,0,1,0,0,1;                                         599P    589
126,1,1,1,0,1,0,0,0,1,1,1,1,0,0,0,0,1.5707963267949,0,0,1,0,0,1;     601P    590
126,1,1,1,0,1,0,0,0,1,1,1,1,0,0,0,1,0,0,0,1,0,0,1;                   603P    591
126,1,1,1,0,1,0,0,0,1,1,1,1,1,1.5707963267949,0,1,0,0,0,1,0,0,1;     605P    592
508,4,0,387,8,0,1,0,599,0,387,26,0,1,0,601,0,387,53,1,1,0,603,0,     607P    593
387,54,0,1,0,605;                                                    607P    594
510,597,1,1,607;                                                     609P    595
128,1,1,1,1,0,0,1,0,0,0,0,1,1,0,0,1,1,1,1,1,1,600,600,-1227.5,       611P    596
-800,600,-1227.5,600,2550,-1227.5,-800,2550,-1227.5,0,1,0,1;         611P    597
126,1,1,1,0,1,0,0,0,1,1,1,1,0,1,0,1,1,0,0,1,0,0,1;                   613P    598
126,1,1,1,0,1,0,0,0,1,1,1,1,0,1,0,0,0.0512820512820514,0,0,1,0,      615P    599
0,1;                                                                 615P    600
126,16,3,1,0,1,0,0,0,0,0,0.0714285714285714,0.142857142857143,       617P    601
0.214285714285714,0.285714285714286,0.357142857142857,               617P    602
0.428571428571429,0.5,0.571428571428571,0.642857142857143,           617P    603
0.714285714285714,0.785714285714286,0.857142857142857,               617P    604
0.928571428571428,1,1,1,1,1,1,1,1,1,1,1,1,1,1,1,1,1,1,1,1,1,0,       617P    605
0.0512820512820514,0,0,0.0493641070490906,0,                         617P    606
0.000300047454985353,0.0455282244414785,0,0.00164460109616138,       617P    607
0.0398467535417108,0,0.00386672865387322,0.0343090894051206,0,       617P    608
0.00693848558475907,0.0289848697746788,0,0.0108212427631964,         617P    609
0.0239410502292233,0,0.0154661722646186,0.0192410596114015,0,        617P    610
0.0208148614063165,0.0149440030609452,0,0.0268000473158804,          617P    611
0.011103918548957,0,0.0333464628192753,0.00776909736844877,0,        617P    612
0.0403717829004452,0.00498147683008349,0,0.0477876602428465,         617P    613
0.00277611287970392,0,0.0555008352902397,0.00118073924852607,0,      617P    614
0.0634143126149163,0.000215418685630464,0,0.0687571491040902,0,      617P    615
0,0.0714285714285713,0,0,0,1,0,0,1;                                  617P    616
126,1,1,1,0,1,0,0,0,1,1,1,1,0.0714285714285714,0,0,                  619P    617
0.928571428571429,0,0,0,1,0,0,1;                                     619P    618
126,16,3,1,0,1,0,0,0,0,0,0.0714285714285714,0.142857142857143,       621P    619
0.214285714285714,0.285714285714286,0.357142857142857,               621P    620
0.428571428571429,0.5,0.571428571428571,0.642857142857143,           621P    621
0.714285714285714,0.785714285714286,0.857142857142857,               621P    622
0.928571428571428,1,1,1,1,1,1,1,1,1,1,1,1,1,1,1,1,1,1,1,1,1,         621P    623
0.928571428571429,0,0,0.93124285089591,0,0,0.936585687385084,        621P    624
0.000215418685630686,0,0.94449916470976,0.00118073924852613,0,       621P    625
0.952212339757154,0.00277611287970397,0,0.959628217099555,           621P    626
0.00498147683008354,0,0.966653537180725,0.00776909736844894,0,       621P    627
0.973199952684119,0.011103918548957,0,0.979185138593684,             621P    628
0.0149440030609455,0,0.984533827735381,0.0192410596114015,0,         621P    629
0.989178757236804,0.0239410502292235,0,0.993061514415241,            621P    630
0.0289848697746788,0,0.996133271346127,0.0343090894051206,0,         621P    631
0.998355398903839,0.0398467535417107,0,0.999699952545015,            621P    632
0.0455282244414785,0,1,0.0493641070490905,0,1,                       621P    633
0.0512820512820513,0,0,1,0,0,1;                                      621P    634
126,1,1,1,0,1,0,0,0,1,1,1,1,1,0.0512820512820513,0,1,1,0,0,1,0,      623P    635
0,1;                                                                 623P    636
508,6,0,387,55,0,1,0,613,0,387,9,1,1,0,615,0,387,54,1,1,0,617,0,     625P    637
387,56,1,1,0,619,0,387,57,1,1,0,621,0,387,58,1,1,0,623;              625P    638
126,1,1,1,0,1,0,0,0,1,1,1,1,0.107142857142857,0.768658443601291,     627P    639
0,0.107142857142857,0.153273828216676,0,0,1,0,0,1;                   627P    640
126,1,1,1,0,1,0,0,0,1,1,1,1,0.857142857142857,0.768658443601291,     629P    641
0,0.107142857142857,0.768658443601291,0,0,1,0,0,1;                   629P    642
126,1,1,1,0,1,0,0,0,1,1,1,1,0.857142857142857,0.153273828216676,     631P    643
0,0.857142857142857,0.768658443601291,0,0,1,0,0,1;                   631P    644
126,1,1,1,0,1,0,0,0,1,1,1,1,0.107142857142857,0.153273828216676,     633P    645
0,0.857142857142857,0.153273828216676,0,0,1,0,0,1;                   633P    646
508,4,0,387,59,0,1,0,627,0,387,60,0,1,0,629,0,387,61,0,1,0,631,      635P    647
0,387,62,0,1,0,633;                                                  635P    648
510,611,2,1,625,635;                                                 637P    649
110,1000,2550,-1127.5,999,2550,-1127.5;                              639P    650
110,600,2650,-1127.5,-800,2650,-1127.5;                              641P    651
120,639,641,0,6.28318530717959;                                      643P    652
126,1,1,1,0,1,0,0,0,1,1,1,1,0,1.5707963267949,0,1,                   645P    653
1.5707963267949,0,0,1,0,0,1;                                         645P    654
126,1,1,1,0,1,0,0,0,1,1,1,1,1,0,0,1,1.5707963267949,0,0,1,0,0,1;     647P    655
126,1,1,1,0,1,0,0,0,1,1,1,1,0,0,0,1,0,0,0,1,0,0,1;                   649P    656
126,1,1,1,0,1,0,0,0,1,1,1,1,0,1.5707963267949,0,0,0,0,0,1,0,0,1;     651P    657
508,4,0,387,55,1,1,0,645,0,387,63,0,1,0,647,0,387,64,0,1,0,649,      653P    658
0,387,10,0,1,0,651;                                                  653P    659
510,643,1,1,653;                                                     655P    660
128,1,1,1,1,0,0,1,0,0,0,0,1,1,0,0,1,1,1,1,1,1,600,2650,-1127.5,      657P    661
-800,2650,-1127.5,600,2650,-812.102540378443,-800,2650,              657P    662
-812.102540378444,0,1,0,1;                                           657P    663
126,1,1,1,0,1,0,0,0,1,1,1,1,1,1,0,0,1,0,0,1,0,0,1;                   659P    664
126,1,1,1,0,1,0,0,0,1,1,1,1,0,1,0,0,0,0,0,1,0,0,1;                   661P    665
126,1,1,1,0,1,0,0,0,1,1,1,1,0,0,0,1,0,0,0,1,0,0,1;                   663P    666
126,1,1,1,0,1,0,0,0,1,1,1,1,1,0,0,1,1,0,0,1,0,0,1;                   665P    667
508,4,0,387,65,1,1,0,659,0,387,11,1,1,0,661,0,387,64,1,1,0,663,      667P    668
0,387,66,1,1,0,665;                                                  667P    669
510,657,1,1,667;                                                     669P    670
110,-1200,2550,-812.102540378444,-1199,2550,-812.102540378444;       671P    671
110,-800,2650,-812.102540378444,600,2650,-812.102540378443;          673P    672
120,671,673,0,6.28318530717959;                                      675P    673
126,1,1,1,0,1,0,0,0,1,1,1,1,0,1.0471975511966,0,1,                   677P    674
1.0471975511966,0,0,1,0,0,1;                                         677P    675
126,1,1,1,0,1,0,0,0,1,1,1,1,1,0,0,1,1.0471975511966,0,0,1,0,0,1;     679P    676
126,1,1,1,0,1,0,0,0,1,1,1,1,0,0,0,1,0,0,0,1,0,0,1;                   681P    677
126,1,1,1,0,1,0,0,0,1,1,1,1,0,1.0471975511966,0,0,0,0,0,1,0,0,1;     683P    678
508,4,0,387,67,1,1,0,677,0,387,12,0,1,0,679,0,387,65,0,1,0,681,      685P    679
0,387,68,0,1,0,683;                                                  685P    680
510,675,1,1,685;                                                     687P    681
128,1,1,1,1,0,0,1,0,0,0,0,1,1,0,0,1,1,1,1,1,1,1000,2600,1177.5,      689P    682
1000,2600,-1177.5,-1000,2600,1177.5,-1000,2600,-1177.5,0,1,0,1;      689P    683
126,1,1,1,0,1,0,0,0,1,1,1,1,0.808067940552017,0.9,0,                 691P    684
0.808067940552017,0.2,0,0,1,0,0,1;                                   691P    685
126,1,1,1,0,1,0,0,0,1,1,1,1,1,0.9,0,0.808067940552017,0.9,0,0,1,     693P    686
0,0,1;                                                               693P    687
126,1,1,1,0,1,0,0,0,1,1,1,1,1,0.9,0,1,1,0,0,1,0,0,1;                 695P    688
126,1,1,1,0,1,0,0,0,1,1,1,1,1,1,0,0,1,0,0,1,0,0,1;                   697P    689
126,1,1,1,0,1,0,0,0,1,1,1,1,0,1,0,0,0,0,0,1,0,0,1;                   699P    690
126,1,1,1,0,1,0,0,0,1,1,1,1,0,0,0,1,0,0,0,1,0,0,1;                   701P    691
126,1,1,1,0,1,0,0,0,1,1,1,1,1,0,0,1,0.2,0,0,1,0,0,1;                 703P    692
126,1,1,1,0,1,0,0,0,1,1,1,1,0.808067940552017,0.2,0,1,0.2,0,0,1,     705P    693
0,0,1;                                                               705P    694
508,8,0,387,67,0,1,0,691,0,387,69,0,1,0,693,0,387,22,1,1,0,695,      707P    695
0,387,70,1,1,0,697,0,387,71,1,1,0,699,0,387,72,1,1,0,701,0,387,      707P    696
31,1,1,0,703,0,387,13,0,1,0,705;                                     707P    697
510,689,1,1,707;                                                     709P    698
110,1000,200,1977.5,1000,200,1978.5;                                 711P    699
110,1000,-5.6843418860808E-14,1177.5,1000,5.6843418860808E-14,       713P    700
-1177.5;                                                             713P    701
120,711,713,0,6.28318530717959;                                      715P    702
126,1,1,1,0,1,0,0,0,1,1,1,1,0,1.5707963267949,0,1,                   717P    703
1.5707963267949,0,0,1,0,0,1;                                         717P    704
126,1,1,1,0,1,0,0,0,1,1,1,1,0,0,0,0,1.5707963267949,0,0,1,0,0,1;     719P    705
126,1,1,1,0,1,0,0,0,1,1,1,1,0,0,0,1,0,0,0,1,0,0,1;                   721P    706
126,1,1,1,0,1,0,0,0,1,1,1,1,1,1.5707963267949,0,1,0,0,0,1,0,0,1;     723P    707
508,4,0,387,38,0,1,0,717,0,387,73,0,1,0,719,0,387,74,1,1,0,721,      725P    708
0,387,17,0,1,0,723;                                                  725P    709
510,715,1,1,725;                                                     727P    710
128,1,1,1,1,0,0,1,0,0,0,0,1,1,0,0,1,1,1,1,1,1,1000,0,1177.5,         729P    711
1000,0,-1177.5,-1000,0,1177.5,-1000,0,-1177.5,0,1,0,1;               729P    712
126,1,1,1,0,1,0,0,0,1,1,1,1,0,0,0,1,0,0,0,1,0,0,1;                   731P    713
126,1,1,1,0,1,0,0,0,1,1,1,1,0,1,0,0,0,0,0,1,0,0,1;                   733P    714
126,1,1,1,0,1,0,0,0,1,1,1,1,1,1,0,0,1,0,0,1,0,0,1;                   735P    715
126,1,1,1,0,1,0,0,0,1,1,1,1,1,0,0,1,1,0,0,1,0,0,1;                   737P    716
508,4,0,387,74,0,1,0,731,0,387,75,0,1,0,733,0,387,76,0,1,0,735,      739P    717
0,387,18,0,1,0,737;                                                  739P    718
510,729,1,1,739;                                                     741P    719
110,-1000,200,-1977.5,-1000,200,-1978.5;                             743P    720
110,-1000,5.6843418860808E-14,-1177.5,-1000,                         745P    721
-5.6843418860808E-14,1177.5;                                         745P    722
120,743,745,0,6.28318530717959;                                      747P    723
126,1,1,1,0,1,0,0,0,1,1,1,1,0,1.5707963267949,0,1,                   749P    724
1.5707963267949,0,0,1,0,0,1;                                         749P    725
126,1,1,1,0,1,0,0,0,1,1,1,1,0,0,0,0,1.5707963267949,0,0,1,0,0,1;     751P    726
126,1,1,1,0,1,0,0,0,1,1,1,1,0,0,0,1,0,0,0,1,0,0,1;                   753P    727
126,1,1,1,0,1,0,0,0,1,1,1,1,1,1.5707963267949,0,1,0,0,0,1,0,0,1;     755P    728
508,4,0,387,77,0,1,0,749,0,387,19,0,1,0,751,0,387,76,1,1,0,753,      757P    729
0,387,78,0,1,0,755;                                                  757P    730
510,747,1,1,757;                                                     759P    731
128,1,1,1,1,0,0,1,0,0,0,0,1,1,0,0,1,1,1,1,1,1,-1200,200,-1177.5,     761P    732
-1200,200,1177.5,-1200,2400,-1177.5,-1200,2400,1177.5,0,1,0,1;       761P    733
126,1,1,1,0,1,0,0,0,1,1,1,1,0,1,0,1,1,0,0,1,0,0,1;                   763P    734
126,1,1,1,0,1,0,0,0,1,1,1,1,0,0,0,0,1,0,0,1,0,0,1;                   765P    735
126,1,1,1,0,1,0,0,0,1,1,1,1,0,0,0,1,0,0,0,1,0,0,1;                   767P    736
126,1,1,1,0,1,0,0,0,1,1,1,1,1,0,0,1,1,0,0,1,0,0,1;                   769P    737
508,4,0,387,79,0,1,0,763,0,387,20,0,1,0,765,0,387,77,1,1,0,767,      771P    738
0,387,80,1,1,0,769;                                                  771P    739
126,1,1,1,0,1,0,0,0,1,1,1,1,0.636942675159236,0.318181818181818,     773P    740
0,0.636942675159236,0.863636363636363,0,0,1,0,0,1;                   773P    741
126,1,1,1,0,1,0,0,0,1,1,1,1,0.212314225053079,0.318181818181818,     775P    742
0,0.636942675159236,0.318181818181818,0,0,1,0,0,1;                   775P    743
126,1,1,1,0,1,0,0,0,1,1,1,1,0.212314225053079,0.863636363636363,     777P    744
0,0.212314225053079,0.318181818181818,0,0,1,0,0,1;                   777P    745
126,1,1,1,0,1,0,0,0,1,1,1,1,0.636942675159236,0.863636363636363,     779P    746
0,0.212314225053078,0.863636363636363,0,0,1,0,0,1;                   779P    747
508,4,0,387,81,0,1,0,773,0,387,82,0,1,0,775,0,387,83,0,1,0,777,      781P    748
0,387,84,0,1,0,779;                                                  781P    749
510,761,2,1,771,781;                                                 783P    750
110,-1000,2400,-1977.5,-1000,2400,-1976.5;                           785P    751
110,-1000,2600,-1177.5,-1000,2600,1177.5;                            787P    752
120,785,787,0,6.28318530717959;                                      789P    753
126,1,1,1,0,1,0,0,0,1,1,1,1,0,1.5707963267949,0,1,                   791P    754
1.5707963267949,0,0,1,0,0,1;                                         791P    755
126,1,1,1,0,1,0,0,0,1,1,1,1,1,0,0,1,1.5707963267949,0,0,1,0,0,1;     793P    756
126,1,1,1,0,1,0,0,0,1,1,1,1,0,0,0,1,0,0,0,1,0,0,1;                   795P    757
126,1,1,1,0,1,0,0,0,1,1,1,1,0,1.5707963267949,0,0,0,0,0,1,0,0,1;     797P    758
508,4,0,387,79,1,1,0,791,0,387,85,0,1,0,793,0,387,70,0,1,0,795,      799P    759
0,387,21,0,1,0,797;                                                  799P    760
510,789,1,1,799;                                                     801P    761
128,1,1,1,1,0,0,1,0,0,0,0,1,1,0,0,1,1,1,1,1,1,-800,700,-725.5,       803P    762
-800,2650,-725.5,-800,700,-1227.5,-800,2650,-1227.5,0,1,0,1;         803P    763
126,12,3,1,0,1,0,0,0,0,0,0.1,0.2,0.3,0.4,0.5,0.6,0.7,0.8,0.9,1,      805P    764
1,1,1,1,1,1,1,1,1,1,1,1,1,1,1,1,0.974358974358974,0,0,               805P    765
0.975909230225841,0.00347675149799664,0,0.978915924244947,           805P    766
0.0110614359002268,0,0.983095112816991,0.0242073882290925,0,         805P    767
0.986897657212893,0.0389782282834541,0,0.990281896939868,            805P    768
0.0552121258389802,0,0.993210753296853,0.0727312183510207,0,         805P    769
0.995652137191012,0.0913435630490926,0,0.997579300290669,            805P    770
0.110845239462932,0,0.998971128198668,0.131022581979047,0,           805P    771
0.999812371755833,0.151654527800174,0,1,0.165561517678197,0,1,       805P    772
0.172515020674191,0,0,1,0,0,1;                                       805P    773
126,1,1,1,0,1,0,0,0,1,1,1,1,1,0.800796812749003,0,1,                 807P    774
0.172515020674191,0,0,1,0,0,1;                                       807P    775
126,16,3,1,0,1,0,0,0,0,0,0.0714285714285714,0.142857142857143,       809P    776
0.214285714285714,0.285714285714286,0.357142857142857,               809P    777
0.428571428571429,0.5,0.571428571428572,0.642857142857143,           809P    778
0.714285714285714,0.785714285714286,0.857142857142857,               809P    779
0.928571428571429,1,1,1,1,1,1,1,1,1,1,1,1,1,1,1,1,1,1,1,1,1,1,       809P    780
0.800796812749003,0,1,0.808246994530425,0,0.999784581314369,         809P    781
0.823147335336886,0,0.998819260751474,0.845216794011283,0,           809P    782
0.997223887120296,0.866727640757001,0,0.995018523169917,             809P    783
0.887409370397164,0,0.992230902631551,0.907001896519949,0,           809P    784
0.988896081451043,0.925258832186787,0,0.985055996939055,             809P    785
0.941950585719436,0,0.980758940388599,0.95686724866441,0,            809P    786
0.976058949770777,0.969821235321762,0,0.971015130225321,             809P    787
0.980649641795492,0,0.965690910594879,0.989216294590791,0,           809P    788
0.960153246458289,0.995413463078434,0,0.954471775558521,             809P    789
0.999163214268964,0,0.950635892950909,1,0,0.948717948717949,1,0,     809P    790
0,1,0,0,1;                                                           809P    791
126,1,1,1,0,1,0,0,0,1,1,1,1,0,1,0,0.948717948717949,1,0,0,1,0,0,     811P    792
1;                                                                   811P    793
126,1,1,1,0,1,0,0,0,1,1,1,1,0,0.900398406374502,0,0,1,0,0,1,0,0,     813P    794
1;                                                                   813P    795
126,1,1,1,0,1,0,0,0,1,1,1,1,0,0.900398406374502,0,                   815P    796
0.974358974358974,0.900398406374502,0,0,1,0,0,1;                     815P    797
126,1,1,1,0,1,0,0,0,1,1,1,1,0.974358974358974,0.900398406374502,     817P    798
0,0.974358974358974,0,0,0,1,0,0,1;                                   817P    799
508,7,0,387,68,1,1,0,805,0,387,66,0,1,0,807,0,387,63,1,1,0,809,      819P    800
0,387,58,0,1,0,811,0,387,86,0,1,0,813,0,387,23,1,1,0,815,0,387,      819P    801
69,1,1,0,817;                                                        819P    802
510,803,1,1,819;                                                     821P    803
110,-700,700,-827.5,-700,700,-826.5;                                 823P    804
110,-800,700,-1177.5,-800,700,-1227.5;                               825P    805
120,823,825,0,6.28318530717959;                                      827P    806
126,1,1,1,0,1,0,0,0,1,1,1,1,0,1.5707963267949,0,1,                   829P    807
1.5707963267949,0,0,1,0,0,1;                                         829P    808
126,1,1,1,0,1,0,0,0,1,1,1,1,0,0,0,0,1.5707963267949,0,0,1,0,0,1;     831P    809
126,1,1,1,0,1,0,0,0,1,1,1,1,0,0,0,1,0,0,0,1,0,0,1;                   833P    810
126,1,1,1,0,1,0,0,0,1,1,1,1,1,1.5707963267949,0,1,0,0,0,1,0,0,1;     835P    811
508,4,0,387,87,0,1,0,829,0,387,24,0,1,0,831,0,387,86,1,1,0,833,      837P    812
0,387,57,0,1,0,835;                                                  837P    813
510,827,1,1,837;                                                     839P    814
128,1,1,1,1,0,0,1,0,0,0,0,1,1,0,0,1,1,1,1,1,1,500,600,-1177.5,       841P    815
-700,600,-1177.5,500,600,-1227.5,-700,600,-1227.5,0,1,0,1;           841P    816
126,1,1,1,0,1,0,0,0,1,1,1,1,1,0,0,1,1,0,0,1,0,0,1;                   843P    817
126,1,1,1,0,1,0,0,0,1,1,1,1,0,1,0,1,1,0,0,1,0,0,1;                   845P    818
126,1,1,1,0,1,0,0,0,1,1,1,1,0,0,0,0,1,0,0,1,0,0,1;                   847P    819
126,1,1,1,0,1,0,0,0,1,1,1,1,0,0,0,1,0,0,0,1,0,0,1;                   849P    820
508,4,0,387,87,1,1,0,843,0,387,56,0,1,0,845,0,387,53,0,1,0,847,      851P    821
0,387,25,1,1,0,849;                                                  851P    822
510,841,1,1,851;                                                     853P    823
128,1,1,1,1,0,0,1,0,0,0,0,1,1,0,0,1,1,1,1,1,1,-1200,900,322.5,       855P    824
-1200,900,-1177.5,1200,900,322.5,1200,900,-1177.5,0,1,0,1;           855P    825
126,1,1,1,0,1,0,0,0,1,1,1,1,0.633333333333333,0.25,0,                857P    826
0.633333333333333,0.6875,0,0,1,0,0,1;                                857P    827
126,1,1,1,0,1,0,0,0,1,1,1,1,0.633333333333333,0.25,0,                859P    828
0.666666666666667,0.25,0,0,1,0,0,1;                                  859P    829
126,1,1,1,0,1,0,0,0,1,1,1,1,0.666666666666667,0,0,                   861P    830
0.666666666666667,0.25,0,0,1,0,0,1;                                  861P    831
126,1,1,1,0,1,0,0,0,1,1,1,1,0.666666666666667,0,0,0,0,0,0,1,0,0,     863P    832
1;                                                                   863P    833
126,1,1,1,0,1,0,0,0,1,1,1,1,0,0,0,0,1,0,0,1,0,0,1;                   865P    834
126,1,1,1,0,1,0,0,0,1,1,1,1,0,1,0,0.666666666666667,1,0,0,1,0,0,     867P    835
1;                                                                   867P    836
126,1,1,1,0,1,0,0,0,1,1,1,1,0.666666666666667,0.9375,0,              869P    837
0.666666666666667,1,0,0,1,0,0,1;                                     869P    838
126,1,1,1,0,1,0,0,0,1,1,1,1,0.666666666666667,0.9375,0,1,0.9375,     871P    839
0,0,1,0,0,1;                                                         871P    840
126,1,1,1,0,1,0,0,0,1,1,1,1,1,0.9375,0,1,0.75,0,0,1,0,0,1;           873P    841
126,1,1,1,0,1,0,0,0,1,1,1,1,1,0.6875,0,1,0.75,0,0,1,0,0,1;           875P    842
126,1,1,1,0,1,0,0,0,1,1,1,1,0.633333333333333,0.6875,0,1,0.6875,     877P    843
0,0,1,0,0,1;                                                         877P    844
508,11,0,387,88,0,1,0,857,0,387,89,1,1,0,859,0,387,90,0,1,0,861,     879P    845
0,387,82,1,1,0,863,0,387,91,1,1,0,865,0,387,43,1,1,0,867,0,387,      879P    846
92,0,1,0,869,0,387,93,1,1,0,871,0,387,28,1,1,0,873,0,387,94,0,1,     879P    847
0,875,0,387,95,0,1,0,877;                                            879P    848
510,855,1,1,879;                                                     881P    849
128,1,1,1,1,0,0,1,0,0,0,0,1,1,0,0,1,1,1,1,1,1,1050,2100,-677.5,      883P    850
1050,900,-677.5,1050,2100,-1177.5,1050,900,-1177.5,0,1,0,1;          883P    851
126,1,1,1,0,1,0,0,0,1,1,1,1,0,0,0,1,0,0,0,1,0,0,1;                   885P    852
126,1,1,1,0,1,0,0,0,1,1,1,1,0,0,0,0,1,0,0,1,0,0,1;                   887P    853
126,1,1,1,0,1,0,0,0,1,1,1,1,0,1,0,1,1,0,0,1,0,0,1;                   889P    854
126,1,1,1,0,1,0,0,0,1,1,1,1,1,0,0,1,1,0,0,1,0,0,1;                   891P    855
508,4,0,387,96,0,1,0,885,0,387,97,1,1,0,887,0,387,29,1,1,0,889,      893P    856
0,387,93,0,1,0,891;                                                  893P    857
510,883,1,1,893;                                                     895P    858
128,1,1,1,1,0,0,1,0,0,0,0,1,1,0,0,1,1,1,1,1,1,-1200,2100,            897P    859
-1177.5,-1200,2100,322.5,1200,2100,-1177.5,1200,2100,322.5,0,1,      897P    860
0,1;                                                                 897P    861
126,1,1,1,0,1,0,0,0,1,1,1,1,0.333333333333333,1,0,1,1,0,0,1,0,0,     899P    862
1;                                                                   899P    863
126,1,1,1,0,1,0,0,0,1,1,1,1,1,0,0,1,1,0,0,1,0,0,1;                   901P    864
126,1,1,1,0,1,0,0,0,1,1,1,1,1,0,0,0.333333333333333,0,0,0,1,0,0,     903P    865
1;                                                                   903P    866
126,1,1,1,0,1,0,0,0,1,1,1,1,0.333333333333333,0,0,                   905P    867
0.333333333333333,0.6875,0,0,1,0,0,1;                                905P    868
126,1,1,1,0,1,0,0,0,1,1,1,1,0,0.6875,0,0.333333333333333,0.6875,     907P    869
0,0,1,0,0,1;                                                         907P    870
126,1,1,1,0,1,0,0,0,1,1,1,1,0,0.75,0,0,0.6875,0,0,1,0,0,1;           909P    871
126,1,1,1,0,1,0,0,0,1,1,1,1,0,0.75,0,0,0.9375,0,0,1,0,0,1;           911P    872
126,1,1,1,0,1,0,0,0,1,1,1,1,0.333333333333333,0.9375,0,0,0.9375,     913P    873
0,0,1,0,0,1;                                                         913P    874
126,1,1,1,0,1,0,0,0,1,1,1,1,0.333333333333333,0.9375,0,              915P    875
0.333333333333333,1,0,0,1,0,0,1;                                     915P    876
508,9,0,387,41,1,1,0,899,0,387,98,0,1,0,901,0,387,84,1,1,0,903,      917P    877
0,387,99,1,1,0,905,0,387,100,0,1,0,907,0,387,101,0,1,0,909,0,        917P    878
387,30,1,1,0,911,0,387,97,0,1,0,913,0,387,102,1,1,0,915;             917P    879
510,897,1,1,917;                                                     919P    880
110,1000,2400,1977.5,1000,2400,1976.5;                               921P    881
110,1000,2600,1177.5,1000,2600,-1177.5;                              923P    882
120,921,923,0,6.28318530717959;                                      925P    883
126,1,1,1,0,1,0,0,0,1,1,1,1,0,1.5707963267949,0,1,                   927P    884
1.5707963267949,0,0,1,0,0,1;                                         927P    885
126,1,1,1,0,1,0,0,0,1,1,1,1,1,0,0,1,1.5707963267949,0,0,1,0,0,1;     929P    886
126,1,1,1,0,1,0,0,0,1,1,1,1,0,0,0,1,0,0,0,1,0,0,1;                   931P    887
126,1,1,1,0,1,0,0,0,1,1,1,1,0,1.5707963267949,0,0,0,0,0,1,0,0,1;     933P    888
508,4,0,387,36,1,1,0,927,0,387,32,0,1,0,929,0,387,72,0,1,0,931,      935P    889
0,387,103,0,1,0,933;                                                 935P    890
510,925,1,1,935;                                                     937P    891
128,1,1,1,1,0,0,1,0,0,0,0,1,1,0,0,1,1,1,1,1,1,-1200,0,1177.5,        939P    892
1200,0,1177.5,-1200,2600,1177.5,1200,2600,1177.5,0,1,0,1;            939P    893
126,16,3,1,0,1,0,0,0,0,0,0.0714285714285714,0.142857142857143,       941P    894
0.214285714285714,0.285714285714286,0.357142857142857,               941P    895
0.428571428571429,0.5,0.571428571428571,0.642857142857143,           941P    896
0.714285714285714,0.785714285714286,0.857142857142857,               941P    897
0.928571428571429,1,1,1,1,1,1,1,1,1,1,1,1,1,1,1,1,1,1,1,1,1,1,       941P    898
0.923076923076923,0,1,0.925953839426364,0,0.99964994463585,          941P    899
0.931707663337783,0,0.998081298721145,0.940229869687434,0,           941P    900
0.995488816570481,0.948536365892319,0,0.991905100151115,             941P    901
0.956522695337982,0,0.98737521677627,0.964088424656165,0,            941P    902
0.981956132357945,0.971138410582898,0,0.975715995025964,             941P    903
0.977583995408582,0,0.968733278131473,0.983344122176565,0,           941P    904
0.961095793377512,0.988346353947327,0,0.952899586616147,             941P    905
0.992527784754875,0,0.944247729716679,0.995835830680444,0,           941P    906
0.93524902549472,0.998228891127211,0,0.926016635282598,              941P    907
0.999676871971554,0,0.919783326045228,1,0,0.916666666666666,1,0,     941P    908
0,1,0,0,1;                                                           941P    909
126,1,1,1,0,1,0,0,0,1,1,1,1,0.0833333333333333,1,0,                  943P    910
0.916666666666666,1,0,0,1,0,0,1;                                     943P    911
126,16,3,1,0,1,0,0,0,0,0,0.0714285714285714,0.142857142857143,       945P    912
0.214285714285714,0.285714285714286,0.357142857142857,               945P    913
0.428571428571429,0.5,0.571428571428572,0.642857142857143,           945P    914
0.714285714285714,0.785714285714286,0.857142857142857,               945P    915
0.928571428571428,1,1,1,1,1,1,1,1,1,1,1,1,1,1,1,1,1,1,1,1,1,         945P    916
0.0833333333333333,1,0,0.080216673954772,1,0,0.0739833647174024,     945P    917
0.999676871971554,0,0.06475097450528,0.998228891127211,0,            945P    918
0.055752270283321,0.995835830680444,0,0.0471004133838532,            945P    919
0.992527784754875,0,0.038904206622488,0.988346353947327,0,           945P    920
0.0312667218685275,0.983344122176565,0,0.0242840049740362,           945P    921
0.977583995408582,0,0.0180438676420551,0.971138410582898,0,          945P    922
0.0126247832237296,0.964088424656165,0,0.00809489984888578,          945P    923
0.956522695337982,0,0.00451118342951918,0.948536365892319,0,         945P    924
0.00191870127885512,0.940229869687434,0,0.000350055364149878,        945P    925
0.931707663337783,0,0,0.925953839426364,0,0,0.923076923076923,0,     945P    926
0,1,0,0,1;                                                           945P    927
126,1,1,1,0,1,0,0,0,1,1,1,1,0,0.0769230769230769,0,0,                947P    928
0.923076923076923,0,0,1,0,0,1;                                       947P    929
126,16,3,1,0,1,0,0,0,0,0,0.0714285714285714,0.142857142857143,       949P    930
0.214285714285714,0.285714285714286,0.357142857142857,               949P    931
0.428571428571429,0.5,0.571428571428571,0.642857142857143,           949P    932
0.714285714285714,0.785714285714286,0.857142857142857,               949P    933
0.928571428571429,1,1,1,1,1,1,1,1,1,1,1,1,1,1,1,1,1,1,1,1,1,0,       949P    934
0.0769230769230769,0,0,0.0740461605736357,0,                         949P    935
0.000350055364149674,0.0682923366622175,0,0.00191870127885492,       949P    936
0.0597701303125661,0,0.00451118342951897,0.0514636341076808,0,       949P    937
0.00809489984888552,0.0434773046620183,0,0.0126247832237294,         949P    938
0.035911575343835,0,0.0180438676420549,0.0288615894171022,0,         949P    939
0.024284004974036,0.0224160045914179,0,0.0312667218685273,           949P    940
0.0166558778234354,0,0.0389042066224878,0.0116536460526733,0,        949P    941
0.047100413383853,0.00747221524512518,0,0.0557522702833209,          949P    942
0.00416416931955604,0,0.0647509745052799,0.00177110887278921,0,      949P    943
0.0739833647174023,0.000323128028445921,0,0.080216673954772,0,0,     949P    944
0.0833333333333333,0,0,0,1,0,0,1;                                    949P    945
126,1,1,1,0,1,0,0,0,1,1,1,1,0.0833333333333333,0,0,                  951P    946
0.916666666666667,0,0,0,1,0,0,1;                                     951P    947
126,16,3,1,0,1,0,0,0,0,0,0.0714285714285714,0.142857142857143,       953P    948
0.214285714285714,0.285714285714286,0.357142857142857,               953P    949
0.428571428571429,0.5,0.571428571428571,0.642857142857143,           953P    950
0.714285714285714,0.785714285714286,0.857142857142857,               953P    951
0.928571428571428,1,1,1,1,1,1,1,1,1,1,1,1,1,1,1,1,1,1,1,1,1,         953P    952
0.916666666666667,0,0,0.919783326045228,0,0,0.926016635282598,       953P    953
0.000323128028445854,0,0.93524902549472,0.00177110887278915,0,       953P    954
0.944247729716679,0.004164169319556,0,0.952899586616147,             953P    955
0.00747221524512512,0,0.961095793377512,0.0116536460526733,0,        953P    956
0.968733278131473,0.0166558778234354,0,0.975715995025964,            953P    957
0.0224160045914179,0,0.981956132357945,0.0288615894171022,0,         953P    958
0.987375216776271,0.035911575343835,0,0.991905100151114,             953P    959
0.0434773046620182,0,0.995488816570481,0.0514636341076808,0,         953P    960
0.998081298721145,0.059770130312566,0,0.999649944635851,             953P    961
0.0682923366622175,0,1,0.0740461605736357,0,1,                       953P    962
0.0769230769230769,0,0,1,0,0,1;                                      953P    963
126,1,1,1,0,1,0,0,0,1,1,1,1,1,0.0769230769230769,0,1,                955P    964
0.923076923076923,0,0,1,0,0,1;                                       955P    965
508,8,0,387,103,1,1,0,941,0,387,71,0,1,0,943,0,387,85,1,1,0,945,     957P    966
0,387,80,0,1,0,947,0,387,78,1,1,0,949,0,387,75,1,1,0,951,0,387,      957P    967
73,1,1,0,953,0,387,37,1,1,0,955;                                     957P    968
510,939,1,1,957;                                                     959P    969
128,1,1,1,1,0,0,1,0,0,0,0,1,1,0,0,1,1,1,1,1,1,-1200,2100,322.5,      961P    970
-1200,900,322.5,1200,2100,322.5,1200,900,322.5,0,1,0,1;              961P    971
126,1,1,1,0,1,0,0,0,1,1,1,1,0,1,0,1,1,0,0,1,0,0,1;                   963P    972
126,1,1,1,0,1,0,0,0,1,1,1,1,1,0,0,1,1,0,0,1,0,0,1;                   965P    973
126,1,1,1,0,1,0,0,0,1,1,1,1,1,0,0,0,0,0,0,1,0,0,1;                   967P    974
126,1,1,1,0,1,0,0,0,1,1,1,1,0,0,0,0,1,0,0,1,0,0,1;                   969P    975
508,4,0,387,40,1,1,0,963,0,387,91,0,1,0,965,0,387,81,1,1,0,967,      971P    976
0,387,98,1,1,0,969;                                                  971P    977
510,961,1,1,971;                                                     973P    978
128,1,1,1,1,0,0,1,0,0,0,0,1,1,0,0,1,1,1,1,1,1,1050,900,-677.5,       975P    979
1050,2100,-677.5,1200,900,-677.5,1200,2100,-677.5,0,1,0,1;           975P    980
126,1,1,1,0,1,0,0,0,1,1,1,1,1,0,0,0,0,0,0,1,0,0,1;                   977P    981
126,1,1,1,0,1,0,0,0,1,1,1,1,0,0,0,0,1,0,0,1,0,0,1;                   979P    982
126,1,1,1,0,1,0,0,0,1,1,1,1,0,1,0,1,1,0,0,1,0,0,1;                   981P    983
126,1,1,1,0,1,0,0,0,1,1,1,1,1,0,0,1,1,0,0,1,0,0,1;                   983P    984
508,4,0,387,96,1,1,0,977,0,387,92,1,1,0,979,0,387,42,1,1,0,981,      985P    985
0,387,102,0,1,0,983;                                                 985P    986
510,975,1,1,985;                                                     987P    987
128,1,1,1,1,0,0,1,0,0,0,0,1,1,0,0,1,1,1,1,1,1,1050,900,-1177.5,      989P    988
450,900,-1177.5,1050,2100,-1177.5,450,2100,-1177.5,0,1,0,1;          989P    989
126,1,1,1,0,1,0,0,0,1,1,1,1,0,0,0,0.75,0,0,0,1,0,0,1;                991P    990
126,1,1,1,0,1,0,0,0,1,1,1,1,0,1,0,0,0,0,0,1,0,0,1;                   993P    991
126,1,1,1,0,1,0,0,0,1,1,1,1,0.75,1,0,0,1,0,0,1,0,0,1;                995P    992
126,1,1,1,0,1,0,0,0,1,1,1,1,0.75,1,0,1,1,0,0,1,0,0,1;                997P    993
126,1,1,1,0,1,0,0,0,1,1,1,1,1,1,0,1,0.999069970852099,0,0,1,0,0,     999P    994
1;                                                                   999P    995
126,1,1,1,0,1,0,0,0,1,1,1,1,1,0.999069970852099,0,1,0,0,0,1,0,0,    1001P    996
1;                                                                  1001P    997
126,1,1,1,0,1,0,0,0,1,1,1,1,1,0,0,0.75,0,0,0,1,0,0,1;               1003P    998
508,7,0,387,52,0,1,0,991,0,387,104,0,1,0,993,0,387,46,0,1,0,995,    1005P    999
0,387,101,1,1,0,997,0,387,105,1,1,0,999,0,387,106,1,1,0,1001,0,     1005P   1000
387,94,1,1,0,1003;                                                  1005P   1001
510,989,1,1,1005;                                                   1007P   1002
128,1,1,1,1,0,0,1,0,0,0,0,1,1,0,0,1,1,1,1,1,1,1050,2100,-1177.5,    1009P   1003
1050,900,-1177.5,1050,2100,-1187.5,1050,900,-1187.5,0,1,0,1;        1009P   1004
126,1,1,1,0,1,0,0,0,1,1,1,1,0,0,0,1,0,0,0,1,0,0,1;                  1011P   1005
126,1,1,1,0,1,0,0,0,1,1,1,1,1,0,0,1,1,0,0,1,0,0,1;                  1013P   1006
126,1,1,1,0,1,0,0,0,1,1,1,1,0,1,0,1,1,0,0,1,0,0,1;                  1015P   1007
126,1,1,1,0,1,0,0,0,1,1,1,1,0,0,0,0,1,0,0,1,0,0,1;                  1017P   1008
508,4,0,387,104,1,1,0,1011,0,387,51,1,1,0,1013,0,387,49,0,1,0,      1019P   1009
1015,0,387,47,0,1,0,1017;                                           1019P   1010
510,1009,1,1,1019;                                                  1021P   1011
128,1,1,1,1,0,0,1,0,0,0,0,1,1,0,0,1,1,1,1,1,1,450,                  1023P   1012
2098.88396502252,-627.5,450,898.883965022518,-627.5,450,            1023P   1013
2098.88396502252,-1227.5,450,898.883965022518,-1227.5,0,1,0,1;      1023P   1014
126,1,1,1,0,1,0,0,0,1,1,1,1,0.999069970852098,0,0,                  1025P   1015
0.999069970852098,0.916666666666667,0,0,1,0,0,1;                    1025P   1016
126,1,1,1,0,1,0,0,0,1,1,1,1,0,0.916666666666667,0,                  1027P   1017
0.999069970852098,0.916666666666667,0,0,1,0,0,1;                    1027P   1018
126,1,1,1,0,1,0,0,0,1,1,1,1,0,0.916666666666667,0,0,1,0,0,1,0,0,    1029P   1019
1;                                                                  1029P   1020
126,1,1,1,0,1,0,0,0,1,1,1,1,0,1,0,1,1,0,0,1,0,0,1;                  1031P   1021
126,1,1,1,0,1,0,0,0,1,1,1,1,1,0,0,1,1,0,0,1,0,0,1;                  1033P   1022
126,1,1,1,0,1,0,0,0,1,1,1,1,0.999069970852098,0,0,1,0,0,0,1,0,0,    1035P   1023
1;                                                                  1035P   1024
508,6,0,387,95,1,1,0,1025,0,387,106,0,1,0,1027,0,387,107,1,1,0,     1037P   1025
1029,0,387,59,1,1,0,1031,0,387,108,0,1,0,1033,0,387,109,0,1,0,      1037P   1026
1035;                                                               1037P   1027
510,1023,1,1,1037;                                                  1039P   1028
128,1,1,1,1,0,0,1,0,0,0,0,1,1,0,0,1,1,1,1,1,1,-600,                 1041P   1029
2098.88396502252,-677.5,450,2098.88396502252,-677.5,-600,           1041P   1030
2098.88396502252,-1227.5,450,2098.88396502252,-1227.5,0,1,0,1;      1041P   1031
126,1,1,1,0,1,0,0,0,1,1,1,1,1,0.90909090909091,0,1,0,0,0,1,0,0,     1043P   1032
1;                                                                  1043P   1033
126,1,1,1,0,1,0,0,0,1,1,1,1,0,0,0,1,0,0,0,1,0,0,1;                  1045P   1034
126,1,1,1,0,1,0,0,0,1,1,1,1,0,0,0,0,1,0,0,1,0,0,1;                  1047P   1035
126,1,1,1,0,1,0,0,0,1,1,1,1,0,1,0,1,1,0,0,1,0,0,1;                  1049P   1036
126,1,1,1,0,1,0,0,0,1,1,1,1,1,0.90909090909091,0,1,1,0,0,1,0,0,     1051P   1037
1;                                                                  1051P   1038
508,5,0,387,110,1,1,0,1043,0,387,111,0,1,0,1045,0,387,112,1,1,0,    1053P   1039
1047,0,387,60,1,1,0,1049,0,387,107,0,1,0,1051;                      1053P   1040
510,1041,1,1,1053;                                                  1055P   1041
128,1,1,1,1,0,0,1,0,0,0,0,1,1,0,0,1,1,1,1,1,1,-600,                 1057P   1042
898.883965022518,-627.5,-600,2098.88396502252,-627.5,-600,          1057P   1043
898.883965022518,-1227.5,-600,2098.88396502252,-1227.5,0,1,0,1;     1057P   1044
126,1,1,1,0,1,0,0,0,1,1,1,1,0.000930029147901716,0,0,               1059P   1045
0.000930029147901712,0.0833333333333337,0,0,1,0,0,1;                1059P   1046
126,1,1,1,0,1,0,0,0,1,1,1,1,0,0,0,0.000930029147901716,0,0,0,1,     1061P   1047
0,0,1;                                                              1061P   1048
126,1,1,1,0,1,0,0,0,1,1,1,1,0,0,0,0,1,0,0,1,0,0,1;                  1063P   1049
126,1,1,1,0,1,0,0,0,1,1,1,1,0,1,0,1,1,0,0,1,0,0,1;                  1065P   1050
126,1,1,1,0,1,0,0,0,1,1,1,1,1,0.0833333333333341,0,1,1,0,0,1,0,     1067P   1051
0,1;                                                                1067P   1052
126,1,1,1,0,1,0,0,0,1,1,1,1,0.000930029147901712,                   1069P   1053
0.0833333333333337,0,1,0.0833333333333341,0,0,1,0,0,1;              1069P   1054
508,6,0,387,89,0,1,0,1059,0,387,113,0,1,0,1061,0,387,114,1,1,0,     1071P   1055
1063,0,387,61,1,1,0,1065,0,387,112,0,1,0,1067,0,387,115,0,1,0,      1071P   1056
1069;                                                               1071P   1057
510,1057,1,1,1071;                                                  1073P   1058
128,1,1,1,1,0,0,1,0,0,0,0,1,1,0,0,1,1,1,1,1,1,450,                  1075P   1059
898.883965022518,-627.5,-600,898.883965022518,-627.5,450,           1075P   1060
898.883965022518,-1227.5,-600,898.883965022518,-1227.5,0,1,0,1;     1075P   1061
126,1,1,1,0,1,0,0,0,1,1,1,1,0,1,0,1,1,0,0,1,0,0,1;                  1077P   1062
126,1,1,1,0,1,0,0,0,1,1,1,1,1,0,0,1,1,0,0,1,0,0,1;                  1079P   1063
126,1,1,1,0,1,0,0,0,1,1,1,1,0,0,0,1,0,0,0,1,0,0,1;                  1081P   1064
126,1,1,1,0,1,0,0,0,1,1,1,1,0,0,0,0,1,0,0,1,0,0,1;                  1083P   1065
508,4,0,387,62,1,1,0,1077,0,387,114,0,1,0,1079,0,387,116,0,1,0,     1085P   1066
1081,0,387,108,1,1,0,1083;                                          1085P   1067
510,1075,1,1,1085;                                                  1087P   1068
128,1,1,1,1,0,0,1,0,0,0,0,1,1,0,0,1,1,1,1,1,1,-1200,900,-677.5,     1089P   1069
-1200,2100,-677.5,450,900,-677.5,450,2100,-677.5,0,1,0,1;           1089P   1070
126,1,1,1,0,1,0,0,0,1,1,1,1,0.999069970852098,1,0,1,1,0,0,1,0,0,    1091P   1071
1;                                                                  1091P   1072
126,1,1,1,0,1,0,0,0,1,1,1,1,1,0,0,1,1,0,0,1,0,0,1;                  1093P   1073
126,1,1,1,0,1,0,0,0,1,1,1,1,1,0,0,0,0,0,0,1,0,0,1;                  1095P   1074
126,1,1,1,0,1,0,0,0,1,1,1,1,0,0,0,0,0.363636363636364,0,0,1,0,0,    1097P   1075
1;                                                                  1097P   1076
126,1,1,1,0,1,0,0,0,1,1,1,1,0,0.363636363636364,0,                  1099P   1077
0.999069970852098,0.363636363636364,0,0,1,0,0,1;                    1099P   1078
126,1,1,1,0,1,0,0,0,1,1,1,1,0.999069970852098,0.363636363636364,    1101P   1079
0,0.999069970852098,1,0,0,1,0,0,1;                                  1101P   1080
508,6,0,387,117,1,1,0,1091,0,387,99,0,1,0,1093,0,387,83,1,1,0,      1103P   1081
1095,0,387,90,1,1,0,1097,0,387,115,1,1,0,1099,0,387,111,1,1,0,      1103P   1082
1101;                                                               1103P   1083
510,1089,1,1,1103;                                                  1105P   1084
128,1,1,1,1,0,0,1,0,0,0,0,1,1,0,0,1,1,1,1,1,1,450,                  1107P   1085
898.883965022518,-627.5,-600,898.883965022518,-627.5,450,900,       1107P   1086
-627.5,-600,900,-627.5,0,1,0,1;                                     1107P   1087
126,1,1,1,0,1,0,0,0,1,1,1,1,1,0.999999999999886,0,0,                1109P   1088
0.999999999999886,0,0,1,0,0,1;                                      1109P   1089
126,1,1,1,0,1,0,0,0,1,1,1,1,0,1,0,0,0,0,0,1,0,0,1;                  1111P   1090
126,1,1,1,0,1,0,0,0,1,1,1,1,0,0,0,1,0,0,0,1,0,0,1;                  1113P   1091
126,1,1,1,0,1,0,0,0,1,1,1,1,1,0,0,1,0.999999999999773,0,0,1,0,0,    1115P   1092
1;                                                                  1115P   1093
508,4,0,387,88,1,1,0,1109,0,387,109,1,1,0,1111,0,387,116,1,1,0,     1117P   1094
1113,0,387,113,1,1,0,1115;                                          1117P   1095
510,1107,1,1,1117;                                                  1119P   1096
128,1,1,1,1,0,0,1,0,0,0,0,1,1,0,0,1,1,1,1,1,1,450,2100,-1177.5,     1121P   1097
450,2098.88396502252,-1177.5,450,2100,-677.5,450,                   1121P   1098
2098.88396502252,-677.5,0,1,0,1;                                    1121P   1099
126,1,1,1,0,1,0,0,0,1,1,1,1,1,1,0,0,1,0,0,1,0,0,1;                  1123P   1100
126,1,1,1,0,1,0,0,0,1,1,1,1,0.999999999999561,0,0,                  1125P   1101
0.999999999999646,1,0,0,1,0,0,1;                                    1125P   1102
126,1,1,1,0,1,0,0,0,1,1,1,1,0,0,0,0.999999999999561,0,0,0,1,0,0,    1127P   1103
1;                                                                  1127P   1104
126,1,1,1,0,1,0,0,0,1,1,1,1,0,0,0,0,1,0,0,1,0,0,1;                  1129P   1105
508,4,0,387,117,0,1,0,1123,0,387,110,0,1,0,1125,0,387,105,0,1,0,    1131P   1106
1127,0,387,100,1,1,0,1129;                                          1131P   1107
510,1121,1,1,1131;                                                  1133P   1108
514,40,421,1,451,1,475,1,507,1,521,0,535,0,549,0,563,1,577,1,       1135P   1109
591,1,609,1,637,1,655,0,669,1,687,0,709,1,727,1,741,0,759,1,783,    1135P   1110
1,801,0,821,1,839,1,853,1,881,0,895,0,919,0,937,0,959,1,973,0,      1135P   1111
987,0,1007,0,1021,1,1039,0,1055,0,1073,0,1087,0,1105,0,1119,1,      1135P   1112
1133,0;                                                             1135P   1113
186,1135,1,0;                                                       1137P   1114
502,8,-600,2098.88396502252,-1227.5,450,2098.88396502252,           1139P   1115
-1227.5,450,2098.88396502252,-1237.5,-600,2098.88396502252,         1139P   1116
-1237.5,450,898.883965022518,-1227.5,450,898.883965022518,          1139P   1117
-1237.5,-600,898.883965022518,-1227.5,-600,898.883965022518,        1139P   1118
-1237.5;                                                            1139P   1119
110,-600,2098.88396502252,-1227.5,450,2098.88396502252,-1227.5;     1141P   1120
110,450,2098.88396502252,-1227.5,450,2098.88396502252,-1237.5;      1143P   1121
110,-600,2098.88396502252,-1237.5,450,2098.88396502252,-1237.5;     1145P   1122
110,-600,2098.88396502252,-1227.5,-600,2098.88396502252,-1237.5;    1147P   1123
110,450,2098.88396502252,-1227.5,450,898.883965022518,-1227.5;      1149P   1124
110,450,898.883965022518,-1227.5,450,898.883965022518,-1237.5;      1151P   1125
110,450,2098.88396502252,-1237.5,450,898.883965022518,-1237.5;      1153P   1126
110,450,898.883965022518,-1227.5,-600,898.883965022518,-1227.5;     1155P   1127
110,-600,898.883965022518,-1227.5,-600,898.883965022518,-1237.5;    1157P   1128
110,450,898.883965022518,-1237.5,-600,898.883965022518,-1237.5;     1159P   1129
110,-600,898.883965022518,-1227.5,-600,2098.88396502252,-1227.5;    1161P   1130
110,-600,898.883965022518,-1237.5,-600,2098.88396502252,-1237.5;    1163P   1131
504,12,1141,1139,1,1139,2,1143,1139,2,1139,3,1145,1139,4,1139,3,    1165P   1132
1147,1139,1,1139,4,1149,1139,2,1139,5,1151,1139,5,1139,6,1153,      1165P   1133
1139,3,1139,6,1155,1139,5,1139,7,1157,1139,7,1139,8,1159,1139,6,    1165P   1134
1139,8,1161,1139,7,1139,1,1163,1139,8,1139,4;                       1165P   1135
128,1,1,1,1,0,0,1,0,0,0,0,1,1,0,0,1,1,1,1,1,1,-600,                 1167P   1136
2098.88396502252,-1227.5,450,2098.88396502252,-1227.5,-600,         1167P   1137
2098.88396502252,-1237.5,450,2098.88396502252,-1237.5,0,1,0,1;      1167P   1138
126,1,1,1,0,1,0,0,0,1,1,1,1,0,0,0,1,0,0,0,1,0,0,1;                  1169P   1139
126,1,1,1,0,1,0,0,0,1,1,1,1,1,0,0,1,1,0,0,1,0,0,1;                  1171P   1140
126,1,1,1,0,1,0,0,0,1,1,1,1,0,1,0,1,1,0,0,1,0,0,1;                  1173P   1141
126,1,1,1,0,1,0,0,0,1,1,1,1,0,0,0,0,1,0,0,1,0,0,1;                  1175P   1142
508,4,0,1165,1,1,1,0,1169,0,1165,2,1,1,0,1171,0,1165,3,0,1,0,       1177P   1143
1173,0,1165,4,0,1,0,1175;                                           1177P   1144
510,1167,1,1,1177;                                                  1179P   1145
128,1,1,1,1,0,0,1,0,0,0,0,1,1,0,0,1,1,1,1,1,1,450,                  1181P   1146
2098.88396502252,-1227.5,450,898.883965022518,-1227.5,450,          1181P   1147
2098.88396502252,-1237.5,450,898.883965022518,-1237.5,0,1,0,1;      1181P   1148
126,1,1,1,0,1,0,0,0,1,1,1,1,0,0,0,1,0,0,0,1,0,0,1;                  1183P   1149
126,1,1,1,0,1,0,0,0,1,1,1,1,1,0,0,1,1,0,0,1,0,0,1;                  1185P   1150
126,1,1,1,0,1,0,0,0,1,1,1,1,0,1,0,1,1,0,0,1,0,0,1;                  1187P   1151
126,1,1,1,0,1,0,0,0,1,1,1,1,0,0,0,0,1,0,0,1,0,0,1;                  1189P   1152
508,4,0,1165,5,1,1,0,1183,0,1165,6,1,1,0,1185,0,1165,7,0,1,0,       1191P   1153
1187,0,1165,2,0,1,0,1189;                                           1191P   1154
510,1181,1,1,1191;                                                  1193P   1155
128,1,1,1,1,0,0,1,0,0,0,0,1,1,0,0,1,1,1,1,1,1,450,                  1195P   1156
898.883965022518,-1227.5,-600,898.883965022518,-1227.5,450,         1195P   1157
898.883965022518,-1237.5,-600,898.883965022518,-1237.5,0,1,0,1;     1195P   1158
126,1,1,1,0,1,0,0,0,1,1,1,1,0,0,0,1,0,0,0,1,0,0,1;                  1197P   1159
126,1,1,1,0,1,0,0,0,1,1,1,1,1,0,0,1,1,0,0,1,0,0,1;                  1199P   1160
126,1,1,1,0,1,0,0,0,1,1,1,1,0,1,0,1,1,0,0,1,0,0,1;                  1201P   1161
126,1,1,1,0,1,0,0,0,1,1,1,1,0,0,0,0,1,0,0,1,0,0,1;                  1203P   1162
508,4,0,1165,8,1,1,0,1197,0,1165,9,1,1,0,1199,0,1165,10,0,1,0,      1205P   1163
1201,0,1165,6,0,1,0,1203;                                           1205P   1164
510,1195,1,1,1205;                                                  1207P   1165
128,1,1,1,1,0,0,1,0,0,0,0,1,1,0,0,1,1,1,1,1,1,-600,                 1209P   1166
898.883965022518,-1227.5,-600,2098.88396502252,-1227.5,-600,        1209P   1167
898.883965022518,-1237.5,-600,2098.88396502252,-1237.5,0,1,0,1;     1209P   1168
126,1,1,1,0,1,0,0,0,1,1,1,1,0,0,0,1,0,0,0,1,0,0,1;                  1211P   1169
126,1,1,1,0,1,0,0,0,1,1,1,1,1,0,0,1,1,0,0,1,0,0,1;                  1213P   1170
126,1,1,1,0,1,0,0,0,1,1,1,1,0,1,0,1,1,0,0,1,0,0,1;                  1215P   1171
126,1,1,1,0,1,0,0,0,1,1,1,1,0,0,0,0,1,0,0,1,0,0,1;                  1217P   1172
508,4,0,1165,11,1,1,0,1211,0,1165,4,1,1,0,1213,0,1165,12,0,1,0,     1219P   1173
1215,0,1165,9,0,1,0,1217;                                           1219P   1174
510,1209,1,1,1219;                                                  1221P   1175
128,1,1,1,1,0,0,1,0,0,0,0,1,1,0,0,1,1,1,1,1,1,450,                  1223P   1176
898.883965022518,-1237.5,-600,898.883965022518,-1237.5,450,         1223P   1177
2098.88396502252,-1237.5,-600,2098.88396502252,-1237.5,0,1,0,1;     1223P   1178
126,1,1,1,0,1,0,0,0,1,1,1,1,1,1,0,0,1,0,0,1,0,0,1;                  1225P   1179
126,1,1,1,0,1,0,0,0,1,1,1,1,0,1,0,0,0,0,0,1,0,0,1;                  1227P   1180
126,1,1,1,0,1,0,0,0,1,1,1,1,0,0,0,1,0,0,0,1,0,0,1;                  1229P   1181
126,1,1,1,0,1,0,0,0,1,1,1,1,1,0,0,1,1,0,0,1,0,0,1;                  1231P   1182
508,4,0,1165,3,1,1,0,1225,0,1165,7,1,1,0,1227,0,1165,10,1,1,0,      1233P   1183
1229,0,1165,12,1,1,0,1231;                                          1233P   1184
510,1223,1,1,1233;                                                  1235P   1185
128,1,1,1,1,0,0,1,0,0,0,0,1,1,0,0,1,1,1,1,1,1,450,                  1237P   1186
898.883965022518,-1227.5,-600,898.883965022518,-1227.5,450,         1237P   1187
2098.88396502252,-1227.5,-600,2098.88396502252,-1227.5,0,1,0,1;     1237P   1188
126,1,1,1,0,1,0,0,0,1,1,1,1,1,0,0,1,1,0,0,1,0,0,1;                  1239P   1189
126,1,1,1,0,1,0,0,0,1,1,1,1,0,0,0,1,0,0,0,1,0,0,1;                  1241P   1190
126,1,1,1,0,1,0,0,0,1,1,1,1,0,1,0,0,0,0,0,1,0,0,1;                  1243P   1191
126,1,1,1,0,1,0,0,0,1,1,1,1,1,1,0,0,1,0,0,1,0,0,1;                  1245P   1192
508,4,0,1165,11,0,1,0,1239,0,1165,8,0,1,0,1241,0,1165,5,0,1,0,      1247P   1193
1243,0,1165,1,0,1,0,1245;                                           1247P   1194
510,1237,1,1,1247;                                                  1249P   1195
514,6,1179,1,1193,1,1207,1,1221,1,1235,1,1249,0;                    1251P   1196
186,1251,1,0;                                                       1253P   1197
502,8,-1200,900,322.5,-1200,2100,322.5,-1210,2100,322.5,-1210,      1255P   1198
900,322.5,-1200,2100,-677.5,-1210,2100,-677.5,-1200,900,-677.5,     1255P   1199
-1210,900,-677.5;                                                   1255P   1200
110,-1200,900,322.5,-1200,2100,322.5;                               1257P   1201
110,-1200,2100,322.5,-1210,2100,322.5;                              1259P   1202
110,-1210,900,322.5,-1210,2100,322.5;                               1261P   1203
110,-1200,900,322.499999999999,-1210,900,322.499999999999;          1263P   1204
110,-1200,2100,322.5,-1200,2100,-677.5;                             1265P   1205
110,-1200,2100,-677.5,-1210,2100,-677.5;                            1267P   1206
110,-1210,2100,322.5,-1210,2100,-677.5;                             1269P   1207
110,-1200,2100,-677.5,-1200,900,-677.5;                             1271P   1208
110,-1200,900,-677.5,-1210,900,-677.5;                              1273P   1209
110,-1210,2100,-677.5,-1210,900,-677.5;                             1275P   1210
110,-1200,900,-677.5,-1200,900,322.499999999999;                    1277P   1211
110,-1210,900,-677.5,-1210,900,322.499999999999;                    1279P   1212
504,12,1257,1255,1,1255,2,1259,1255,2,1255,3,1261,1255,4,1255,3,    1281P   1213
1263,1255,1,1255,4,1265,1255,2,1255,5,1267,1255,5,1255,6,1269,      1281P   1214
1255,3,1255,6,1271,1255,5,1255,7,1273,1255,7,1255,8,1275,1255,6,    1281P   1215
1255,8,1277,1255,7,1255,1,1279,1255,8,1255,4;                       1281P   1216
128,1,1,1,1,0,0,1,0,0,0,0,1,1,0,0,1,1,1,1,1,1,-1200,900,322.5,      1283P   1217
-1200,2100,322.5,-1210,900,322.5,-1210,2100,322.5,0,1,0,1;          1283P   1218
126,1,1,1,0,1,0,0,0,1,1,1,1,0,0,0,1,0,0,0,1,0,0,1;                  1285P   1219
126,1,1,1,0,1,0,0,0,1,1,1,1,1,0,0,1,1,0,0,1,0,0,1;                  1287P   1220
126,1,1,1,0,1,0,0,0,1,1,1,1,0,1,0,1,1,0,0,1,0,0,1;                  1289P   1221
126,1,1,1,0,1,0,0,0,1,1,1,1,0,0,0,0,1,0,0,1,0,0,1;                  1291P   1222
508,4,0,1281,1,1,1,0,1285,0,1281,2,1,1,0,1287,0,1281,3,0,1,0,       1293P   1223
1289,0,1281,4,0,1,0,1291;                                           1293P   1224
510,1283,1,1,1293;                                                  1295P   1225
128,1,1,1,1,0,0,1,0,0,0,0,1,1,0,0,1,1,1,1,1,1,-1200,2100,322.5,     1297P   1226
-1200,2100,-677.5,-1210,2100,322.5,-1210,2100,-677.5,0,1,0,1;       1297P   1227
126,1,1,1,0,1,0,0,0,1,1,1,1,0,0,0,1,0,0,0,1,0,0,1;                  1299P   1228
126,1,1,1,0,1,0,0,0,1,1,1,1,1,0,0,1,1,0,0,1,0,0,1;                  1301P   1229
126,1,1,1,0,1,0,0,0,1,1,1,1,0,1,0,1,1,0,0,1,0,0,1;                  1303P   1230
126,1,1,1,0,1,0,0,0,1,1,1,1,0,0,0,0,1,0,0,1,0,0,1;                  1305P   1231
508,4,0,1281,5,1,1,0,1299,0,1281,6,1,1,0,1301,0,1281,7,0,1,0,       1307P   1232
1303,0,1281,2,0,1,0,1305;                                           1307P   1233
510,1297,1,1,1307;                                                  1309P   1234
128,1,1,1,1,0,0,1,0,0,0,0,1,1,0,0,1,1,1,1,1,1,-1200,2100,-677.5,    1311P   1235
-1200,900,-677.5,-1210,2100,-677.5,-1210,900,-677.5,0,1,0,1;        1311P   1236
126,1,1,1,0,1,0,0,0,1,1,1,1,0,0,0,1,0,0,0,1,0,0,1;                  1313P   1237
126,1,1,1,0,1,0,0,0,1,1,1,1,1,0,0,1,1,0,0,1,0,0,1;                  1315P   1238
126,1,1,1,0,1,0,0,0,1,1,1,1,0,1,0,1,1,0,0,1,0,0,1;                  1317P   1239
126,1,1,1,0,1,0,0,0,1,1,1,1,0,0,0,0,1,0,0,1,0,0,1;                  1319P   1240
508,4,0,1281,8,1,1,0,1313,0,1281,9,1,1,0,1315,0,1281,10,0,1,0,      1321P   1241
1317,0,1281,6,0,1,0,1319;                                           1321P   1242
510,1311,1,1,1321;                                                  1323P   1243
128,1,1,1,1,0,0,1,0,0,0,0,1,1,0,0,1,1,1,1,1,1,-1200,900,-677.5,     1325P   1244
-1200,900,322.499999999999,-1210,900,-677.5,-1210,900,              1325P   1245
322.499999999999,0,1,0,1;                                           1325P   1246
126,1,1,1,0,1,0,0,0,1,1,1,1,0,0,0,1,0,0,0,1,0,0,1;                  1327P   1247
126,1,1,1,0,1,0,0,0,1,1,1,1,1,0,0,1,1,0,0,1,0,0,1;                  1329P   1248
126,1,1,1,0,1,0,0,0,1,1,1,1,0,1,0,1,1,0,0,1,0,0,1;                  1331P   1249
126,1,1,1,0,1,0,0,0,1,1,1,1,0,0,0,0,1,0,0,1,0,0,1;                  1333P   1250
508,4,0,1281,11,1,1,0,1327,0,1281,4,1,1,0,1329,0,1281,12,0,1,0,     1335P   1251
1331,0,1281,9,0,1,0,1333;                                           1335P   1252
510,1325,1,1,1335;                                                  1337P   1253
128,1,1,1,1,0,0,1,0,0,0,0,1,1,0,0,1,1,1,1,1,1,-1210,900,-677.5,     1339P   1254
-1210,900,322.5,-1210,2100,-677.5,-1210,2100,322.5,0,1,0,1;         1339P   1255
126,1,1,1,0,1,0,0,0,1,1,1,1,1,0,0,1,1,0,0,1,0,0,1;                  1341P   1256
126,1,1,1,0,1,0,0,0,1,1,1,1,1,1,0,0,1,0,0,1,0,0,1;                  1343P   1257
126,1,1,1,0,1,0,0,0,1,1,1,1,0,1,0,0,0,0,0,1,0,0,1;                  1345P   1258
126,1,1,1,0,1,0,0,0,1,1,1,1,0,0,0,1,0,0,0,1,0,0,1;                  1347P   1259
508,4,0,1281,3,1,1,0,1341,0,1281,7,1,1,0,1343,0,1281,10,1,1,0,      1349P   1260
1345,0,1281,12,1,1,0,1347;                                          1349P   1261
510,1339,1,1,1349;                                                  1351P   1262
128,1,1,1,1,0,0,1,0,0,0,0,1,1,0,0,1,1,1,1,1,1,-1200,900,-677.5,     1353P   1263
-1200,900,322.5,-1200,2100,-677.5,-1200,2100,322.5,0,1,0,1;         1353P   1264
126,1,1,1,0,1,0,0,0,1,1,1,1,0,0,0,1,0,0,0,1,0,0,1;                  1355P   1265
126,1,1,1,0,1,0,0,0,1,1,1,1,0,1,0,0,0,0,0,1,0,0,1;                  1357P   1266
126,1,1,1,0,1,0,0,0,1,1,1,1,1,1,0,0,1,0,0,1,0,0,1;                  1359P   1267
126,1,1,1,0,1,0,0,0,1,1,1,1,1,0,0,1,1,0,0,1,0,0,1;                  1361P   1268
508,4,0,1281,11,0,1,0,1355,0,1281,8,0,1,0,1357,0,1281,5,0,1,0,      1363P   1269
1359,0,1281,1,0,1,0,1361;                                           1363P   1270
510,1353,1,1,1363;                                                  1365P   1271
514,6,1295,1,1309,1,1323,1,1337,1,1351,1,1365,0;                    1367P   1272
186,1367,1,0;                                                       1369P   1273
S      2G      3D   1370P   1273                                        T      1
