IGES file generated by C3D Converter 1.8                                S      1
translator by C3D Labs., translator version IGESOUT-5.1.                S      2
1H,,1H;,7H Деталь,55HE:\Сдача задания\Модели\IGES\Крепление к монитору 2G      1
.igs,0H,3H1.0,32,38,6,308,15,7Hunknown,1,2,2HMM,1000,1,16H-17740206:0636G      2
49,1E-6,50000,5Hno1se,7Hunknown,0,0,13H260306:063650;                   G      3
     502       1       0       0       0       0       0       000010000D      1
     502       0       0      29       1                               0D      2
     110      30       0       0       0       0       0       000010000D      3
     110       1       0       1       0                               0D      4
     110      31       0       0       0       0       0       000010000D      5
     110       1       0       1       0                               0D      6
     124      32       0       0       0       0       0       001020201D      7
     124       1       0       2       0                               0D      8
     100      34       0       0       0       0       7       000010000D      9
     100       1       0       2       0                               0D     10
     110      36       0       0       0       0       0       000010000D     11
     110       1       0       1       0                               0D     12
     124      37       0       0       0       0       0       001020201D     13
     124       1       0       1       0                               0D     14
     100      38       0       0       0       0      13       000010000D     15
     100       1       0       2       0                               0D     16
     110      40       0       0       0       0       0       000010000D     17
     110       1       0       1       0                               0D     18
     124      41       0       0       0       0       0       001020201D     19
     124       1       0       1       0                               0D     20
     100      42       0       0       0       0      19       000010000D     21
     100       1       0       1       0                               0D     22
     110      43       0       0       0       0       0       000010000D     23
     110       1       0       2       0                               0D     24
     124      45       0       0       0       0       0       001020201D     25
     124       1       0       1       0                               0D     26
     100      46       0       0       0       0      25       000010000D     27
     100       1       0       2       0                               0D     28
     110      48       0       0       0       0       0       000010000D     29
     110       1       0       1       0                               0D     30
     110      49       0       0       0       0       0       000010000D     31
     110       1       0       1       0                               0D     32
     110      50       0       0       0       0       0       000010000D     33
     110       1       0       1       0                               0D     34
     124      51       0       0       0       0       0       001020201D     35
     124       1       0       1       0                               0D     36
     100      52       0       0       0       0      35       000010000D     37
     100       1       0       1       0                               0D     38
     124      53       0       0       0       0       0       001020201D     39
     124       1       0       1       0                               0D     40
     100      54       0       0       0       0      39       000010000D     41
     100       1       0       1       0                               0D     42
     124      55       0       0       0       0       0       001020201D     43
     124       1       0       1       0                               0D     44
     100      56       0       0       0       0      43       000010000D     45
     100       1       0       1       0                               0D     46
     124      57       0       0       0       0       0       001020201D     47
     124       1       0       1       0                               0D     48
     100      58       0       0       0       0      47       000010000D     49
     100       1       0       1       0                               0D     50
     110      59       0       0       0       0       0       000010000D     51
     110       1       0       1       0                               0D     52
     110      60       0       0       0       0       0       000010000D     53
     110       1       0       1       0                               0D     54
     110      61       0       0       0       0       0       000010000D     55
     110       1       0       1       0                               0D     56
     110      62       0       0       0       0       0       000010000D     57
     110       1       0       1       0                               0D     58
     124      63       0       0       0       0       0       001020201D     59
     124       1       0       3       0                               0D     60
     100      66       0       0       0       0      59       000010000D     61
     100       1       0       2       0                               0D     62
     110      68       0       0       0       0       0       000010000D     63
     110       1       0       1       0                               0D     64
     124      69       0       0       0       0       0       001020201D     65
     124       1       0       3       0                               0D     66
     100      72       0       0       0       0      65       000010000D     67
     100       1       0       1       0                               0D     68
     110      73       0       0       0       0       0       000010000D     69
     110       1       0       1       0                               0D     70
     124      74       0       0       0       0       0       001020201D     71
     124       1       0       3       0                               0D     72
     100      77       0       0       0       0      71       000010000D     73
     100       1       0       1       0                               0D     74
     110      78       0       0       0       0       0       000010000D     75
     110       1       0       1       0                               0D     76
     124      79       0       0       0       0       0       001020201D     77
     124       1       0       3       0                               0D     78
     100      82       0       0       0       0      77       000010000D     79
     100       1       0       2       0                               0D     80
     110      84       0       0       0       0       0       000010000D     81
     110       1       0       1       0                               0D     82
     124      85       0       0       0       0       0       001020201D     83
     124       1       0       3       0                               0D     84
     100      88       0       0       0       0      83       000010000D     85
     100       1       0       1       0                               0D     86
     124      89       0       0       0       0       0       001020201D     87
     124       1       0       3       0                               0D     88
     100      92       0       0       0       0      87       000010000D     89
     100       1       0       1       0                               0D     90
     124      93       0       0       0       0       0       001020201D     91
     124       1       0       3       0                               0D     92
     100      96       0       0       0       0      91       000010000D     93
     100       1       0       1       0                               0D     94
     124      97       0       0       0       0       0       001020201D     95
     124       1       0       3       0                               0D     96
     100     100       0       0       0       0      95       000010000D     97
     100       1       0       1       0                               0D     98
     110     101       0       0       0       0       0       000010000D     99
     110       1       0       1       0                               0D    100
     110     102       0       0       0       0       0       000010000D    101
     110       1       0       1       0                               0D    102
     110     103       0       0       0       0       0       000010000D    103
     110       1       0       1       0                               0D    104
     110     104       0       0       0       0       0       000010000D    105
     110       1       0       1       0                               0D    106
     110     105       0       0       0       0       0       000010000D    107
     110       1       0       1       0                               0D    108
     124     106       0       0       0       0       0       001020201D    109
     124       1       0       3       0                               0D    110
     100     109       0       0       0       0     109       000010000D    111
     100       1       0       1       0                               0D    112
     124     110       0       0       0       0       0       001020201D    113
     124       1       0       2       0                               0D    114
     100     112       0       0       0       0     113       000010000D    115
     100       1       0       1       0                               0D    116
     124     113       0       0       0       0       0       001020201D    117
     124       1       0       2       0                               0D    118
     100     115       0       0       0       0     117       000010000D    119
     100       1       0       2       0                               0D    120
     110     117       0       0       0       0       0       000010000D    121
     110       1       0       1       0                               0D    122
     110     118       0       0       0       0       0       000010000D    123
     110       1       0       1       0                               0D    124
     124     119       0       0       0       0       0       001020201D    125
     124       1       0       3       0                               0D    126
     100     122       0       0       0       0     125       000010000D    127
     100       1       0       1       0                               0D    128
     110     123       0       0       0       0       0       000010000D    129
     110       1       0       2       0                               0D    130
     124     125       0       0       0       0       0       001020201D    131
     124       1       0       3       0                               0D    132
     100     128       0       0       0       0     131       000010000D    133
     100       1       0       2       0                               0D    134
     124     130       0       0       0       0       0       001020201D    135
     124       1       0       4       0                               0D    136
     100     134       0       0       0       0     135       000010000D    137
     100       1       0       1       0                               0D    138
     124     135       0       0       0       0       0       001020201D    139
     124       1       0       3       0                               0D    140
     100     138       0       0       0       0     139       000010000D    141
     100       1       0       1       0                               0D    142
     110     139       0       0       0       0       0       000010000D    143
     110       1       0       2       0                               0D    144
     124     141       0       0       0       0       0       001020201D    145
     124       1       0       2       0                               0D    146
     100     143       0       0       0       0     145       000010000D    147
     100       1       0       1       0                               0D    148
     110     144       0       0       0       0       0       000010000D    149
     110       1       0       1       0                               0D    150
     124     145       0       0       0       0       0       001020201D    151
     124       1       0       2       0                               0D    152
     100     147       0       0       0       0     151       000010000D    153
     100       1       0       1       0                               0D    154
     124     148       0       0       0       0       0       001020201D    155
     124       1       0       2       0                               0D    156
     100     150       0       0       0       0     155       000010000D    157
     100       1       0       1       0                               0D    158
     124     151       0       0       0       0       0       001020201D    159
     124       1       0       2       0                               0D    160
     100     153       0       0       0       0     159       000010000D    161
     100       1       0       1       0                               0D    162
     124     154       0       0       0       0       0       001020201D    163
     124       1       0       2       0                               0D    164
     100     156       0       0       0       0     163       000010000D    165
     100       1       0       1       0                               0D    166
     110     157       0       0       0       0       0       000010000D    167
     110       1       0       1       0                               0D    168
     110     158       0       0       0       0       0       000010000D    169
     110       1       0       1       0                               0D    170
     110     159       0       0       0       0       0       000010000D    171
     110       1       0       1       0                               0D    172
     110     160       0       0       0       0       0       000010000D    173
     110       1       0       1       0                               0D    174
     110     161       0       0       0       0       0       000010000D    175
     110       1       0       2       0                               0D    176
     110     163       0       0       0       0       0       000010000D    177
     110       1       0       2       0                               0D    178
     110     165       0       0       0       0       0       000010000D    179
     110       1       0       2       0                               0D    180
     110     167       0       0       0       0       0       000010000D    181
     110       1       0       1       0                               0D    182
     110     168       0       0       0       0       0       000010000D    183
     110       1       0       1       0                               0D    184
     124     169       0       0       0       0       0       001020201D    185
     124       1       0       3       0                               0D    186
     100     172       0       0       0       0     185       000010000D    187
     100       1       0       1       0                               0D    188
     110     173       0       0       0       0       0       000010000D    189
     110       1       0       1       0                               0D    190
     124     174       0       0       0       0       0       001020201D    191
     124       1       0       3       0                               0D    192
     100     177       0       0       0       0     191       000010000D    193
     100       1       0       1       0                               0D    194
     110     178       0       0       0       0       0       000010000D    195
     110       1       0       1       0                               0D    196
     124     179       0       0       0       0       0       001020201D    197
     124       1       0       4       0                               0D    198
     100     183       0       0       0       0     197       000010000D    199
     100       1       0       1       0                               0D    200
     110     184       0       0       0       0       0       000010000D    201
     110       1       0       1       0                               0D    202
     124     185       0       0       0       0       0       001020201D    203
     124       1       0       2       0                               0D    204
     100     187       0       0       0       0     203       000010000D    205
     100       1       0       1       0                               0D    206
     110     188       0       0       0       0       0       000010000D    207
     110       1       0       1       0                               0D    208
     124     189       0       0       0       0       0       001020201D    209
     124       1       0       2       0                               0D    210
     100     191       0       0       0       0     209       000010000D    211
     100       1       0       1       0                               0D    212
     124     192       0       0       0       0       0       001020201D    213
     124       1       0       2       0                               0D    214
     100     194       0       0       0       0     213       000010000D    215
     100       1       0       1       0                               0D    216
     124     195       0       0       0       0       0       001020201D    217
     124       1       0       2       0                               0D    218
     100     197       0       0       0       0     217       000010000D    219
     100       1       0       1       0                               0D    220
     124     198       0       0       0       0       0       001020201D    221
     124       1       0       2       0                               0D    222
     100     200       0       0       0       0     221       000010000D    223
     100       1       0       1       0                               0D    224
     110     201       0       0       0       0       0       000010000D    225
     110       1       0       1       0                               0D    226
     110     202       0       0       0       0       0       000010000D    227
     110       1       0       1       0                               0D    228
     110     203       0       0       0       0       0       000010000D    229
     110       1       0       1       0                               0D    230
     110     204       0       0       0       0       0       000010000D    231
     110       1       0       2       0                               0D    232
     110     206       0       0       0       0       0       000010000D    233
     110       1       0       1       0                               0D    234
     110     207       0       0       0       0       0       000010000D    235
     110       1       0       2       0                               0D    236
     110     209       0       0       0       0       0       000010000D    237
     110       1       0       2       0                               0D    238
     124     211       0       0       0       0       0       001020201D    239
     124       1       0       4       0                               0D    240
     100     215       0       0       0       0     239       000010000D    241
     100       1       0       1       0                               0D    242
     124     216       0       0       0       0       0       001020201D    243
     124       1       0       4       0                               0D    244
     100     220       0       0       0       0     243       000010000D    245
     100       1       0       1       0                               0D    246
     110     221       0       0       0       0       0       000010000D    247
     110       1       0       2       0                               0D    248
     124     223       0       0       0       0       0       001020201D    249
     124       1       0       3       0                               0D    250
     100     226       0       0       0       0     249       000010000D    251
     100       1       0       1       0                               0D    252
     110     227       0       0       0       0       0       000010000D    253
     110       1       0       2       0                               0D    254
     110     229       0       0       0       0       0       000010000D    255
     110       1       0       2       0                               0D    256
     110     231       0       0       0       0       0       000010000D    257
     110       1       0       1       0                               0D    258
     110     232       0       0       0       0       0       000010000D    259
     110       1       0       1       0                               0D    260
     110     233       0       0       0       0       0       000010000D    261
     110       1       0       1       0                               0D    262
     110     234       0       0       0       0       0       000010000D    263
     110       1       0       1       0                               0D    264
     110     235       0       0       0       0       0       000010000D    265
     110       1       0       1       0                               0D    266
     110     236       0       0       0       0       0       000010000D    267
     110       1       0       1       0                               0D    268
     110     237       0       0       0       0       0       000010000D    269
     110       1       0       1       0                               0D    270
     124     238       0       0       0       0       0       001020201D    271
     124       1       0       3       0                               0D    272
     100     241       0       0       0       0     271       000010000D    273
     100       1       0       1       0                               0D    274
     124     242       0       0       0       0       0       001020201D    275
     124       1       0       3       0                               0D    276
     100     245       0       0       0       0     275       000010000D    277
     100       1       0       1       0                               0D    278
     124     246       0       0       0       0       0       001020201D    279
     124       1       0       3       0                               0D    280
     100     249       0       0       0       0     279       000010000D    281
     100       1       0       1       0                               0D    282
     110     250       0       0       0       0       0       000010000D    283
     110       1       0       2       0                               0D    284
     124     252       0       0       0       0       0       001020201D    285
     124       1       0       3       0                               0D    286
     100     255       0       0       0       0     285       000010000D    287
     100       1       0       1       0                               0D    288
     110     256       0       0       0       0       0       000010000D    289
     110       1       0       2       0                               0D    290
     124     258       0       0       0       0       0       001020201D    291
     124       1       0       3       0                               0D    292
     100     261       0       0       0       0     291       000010000D    293
     100       1       0       1       0                               0D    294
     504     262       0       0       0       0       0       000010000D    295
     504       1       0      22       1                               0D    296
     128     284       0       0       0       0       0       000010000D    297
     128       1       0       3       0                               0D    298
     126     287       0       0       0       0       0       001010500D    299
     126       1       0       1       0                               0D    300
     126     288       0       0       0       0       0       001010500D    301
     126       1       0       2       0                               0D    302
     126     290       0       0       0       0       0       001010500D    303
     126       1       0      16       0                               0D    304
     126     306       0       0       0       0       0       001010500D    305
     126       1       0       2       0                               0D    306
     126     308       0       0       0       0       0       001010500D    307
     126       1       0      16       0                               0D    308
     126     324       0       0       0       0       0       001010500D    309
     126       1       0       2       0                               0D    310
     126     326       0       0       0       0       0       001010500D    311
     126       1       0      17       0                               0D    312
     126     343       0       0       0       0       0       001010500D    313
     126       1       0       3       0                               0D    314
     126     346       0       0       0       0       0       001010500D    315
     126       1       0      17       0                               0D    316
     126     363       0       0       0       0       0       001010500D    317
     126       1       0       2       0                               0D    318
     126     365       0       0       0       0       0       001010500D    319
     126       1       0       2       0                               0D    320
     126     367       0       0       0       0       0       001010500D    321
     126       1       0       1       0                               0D    322
     508     368       0       0       0       0       0       000010000D    323
     508       1       0       4       1                               0D    324
     126     372       0       0       0       0       0       001010500D    325
     126       1       0      29       0                               0D    326
     126     401       0       0       0       0       0       001010500D    327
     126       1       0      29       0                               0D    328
     508     430       0       0       0       0       0       000010000D    329
     508       1       0       1       1                               0D    330
     126     431       0       0       0       0       0       001010500D    331
     126       1       0      29       0                               0D    332
     126     460       0       0       0       0       0       001010500D    333
     126       1       0      29       0                               0D    334
     508     489       0       0       0       0       0       000010000D    335
     508       1       0       1       1                               0D    336
     314     490       0       0       0       0       0       001000200D    337
     314       1       0       1       0                               0D    338
     510     491       0       0       0       0       0       000010000D    339
     510       1    -337       1       1                               0D    340
     128     492       0       0       0       0       0       000010000D    341
     128       1       0       4       0                               0D    342
     126     496       0       0       0       0       0       001010500D    343
     126       1       0       2       0                               0D    344
     126     498       0       0       0       0       0       001010500D    345
     126       1       0       1       0                               0D    346
     126     499       0       0       0       0       0       001010500D    347
     126       1       0       2       0                               0D    348
     126     501       0       0       0       0       0       001010500D    349
     126       1       0       2       0                               0D    350
     126     503       0       0       0       0       0       001010500D    351
     126       1       0      17       0                               0D    352
     126     520       0       0       0       0       0       001010500D    353
     126       1       0       2       0                               0D    354
     126     522       0       0       0       0       0       001010500D    355
     126       1       0      16       0                               0D    356
     126     538       0       0       0       0       0       001010500D    357
     126       1       0       2       0                               0D    358
     126     540       0       0       0       0       0       001010500D    359
     126       1       0      17       0                               0D    360
     126     557       0       0       0       0       0       001010500D    361
     126       1       0       2       0                               0D    362
     126     559       0       0       0       0       0       001010500D    363
     126       1       0      15       0                               0D    364
     126     574       0       0       0       0       0       001010500D    365
     126       1       0       2       0                               0D    366
     508     576       0       0       0       0       0       000010000D    367
     508       1       0       4       1                               0D    368
     126     580       0       0       0       0       0       001010500D    369
     126       1       0      29       0                               0D    370
     126     609       0       0       0       0       0       001010500D    371
     126       1       0      29       0                               0D    372
     508     638       0       0       0       0       0       000010000D    373
     508       1       0       1       1                               0D    374
     126     639       0       0       0       0       0       001010500D    375
     126       1       0      29       0                               0D    376
     126     668       0       0       0       0       0       001010500D    377
     126       1       0      29       0                               0D    378
     508     697       0       0       0       0       0       000010000D    379
     508       1       0       1       1                               0D    380
     510     698       0       0       0       0       0       000010000D    381
     510       1    -337       1       1                               0D    382
     110     699       0       0       0       0       0       001010000D    383
     110       1       0       1       0                               0D    384
     110     700       0       0       0       0       0       001010001D    385
     110       1       0       1       0                               0D    386
     120     701       0       0       0       0       0       000010000D    387
     120       1       0       1       0                               0D    388
     126     702       0       0       0       0       0       001010500D    389
     126       1       0       2       0                               0D    390
     126     704       0       0       0       0       0       001010500D    391
     126       1       0       2       0                               0D    392
     126     706       0       0       0       0       0       001010500D    393
     126       1       0       1       0                               0D    394
     126     707       0       0       0       0       0       001010500D    395
     126       1       0       2       0                               0D    396
     508     709       0       0       0       0       0       000010000D    397
     508       1       0       2       1                               0D    398
     510     711       0       0       0       0       0       000010000D    399
     510       1    -337       1       1                               0D    400
     110     712       0       0       0       0       0       001010000D    401
     110       1       0       1       0                               0D    402
     110     713       0       0       0       0       0       001010001D    403
     110       1       0       1       0                               0D    404
     120     714       0       0       0       0       0       000010000D    405
     120       1       0       1       0                               0D    406
     126     715       0       0       0       0       0       001010500D    407
     126       1       0       2       0                               0D    408
     126     717       0       0       0       0       0       001010500D    409
     126       1       0       2       0                               0D    410
     126     719       0       0       0       0       0       001010500D    411
     126       1       0       1       0                               0D    412
     126     720       0       0       0       0       0       001010500D    413
     126       1       0       2       0                               0D    414
     508     722       0       0       0       0       0       000010000D    415
     508       1       0       2       1                               0D    416
     510     724       0       0       0       0       0       000010000D    417
     510       1    -337       1       1                               0D    418
     110     725       0       0       0       0       0       001010000D    419
     110       1       0       1       0                               0D    420
     110     726       0       0       0       0       0       001010001D    421
     110       1       0       1       0                               0D    422
     120     727       0       0       0       0       0       000010000D    423
     120       1       0       1       0                               0D    424
     126     728       0       0       0       0       0       001010500D    425
     126       1       0       2       0                               0D    426
     126     730       0       0       0       0       0       001010500D    427
     126       1       0       1       0                               0D    428
     126     731       0       0       0       0       0       001010500D    429
     126       1       0       1       0                               0D    430
     126     732       0       0       0       0       0       001010500D    431
     126       1       0       1       0                               0D    432
     508     733       0       0       0       0       0       000010000D    433
     508       1       0       2       1                               0D    434
     510     735       0       0       0       0       0       000010000D    435
     510       1    -337       1       1                               0D    436
     128     736       0       0       0       0       0       000010000D    437
     128       1       0       3       0                               0D    438
     126     739       0       0       0       0       0       001010500D    439
     126       1       0      16       0                               0D    440
     126     755       0       0       0       0       0       001010500D    441
     126       1       0       1       0                               0D    442
     126     756       0       0       0       0       0       001010500D    443
     126       1       0       1       0                               0D    444
     126     757       0       0       0       0       0       001010500D    445
     126       1       0       1       0                               0D    446
     126     758       0       0       0       0       0       001010500D    447
     126       1       0      16       0                               0D    448
     126     774       0       0       0       0       0       001010500D    449
     126       1       0       2       0                               0D    450
     126     776       0       0       0       0       0       001010500D    451
     126       1       0      16       0                               0D    452
     126     792       0       0       0       0       0       001010500D    453
     126       1       0       2       0                               0D    454
     126     794       0       0       0       0       0       001010500D    455
     126       1       0      16       0                               0D    456
     126     810       0       0       0       0       0       001010500D    457
     126       1       0      29       0                               0D    458
     126     839       0       0       0       0       0       001010500D    459
     126       1       0      16       0                               0D    460
     126     855       0       0       0       0       0       001010500D    461
     126       1       0       2       0                               0D    462
     126     857       0       0       0       0       0       001010500D    463
     126       1       0      16       0                               0D    464
     126     873       0       0       0       0       0       001010500D    465
     126       1       0       2       0                               0D    466
     508     875       0       0       0       0       0       000010000D    467
     508       1       0       5       1                               0D    468
     126     880       0       0       0       0       0       001010500D    469
     126       1       0      28       0                               0D    470
     126     908       0       0       0       0       0       001010500D    471
     126       1       0      28       0                               0D    472
     508     936       0       0       0       0       0       000010000D    473
     508       1       0       1       1                               0D    474
     126     937       0       0       0       0       0       001010500D    475
     126       1       0      28       0                               0D    476
     126     965       0       0       0       0       0       001010500D    477
     126       1       0      28       0                               0D    478
     508     993       0       0       0       0       0       000010000D    479
     508       1       0       1       1                               0D    480
     510     994       0       0       0       0       0       000010000D    481
     510       1    -337       1       1                               0D    482
     110     995       0       0       0       0       0       001010000D    483
     110       1       0       1       0                               0D    484
     110     996       0       0       0       0       0       001010001D    485
     110       1       0       1       0                               0D    486
     120     997       0       0       0       0       0       000010000D    487
     120       1       0       1       0                               0D    488
     126     998       0       0       0       0       0       001010500D    489
     126       1       0       2       0                               0D    490
     126    1000       0       0       0       0       0       001010500D    491
     126       1       0       2       0                               0D    492
     126    1002       0       0       0       0       0       001010500D    493
     126       1       0       1       0                               0D    494
     126    1003       0       0       0       0       0       001010500D    495
     126       1       0       1       0                               0D    496
     508    1004       0       0       0       0       0       000010000D    497
     508       1       0       2       1                               0D    498
     510    1006       0       0       0       0       0       000010000D    499
     510       1    -337       1       1                               0D    500
     128    1007       0       0       0       0       0       000010000D    501
     128       1       0       3       0                               0D    502
     126    1010       0       0       0       0       0       001010500D    503
     126       1       0       1       0                               0D    504
     126    1011       0       0       0       0       0       001010500D    505
     126       1       0       1       0                               0D    506
     126    1012       0       0       0       0       0       001010500D    507
     126       1       0       2       0                               0D    508
     126    1014       0       0       0       0       0       001010500D    509
     126       1       0       2       0                               0D    510
     508    1016       0       0       0       0       0       000010000D    511
     508       1       0       2       1                               0D    512
     510    1018       0       0       0       0       0       000010000D    513
     510       1    -337       1       1                               0D    514
     110    1019       0       0       0       0       0       001010000D    515
     110       1       0       1       0                               0D    516
     110    1020       0       0       0       0       0       001010001D    517
     110       1       0       1       0                               0D    518
     120    1021       0       0       0       0       0       000010000D    519
     120       1       0       1       0                               0D    520
     126    1022       0       0       0       0       0       001010500D    521
     126       1       0       2       0                               0D    522
     126    1024       0       0       0       0       0       001010500D    523
     126       1       0       2       0                               0D    524
     126    1026       0       0       0       0       0       001010500D    525
     126       1       0       1       0                               0D    526
     126    1027       0       0       0       0       0       001010500D    527
     126       1       0       1       0                               0D    528
     508    1028       0       0       0       0       0       000010000D    529
     508       1       0       2       1                               0D    530
     510    1030       0       0       0       0       0       000010000D    531
     510       1    -337       1       1                               0D    532
     128    1031       0       0       0       0       0       000010000D    533
     128       1       0       3       0                               0D    534
     126    1034       0       0       0       0       0       001010500D    535
     126       1       0       1       0                               0D    536
     126    1035       0       0       0       0       0       001010500D    537
     126       1       0       2       0                               0D    538
     126    1037       0       0       0       0       0       001010500D    539
     126       1       0       2       0                               0D    540
     126    1039       0       0       0       0       0       001010500D    541
     126       1       0       1       0                               0D    542
     508    1040       0       0       0       0       0       000010000D    543
     508       1       0       2       1                               0D    544
     510    1042       0       0       0       0       0       000010000D    545
     510       1    -337       1       1                               0D    546
     110    1043       0       0       0       0       0       001010000D    547
     110       1       0       2       0                               0D    548
     110    1045       0       0       0       0       0       001010001D    549
     110       1       0       2       0                               0D    550
     120    1047       0       0       0       0       0       000010000D    551
     120       1       0       1       0                               0D    552
     126    1048       0       0       0       0       0       001010500D    553
     126       1       0       2       0                               0D    554
     126    1050       0       0       0       0       0       001010500D    555
     126       1       0       2       0                               0D    556
     126    1052       0       0       0       0       0       001010500D    557
     126       1       0       1       0                               0D    558
     126    1053       0       0       0       0       0       001010500D    559
     126       1       0       1       0                               0D    560
     508    1054       0       0       0       0       0       000010000D    561
     508       1       0       2       1                               0D    562
     510    1056       0       0       0       0       0       000010000D    563
     510       1    -337       1       1                               0D    564
     128    1057       0       0       0       0       0       000010000D    565
     128       1       0       3       0                               0D    566
     126    1060       0       0       0       0       0       001010500D    567
     126       1       0       1       0                               0D    568
     126    1061       0       0       0       0       0       001010500D    569
     126       1       0       1       0                               0D    570
     126    1062       0       0       0       0       0       001010500D    571
     126       1       0       1       0                               0D    572
     126    1063       0       0       0       0       0       001010500D    573
     126       1       0       1       0                               0D    574
     508    1064       0       0       0       0       0       000010000D    575
     508       1       0       2       1                               0D    576
     510    1066       0       0       0       0       0       000010000D    577
     510       1    -337       1       1                               0D    578
     110    1067       0       0       0       0       0       001010000D    579
     110       1       0       2       0                               0D    580
     110    1069       0       0       0       0       0       001010001D    581
     110       1       0       1       0                               0D    582
     120    1070       0       0       0       0       0       000010000D    583
     120       1       0       1       0                               0D    584
     126    1071       0       0       0       0       0       001010500D    585
     126       1       0       2       0                               0D    586
     126    1073       0       0       0       0       0       001010500D    587
     126       1       0       2       0                               0D    588
     126    1075       0       0       0       0       0       001010500D    589
     126       1       0       1       0                               0D    590
     126    1076       0       0       0       0       0       001010500D    591
     126       1       0       1       0                               0D    592
     508    1077       0       0       0       0       0       000010000D    593
     508       1       0       2       1                               0D    594
     510    1079       0       0       0       0       0       000010000D    595
     510       1    -337       1       1                               0D    596
     128    1080       0       0       0       0       0       000010000D    597
     128       1       0       3       0                               0D    598
     126    1083       0       0       0       0       0       001010500D    599
     126       1       0       2       0                               0D    600
     126    1085       0       0       0       0       0       001010500D    601
     126       1       0       2       0                               0D    602
     126    1087       0       0       0       0       0       001010500D    603
     126       1       0       1       0                               0D    604
     126    1088       0       0       0       0       0       001010500D    605
     126       1       0       2       0                               0D    606
     508    1090       0       0       0       0       0       000010000D    607
     508       1       0       2       1                               0D    608
     510    1092       0       0       0       0       0       000010000D    609
     510       1    -337       1       1                               0D    610
     128    1093       0       0       0       0       0       000010000D    611
     128       1       0       3       0                               0D    612
     126    1096       0       0       0       0       0       001010500D    613
     126       1       0       1       0                               0D    614
     126    1097       0       0       0       0       0       001010500D    615
     126       1       0       1       0                               0D    616
     126    1098       0       0       0       0       0       001010500D    617
     126       1       0       1       0                               0D    618
     126    1099       0       0       0       0       0       001010500D    619
     126       1       0       1       0                               0D    620
     508    1100       0       0       0       0       0       000010000D    621
     508       1       0       2       1                               0D    622
     510    1102       0       0       0       0       0       000010000D    623
     510       1    -337       1       1                               0D    624
     128    1103       0       0       0       0       0       000010000D    625
     128       1       0       2       0                               0D    626
     126    1105       0       0       0       0       0       001010500D    627
     126       1       0      16       0                               0D    628
     126    1121       0       0       0       0       0       001010500D    629
     126       1       0       2       0                               0D    630
     126    1123       0       0       0       0       0       001010500D    631
     126       1       0      16       0                               0D    632
     126    1139       0       0       0       0       0       001010500D    633
     126       1       0       2       0                               0D    634
     126    1141       0       0       0       0       0       001010500D    635
     126       1       0      29       0                               0D    636
     126    1170       0       0       0       0       0       001010500D    637
     126       1       0       2       0                               0D    638
     126    1172       0       0       0       0       0       001010500D    639
     126       1       0      16       0                               0D    640
     126    1188       0       0       0       0       0       001010500D    641
     126       1       0       2       0                               0D    642
     126    1190       0       0       0       0       0       001010500D    643
     126       1       0      16       0                               0D    644
     126    1206       0       0       0       0       0       001010500D    645
     126       1       0       2       0                               0D    646
     126    1208       0       0       0       0       0       001010500D    647
     126       1       0       1       0                               0D    648
     126    1209       0       0       0       0       0       001010500D    649
     126       1       0       2       0                               0D    650
     508    1211       0       0       0       0       0       000010000D    651
     508       1       0       4       1                               0D    652
     126    1215       0       0       0       0       0       001010500D    653
     126       1       0      29       0                               0D    654
     126    1244       0       0       0       0       0       001010500D    655
     126       1       0      29       0                               0D    656
     508    1273       0       0       0       0       0       000010000D    657
     508       1       0       1       1                               0D    658
     126    1274       0       0       0       0       0       001010500D    659
     126       1       0      29       0                               0D    660
     126    1303       0       0       0       0       0       001010500D    661
     126       1       0      29       0                               0D    662
     508    1332       0       0       0       0       0       000010000D    663
     508       1       0       1       1                               0D    664
     510    1333       0       0       0       0       0       000010000D    665
     510       1    -337       1       1                               0D    666
     110    1334       0       0       0       0       0       001010000D    667
     110       1       0       1       0                               0D    668
     110    1335       0       0       0       0       0       001010001D    669
     110       1       0       1       0                               0D    670
     120    1336       0       0       0       0       0       000010000D    671
     120       1       0       1       0                               0D    672
     126    1337       0       0       0       0       0       001010500D    673
     126       1       0       2       0                               0D    674
     126    1339       0       0       0       0       0       001010500D    675
     126       1       0       1       0                               0D    676
     126    1340       0       0       0       0       0       001010500D    677
     126       1       0       1       0                               0D    678
     126    1341       0       0       0       0       0       001010500D    679
     126       1       0       1       0                               0D    680
     508    1342       0       0       0       0       0       000010000D    681
     508       1       0       2       1                               0D    682
     510    1344       0       0       0       0       0       000010000D    683
     510       1    -337       1       1                               0D    684
     128    1345       0       0       0       0       0       000010000D    685
     128       1       0       3       0                               0D    686
     126    1348       0       0       0       0       0       001010500D    687
     126       1       0       1       0                               0D    688
     126    1349       0       0       0       0       0       001010500D    689
     126       1       0       1       0                               0D    690
     126    1350       0       0       0       0       0       001010500D    691
     126       1       0       1       0                               0D    692
     126    1351       0       0       0       0       0       001010500D    693
     126       1       0       1       0                               0D    694
     508    1352       0       0       0       0       0       000010000D    695
     508       1       0       2       1                               0D    696
     510    1354       0       0       0       0       0       000010000D    697
     510       1    -337       1       1                               0D    698
     110    1355       0       0       0       0       0       001010000D    699
     110       1       0       1       0                               0D    700
     110    1356       0       0       0       0       0       001010001D    701
     110       1       0       1       0                               0D    702
     120    1357       0       0       0       0       0       000010000D    703
     120       1       0       1       0                               0D    704
     126    1358       0       0       0       0       0       001010500D    705
     126       1       0       1       0                               0D    706
     126    1359       0       0       0       0       0       001010500D    707
     126       1       0       1       0                               0D    708
     126    1360       0       0       0       0       0       001010500D    709
     126       1       0       2       0                               0D    710
     126    1362       0       0       0       0       0       001010500D    711
     126       1       0       1       0                               0D    712
     508    1363       0       0       0       0       0       000010000D    713
     508       1       0       2       1                               0D    714
     510    1365       0       0       0       0       0       000010000D    715
     510       1    -337       1       1                               0D    716
     128    1366       0       0       0       0       0       000010000D    717
     128       1       0       2       0                               0D    718
     126    1368       0       0       0       0       0       001010500D    719
     126       1       0       2       0                               0D    720
     126    1370       0       0       0       0       0       001010500D    721
     126       1       0       2       0                               0D    722
     126    1372       0       0       0       0       0       001010500D    723
     126       1       0       1       0                               0D    724
     126    1373       0       0       0       0       0       001010500D    725
     126       1       0       1       0                               0D    726
     126    1374       0       0       0       0       0       001010500D    727
     126       1       0       2       0                               0D    728
     126    1376       0       0       0       0       0       001010500D    729
     126       1       0       2       0                               0D    730
     508    1378       0       0       0       0       0       000010000D    731
     508       1       0       2       1                               0D    732
     510    1380       0       0       0       0       0       000010000D    733
     510       1    -337       1       1                               0D    734
     110    1381       0       0       0       0       0       001010000D    735
     110       1       0       2       0                               0D    736
     110    1383       0       0       0       0       0       001010001D    737
     110       1       0       2       0                               0D    738
     120    1385       0       0       0       0       0       000010000D    739
     120       1       0       1       0                               0D    740
     126    1386       0       0       0       0       0       001010500D    741
     126       1       0       2       0                               0D    742
     126    1388       0       0       0       0       0       001010500D    743
     126       1       0       2       0                               0D    744
     126    1390       0       0       0       0       0       001010500D    745
     126       1       0       1       0                               0D    746
     126    1391       0       0       0       0       0       001010500D    747
     126       1       0      20       0                               0D    748
     508    1411       0       0       0       0       0       000010000D    749
     508       1       0       2       1                               0D    750
     510    1413       0       0       0       0       0       000010000D    751
     510       1    -337       1       1                               0D    752
     110    1414       0       0       0       0       0       001010000D    753
     110       1       0       1       0                               0D    754
     110    1415       0       0       0       0       0       001010001D    755
     110       1       0       2       0                               0D    756
     120    1417       0       0       0       0       0       000010000D    757
     120       1       0       1       0                               0D    758
     126    1418       0       0       0       0       0       001010500D    759
     126       1       0       1       0                               0D    760
     126    1419       0       0       0       0       0       001010500D    761
     126       1       0       2       0                               0D    762
     126    1421       0       0       0       0       0       001010500D    763
     126       1       0       2       0                               0D    764
     126    1423       0       0       0       0       0       001010500D    765
     126       1       0       2       0                               0D    766
     508    1425       0       0       0       0       0       000010000D    767
     508       1       0       2       1                               0D    768
     510    1427       0       0       0       0       0       000010000D    769
     510       1    -337       1       1                               0D    770
     110    1428       0       0       0       0       0       001010000D    771
     110       1       0       1       0                               0D    772
     110    1429       0       0       0       0       0       001010001D    773
     110       1       0       2       0                               0D    774
     120    1431       0       0       0       0       0       000010000D    775
     120       1       0       1       0                               0D    776
     126    1432       0       0       0       0       0       001010500D    777
     126       1       0       2       0                               0D    778
     126    1434       0       0       0       0       0       001010500D    779
     126       1       0      20       0                               0D    780
     126    1454       0       0       0       0       0       001010500D    781
     126       1       0       1       0                               0D    782
     126    1455       0       0       0       0       0       001010500D    783
     126       1       0       1       0                               0D    784
     508    1456       0       0       0       0       0       000010000D    785
     508       1       0       2       1                               0D    786
     510    1458       0       0       0       0       0       000010000D    787
     510       1    -337       1       1                               0D    788
     128    1459       0       0       0       0       0       000010000D    789
     128       1       0       2       0                               0D    790
     126    1461       0       0       0       0       0       001010500D    791
     126       1       0       2       0                               0D    792
     126    1463       0       0       0       0       0       001010500D    793
     126       1       0       2       0                               0D    794
     126    1465       0       0       0       0       0       001010500D    795
     126       1       0       2       0                               0D    796
     126    1467       0       0       0       0       0       001010500D    797
     126       1       0       2       0                               0D    798
     126    1469       0       0       0       0       0       001010500D    799
     126       1       0       1       0                               0D    800
     126    1470       0       0       0       0       0       001010500D    801
     126       1       0       2       0                               0D    802
     508    1472       0       0       0       0       0       000010000D    803
     508       1       0       2       1                               0D    804
     510    1474       0       0       0       0       0       000010000D    805
     510       1    -337       1       1                               0D    806
     110    1475       0       0       0       0       0       001010000D    807
     110       1       0       1       0                               0D    808
     110    1476       0       0       0       0       0       001010001D    809
     110       1       0       1       0                               0D    810
     120    1477       0       0       0       0       0       000010000D    811
     120       1       0       1       0                               0D    812
     126    1478       0       0       0       0       0       001010500D    813
     126       1       0       1       0                               0D    814
     126    1479       0       0       0       0       0       001010500D    815
     126       1       0       1       0                               0D    816
     126    1480       0       0       0       0       0       001010500D    817
     126       1       0       2       0                               0D    818
     126    1482       0       0       0       0       0       001010500D    819
     126       1       0       1       0                               0D    820
     508    1483       0       0       0       0       0       000010000D    821
     508       1       0       2       1                               0D    822
     510    1485       0       0       0       0       0       000010000D    823
     510       1    -337       1       1                               0D    824
     128    1486       0       0       0       0       0       000010000D    825
     128       1       0       2       0                               0D    826
     126    1488       0       0       0       0       0       001010500D    827
     126       1       0       1       0                               0D    828
     126    1489       0       0       0       0       0       001010500D    829
     126       1       0       1       0                               0D    830
     126    1490       0       0       0       0       0       001010500D    831
     126       1       0       1       0                               0D    832
     126    1491       0       0       0       0       0       001010500D    833
     126       1       0       1       0                               0D    834
     508    1492       0       0       0       0       0       000010000D    835
     508       1       0       2       1                               0D    836
     510    1494       0       0       0       0       0       000010000D    837
     510       1    -337       1       1                               0D    838
     110    1495       0       0       0       0       0       001010000D    839
     110       1       0       1       0                               0D    840
     110    1496       0       0       0       0       0       001010001D    841
     110       1       0       1       0                               0D    842
     120    1497       0       0       0       0       0       000010000D    843
     120       1       0       1       0                               0D    844
     126    1498       0       0       0       0       0       001010500D    845
     126       1       0       2       0                               0D    846
     126    1500       0       0       0       0       0       001010500D    847
     126       1       0       1       0                               0D    848
     126    1501       0       0       0       0       0       001010500D    849
     126       1       0       2       0                               0D    850
     126    1503       0       0       0       0       0       001010500D    851
     126       1       0       2       0                               0D    852
     508    1505       0       0       0       0       0       000010000D    853
     508       1       0       2       1                               0D    854
     510    1507       0       0       0       0       0       000010000D    855
     510       1    -337       1       1                               0D    856
     110    1508       0       0       0       0       0       001010000D    857
     110       1       0       2       0                               0D    858
     110    1510       0       0       0       0       0       001010001D    859
     110       1       0       1       0                               0D    860
     120    1511       0       0       0       0       0       000010000D    861
     120       1       0       1       0                               0D    862
     126    1512       0       0       0       0       0       001010500D    863
     126       1       0       2       0                               0D    864
     126    1514       0       0       0       0       0       001010500D    865
     126       1       0       1       0                               0D    866
     126    1515       0       0       0       0       0       001010500D    867
     126       1       0       2       0                               0D    868
     126    1517       0       0       0       0       0       001010500D    869
     126       1       0       2       0                               0D    870
     508    1519       0       0       0       0       0       000010000D    871
     508       1       0       2       1                               0D    872
     510    1521       0       0       0       0       0       000010000D    873
     510       1    -337       1       1                               0D    874
     110    1522       0       0       0       0       0       001010000D    875
     110       1       0       1       0                               0D    876
     110    1523       0       0       0       0       0       001010001D    877
     110       1       0       1       0                               0D    878
     120    1524       0       0       0       0       0       000010000D    879
     120       1       0       1       0                               0D    880
     126    1525       0       0       0       0       0       001010500D    881
     126       1       0       2       0                               0D    882
     126    1527       0       0       0       0       0       001010500D    883
     126       1       0       1       0                               0D    884
     126    1528       0       0       0       0       0       001010500D    885
     126       1       0       2       0                               0D    886
     126    1530       0       0       0       0       0       001010500D    887
     126       1       0       2       0                               0D    888
     508    1532       0       0       0       0       0       000010000D    889
     508       1       0       2       1                               0D    890
     510    1534       0       0       0       0       0       000010000D    891
     510       1    -337       1       1                               0D    892
     128    1535       0       0       0       0       0       000010000D    893
     128       1       0       3       0                               0D    894
     126    1538       0       0       0       0       0       001010500D    895
     126       1       0      28       0                               0D    896
     126    1566       0       0       0       0       0       001010500D    897
     126       1       0       2       0                               0D    898
     126    1568       0       0       0       0       0       001010500D    899
     126       1       0      29       0                               0D    900
     126    1597       0       0       0       0       0       001010500D    901
     126       1       0       2       0                               0D    902
     126    1599       0       0       0       0       0       001010500D    903
     126       1       0      27       0                               0D    904
     126    1626       0       0       0       0       0       001010500D    905
     126       1       0      28       0                               0D    906
     508    1654       0       0       0       0       0       000010000D    907
     508       1       0       2       1                               0D    908
     126    1656       0       0       0       0       0       001010500D    909
     126       1       0      28       0                               0D    910
     126    1684       0       0       0       0       0       001010500D    911
     126       1       0      28       0                               0D    912
     508    1712       0       0       0       0       0       000010000D    913
     508       1       0       1       1                               0D    914
     510    1713       0       0       0       0       0       000010000D    915
     510       1    -337       1       1                               0D    916
     110    1714       0       0       0       0       0       001010000D    917
     110       1       0       1       0                               0D    918
     110    1715       0       0       0       0       0       001010001D    919
     110       1       0       2       0                               0D    920
     120    1717       0       0       0       0       0       000010000D    921
     120       1       0       1       0                               0D    922
     126    1718       0       0       0       0       0       001010500D    923
     126       1       0       1       0                               0D    924
     126    1719       0       0       0       0       0       001010500D    925
     126       1       0       2       0                               0D    926
     126    1721       0       0       0       0       0       001010500D    927
     126       1       0       2       0                               0D    928
     126    1723       0       0       0       0       0       001010500D    929
     126       1       0       2       0                               0D    930
     508    1725       0       0       0       0       0       000010000D    931
     508       1       0       2       1                               0D    932
     510    1727       0       0       0       0       0       000010000D    933
     510       1    -337       1       1                               0D    934
     128    1728       0       0       0       0       0       000010000D    935
     128       1       0       2       0                               0D    936
     126    1730       0       0       0       0       0       001010500D    937
     126       1       0      27       0                               0D    938
     126    1757       0       0       0       0       0       001010500D    939
     126       1       0      27       0                               0D    940
     508    1784       0       0       0       0       0       000010000D    941
     508       1       0       1       1                               0D    942
     510    1785       0       0       0       0       0       000010000D    943
     510       1    -337       1       1                               0D    944
     110    1786       0       0       0       0       0       001010000D    945
     110       1       0       1       0                               0D    946
     110    1787       0       0       0       0       0       001010001D    947
     110       1       0       1       0                               0D    948
     120    1788       0       0       0       0       0       000010000D    949
     120       1       0       1       0                               0D    950
     126    1789       0       0       0       0       0       001010500D    951
     126       1       0       2       0                               0D    952
     126    1791       0       0       0       0       0       001010500D    953
     126       1       0       2       0                               0D    954
     126    1793       0       0       0       0       0       001010500D    955
     126       1       0       2       0                               0D    956
     126    1795       0       0       0       0       0       001010500D    957
     126       1       0       1       0                               0D    958
     508    1796       0       0       0       0       0       000010000D    959
     508       1       0       2       1                               0D    960
     510    1798       0       0       0       0       0       000010000D    961
     510       1    -337       1       1                               0D    962
     110    1799       0       0       0       0       0       001010000D    963
     110       1       0       1       0                               0D    964
     110    1800       0       0       0       0       0       001010001D    965
     110       1       0       1       0                               0D    966
     120    1801       0       0       0       0       0       000010000D    967
     120       1       0       1       0                               0D    968
     126    1802       0       0       0       0       0       001010500D    969
     126       1       0       2       0                               0D    970
     126    1804       0       0       0       0       0       001010500D    971
     126       1       0       2       0                               0D    972
     126    1806       0       0       0       0       0       001010500D    973
     126       1       0       2       0                               0D    974
     126    1808       0       0       0       0       0       001010500D    975
     126       1       0       1       0                               0D    976
     508    1809       0       0       0       0       0       000010000D    977
     508       1       0       2       1                               0D    978
     510    1811       0       0       0       0       0       000010000D    979
     510       1    -337       1       1                               0D    980
     110    1812       0       0       0       0       0       001010000D    981
     110       1       0       1       0                               0D    982
     110    1813       0       0       0       0       0       001010001D    983
     110       1       0       1       0                               0D    984
     120    1814       0       0       0       0       0       000010000D    985
     120       1       0       1       0                               0D    986
     126    1815       0       0       0       0       0       001010500D    987
     126       1       0       1       0                               0D    988
     126    1816       0       0       0       0       0       001010500D    989
     126       1       0       2       0                               0D    990
     126    1818       0       0       0       0       0       001010500D    991
     126       1       0       2       0                               0D    992
     126    1820       0       0       0       0       0       001010500D    993
     126       1       0       2       0                               0D    994
     508    1822       0       0       0       0       0       000010000D    995
     508       1       0       2       1                               0D    996
     510    1824       0       0       0       0       0       000010000D    997
     510       1    -337       1       1                               0D    998
     110    1825       0       0       0       0       0       001010000D    999
     110       1       0       2       0                               0D   1000
     110    1827       0       0       0       0       0       001010001D   1001
     110       1       0       1       0                               0D   1002
     120    1828       0       0       0       0       0       000010000D   1003
     120       1       0       1       0                               0D   1004
     126    1829       0       0       0       0       0       001010500D   1005
     126       1       0       1       0                               0D   1006
     126    1830       0       0       0       0       0       001010500D   1007
     126       1       0       2       0                               0D   1008
     126    1832       0       0       0       0       0       001010500D   1009
     126       1       0       2       0                               0D   1010
     126    1834       0       0       0       0       0       001010500D   1011
     126       1       0       2       0                               0D   1012
     508    1836       0       0       0       0       0       000010000D   1013
     508       1       0       2       1                               0D   1014
     510    1838       0       0       0       0       0       000010000D   1015
     510       1    -337       1       1                               0D   1016
     110    1839       0       0       0       0       0       001010000D   1017
     110       1       0       1       0                               0D   1018
     110    1840       0       0       0       0       0       001010001D   1019
     110       1       0       2       0                               0D   1020
     120    1842       0       0       0       0       0       000010000D   1021
     120       1       0       1       0                               0D   1022
     126    1843       0       0       0       0       0       001010500D   1023
     126       1       0       2       0                               0D   1024
     126    1845       0       0       0       0       0       001010500D   1025
     126       1       0       1       0                               0D   1026
     126    1846       0       0       0       0       0       001010500D   1027
     126       1       0       2       0                               0D   1028
     126    1848       0       0       0       0       0       001010500D   1029
     126       1       0       2       0                               0D   1030
     508    1850       0       0       0       0       0       000010000D   1031
     508       1       0       2       1                               0D   1032
     510    1852       0       0       0       0       0       000010000D   1033
     510       1    -337       1       1                               0D   1034
     514    1853       0       0       0       0       0       000010000D   1035
     514       1       0       4       1                               0D   1036
     186    1857       0       0       0       0       0       000010000D   1037
     186       1       0       1       0                               0D   1038
502,68,27.0000000000001,2,3,27.0000000000001,62,3,                     1P      1
27.0000000000001,62,65,27.0000000000001,60,67,27.0000000000001,        1P      2
49,67,27.0000000000001,47,65,27.0000000000001,47,                      1P      3
64.0000000000001,27.0000000000001,49,62.0000000000001,                 1P      4
27.0000000000001,55,62.0000000000001,27.0000000000001,57,              1P      5
60.0000000000001,27.0000000000001,57,17,27.0000000000001,2,17,         1P      6
27.0000000000001,60,41,27.0000000000001,60,43,27.0000000000001,        1P      7
60,16,27.0000000000001,60,18,-27,62,3,-27,2,3,-27,2,17,-27,57,         1P      8
17,-27,57,60.0000000000001,-27,55,62.0000000000001,-27,49,             1P      9
62.0000000000001,-27,47,64,-27,47,65.0000000000001,-27,49,67,          1P     10
-27,60,67.0000000000001,-27,62,65.0000000000001,-27,60,41,-27,         1P     11
60,43,-27,60,16,-27,60,18,25.0000000000001,2,1,25.0000000000001,       1P     12
62,1,-25,62,1.00000000000001,17,62,1,16,62,7.68826743740204E-15,       1P     13
15.9687194226713,62,8.01718434840863E-15,14.9706744587544,62,          1P     14
-0.93749999999999,-14.9706744587544,62,-0.937500000000003,             1P     15
-15.9687194226713,62,5.57500384000694E-16,-16,62,                      1P     16
1.81351853180664E-15,-17,62,1,-20,62.0000000000001,14,-20,62,4,        1P     17
20.0000000000001,62.0000000000001,14,20.0000000000001,62,4,-25,        1P     18
2,0.999999999999997,-17,2,0.999999999999997,-16,2,                     1P     19
-1.91253154480699E-15,-15,2,-2.64829870315615E-15,15,2,                1P     20
3.09223316784707E-15,16,2,3.94371364371131E-15,17,2,1,-20,2,14,        1P     21
-20,2,4,20.0000000000001,2,14,20.0000000000001,2,4,                    1P     22
15.9687194226713,60,8.15351286574525E-15,15,60,                        1P     23
7.34788079488412E-15,14.9706744587544,60,-0.93749999999999,            1P     24
-14.9706744587544,60,-0.937500000000004,-15.9687194226713,60,          1P     25
-1.93401849012835E-17,-15,60,1.83697019872103E-15,                     1P     26
9.18485099360515E-16,60,-5,-9.18485099360515E-16,60,5,                 1P     27
-9.18485099360515E-16,-3.06161699786838E-16,5,                         1P     28
9.18485099360515E-16,3.06161699786838E-16,-5;                          1P     29
110,27.0000000000001,2,3,27.0000000000001,62,3;                        3P     30
110,27.0000000000001,62,3,27.0000000000001,62,65;                      5P     31
124,0,0,1,27.0000000000001,1,-7.10542735760095E-15,0,60,               7P     32
7.10542735760095E-15,1,0,65;                                           7P     33
100,0,0,0,2.00000000000001,0,2.85441741103189E-14,                     9P     34
2.00000000000001;                                                      9P     35
110,27.0000000000001,60,67,27.0000000000001,49,67;                    11P     36
124,0,0,1,27.0000000000001,0,-1,0,49,1,0,0,65;                        13P     37
100,0,0,0,2.00000000000006,0,1.43333193951171E-14,                    15P     38
2.00000000000006;                                                     15P     39
110,27.0000000000001,47,65,27.0000000000001,47,64.0000000000001;      17P     40
124,0,0,1,27.0000000000001,-1,0,0,49,0,-1,0,64.0000000000001;         19P     41
100,0,0,0,2,0,7.22789203751574E-15,2;                                 21P     42
110,27.0000000000001,49,62.0000000000001,27.0000000000001,55,         23P     43
62.0000000000001;                                                     23P     44
124,0,0,-1,27.0000000000001,0,1,0,55,1,0,0,60.0000000000001;          25P     45
100,0,0,0,1.99999999999999,0,1.22464679914735E-16,                    27P     46
1.99999999999999;                                                     27P     47
110,27.0000000000001,57,60.0000000000001,27.0000000000001,57,17;      29P     48
110,27.0000000000001,57,17,27.0000000000001,2,17;                     31P     49
110,27.0000000000001,2,17,27.0000000000001,2,3;                       33P     50
124,0,0,1,27.0000000000001,0,-1,0,60,1,0,0,42;                        35P     51
100,0,0,0,1,0,-1,1.22464679914735E-16;                                37P     52
124,0,0,1,27.0000000000001,0,1,0,60,-1,0,0,42;                        39P     53
100,0,0,0,1,0,-1,1.22464679914735E-16;                                41P     54
124,0,0,1,27.0000000000001,0,-1,0,60,1,0,0,17;                        43P     55
100,0,0,0,1,0,-1,1.22464679914735E-16;                                45P     56
124,0,0,1,27.0000000000001,0,1,0,60,-1,0,0,17;                        47P     57
100,0,0,0,1,0,-1,1.22464679914735E-16;                                49P     58
110,-27,62,2.99999999999999,-27,2,3;                                  51P     59
110,-27,2,3,-27,2,17;                                                 53P     60
110,-27,2,17.0000000000001,-27,57,17.0000000000001;                   55P     61
110,-27,57,17.0000000000001,-27,57,60.0000000000001;                  57P     62
124,1.27965277500884E-32,-2.089831575765E-16,1,-27,1,                 59P     63
3.03858167864314E-64,-1.27965277500884E-32,55,                        59P     64
2.67425877522878E-48,1,2.089831575765E-16,60.0000000000001;           59P     65
100,0,0,0,1.99999999999999,0,1.22464679914735E-16,                    61P     66
1.99999999999999;                                                     61P     67
110,-27,55,62.0000000000001,-27,49,62.0000000000001;                  63P     68
124,2.089831575765E-16,-1.27965277500884E-32,-1,-27,                  65P     69
-2.67425877522878E-48,-1,1.27965277500884E-32,49,-1,0,                65P     70
-2.089831575765E-16,64.0000000000001;                                 65P     71
100,0,0,0,2,0,1.43333193951167E-14,2;                                 67P     72
110,-27,47,64,-27,47,65.0000000000001;                                69P     73
124,-8.92228439848152E-30,-2.089831575765E-16,-1,-27,-1,              71P     74
4.2632564145606E-14,1.27965277500884E-32,49,4.2632564145606E-14,      71P     75
1,-2.089831575765E-16,65;                                             71P     76
100,0,0,0,2,0,8.53875929711268E-14,2;                                 73P     77
110,-27,49,67.0000000000001,-27,60,67.0000000000001;                  75P     78
124,-2.089831575765E-16,1.27965277500884E-32,-1,-27,                  77P     79
2.67425877522878E-48,1,1.27965277500884E-32,60,1,0,                   77P     80
-2.089831575765E-16,65;                                               77P     81
100,0,0,0,2.00000000000009,0,8.53875929711304E-14,                    79P     82
2.00000000000009;                                                     79P     83
110,-27,62,65.0000000000001,-27,62,3;                                 81P     84
124,2.089831575765E-16,1.27965277500884E-32,1,-27,                    83P     85
-2.67425877522878E-48,1,-1.27965277500884E-32,60,-1,0,                83P     86
2.089831575765E-16,42;                                                83P     87
100,0,0,0,1,0,-1,1.22464679914735E-16;                                85P     88
124,-2.089831575765E-16,-1.27965277500884E-32,1,-27,                  87P     89
2.67425877522878E-48,-1,-1.27965277500884E-32,60,1,0,                 87P     90
2.089831575765E-16,42;                                                87P     91
100,0,0,0,1,0,-1,1.22464679914735E-16;                                89P     92
124,2.089831575765E-16,1.27965277500884E-32,1,-27,                    91P     93
-2.67425877522878E-48,1,-1.27965277500884E-32,60,-1,0,                91P     94
2.089831575765E-16,17;                                                91P     95
100,0,0,0,1,0,-1,1.22464679914735E-16;                                93P     96
124,-2.089831575765E-16,-1.27965277500884E-32,1,-27,                  95P     97
2.67425877522878E-48,-1,-1.27965277500884E-32,60,1,0,                 95P     98
2.089831575765E-16,17;                                                95P     99
100,0,0,0,1,0,-1,1.22464679914735E-16;                                97P    100
110,-27,60,18,27.0000000000001,60,18;                                 99P    101
110,-27,60,16,27.0000000000001,60,16;                                101P    102
110,-27,60,43,27.0000000000001,60,43;                                103P    103
110,-27,60,41,27.0000000000001,60,41;                                105P    104
110,25.0000000000001,2,1,25.0000000000001,62,1;                      107P    105
124,1,-1.55431223447522E-15,0,25.0000000000001,                      109P    106
9.51741751412824E-32,6.12323399573677E-17,1,62,                      109P    107
-1.55431223447522E-15,-1,6.12323399573677E-17,3;                     109P    108
100,0,0,0,2,0,3.67517835871524E-15,2;                                111P    109
124,0,1,0,25.0000000000001,6.12323399573677E-17,0,-1,2,-1,0,         113P    110
-6.12323399573677E-17,3;                                             113P    111
100,0,0,0,2,0,-3.43024899888576E-15,2;                               115P    112
124,0,-1,0,-25,6.12323399573677E-17,0,1,62,-1,0,                     117P    113
6.12323399573677E-17,3;                                              117P    114
100,0,0,0,1.99999999999998,0,-2.98615978903568E-15,                  119P    115
1.99999999999998;                                                    119P    116
110,27.0000000000001,62,65,-27,62,65.0000000000001;                  121P    117
110,17.0000000000001,62,1,25.0000000000001,62,1;                     123P    118
124,1,2.22044604925031E-16,0,16,-1.35963107344689E-32,               125P    119
6.12323399573677E-17,1,62,2.22044604925031E-16,-1,                   125P    120
6.12323399573677E-17,1.00000000000001;                               125P    121
100,0,0,0,1,0,6.12323399573677E-17,1;                                127P    122
110,16,62,7.71527483462832E-15,15.9687194226713,62,                  129P    123
7.70761330284811E-15;                                                129P    124
124,-4.71716788355174E-50,-1,-7.70371977754895E-34,                  131P    125
15.9687194226713,-6.12323399573677E-17,7.70371977754895E-34,-1,      131P    126
62,1,0,-6.12323399573677E-17,-0.999999999999991;                     131P    127
100,0,0,0,0.999999999999999,0,0.0625000000000041,                    133P    128
0.998044963916956;                                                   133P    129
124,0.998044963916957,-0.0624999999999994,0,0,                       135P    130
3.82702124733544E-18,6.11126285233019E-17,1,62,                      135P    131
-0.0624999999999994,-0.998044963916957,6.12323399573677E-17,         135P    132
3.79640507735679E-15;                                                135P    133
100,0,0,0,15,0,-14.8828125,1.8713343073443;                          137P    134
124,0.998044963916957,-0.0624999999999963,0,-15.9687194226713,       139P    135
-3.82702124733526E-18,-6.11126285233019E-17,-1,62,                   139P    136
0.0624999999999963,0.998044963916957,-6.12323399573677E-17,-1;       139P    137
100,0,0,0,1,0,0.0624999999999961,0.998044963916957;                  141P    138
110,-15.9687194226713,62,1.84080096461113E-15,-16,62,                143P    139
1.83697019872103E-15;                                                143P    140
124,0,-1,0,-16,6.12323399573677E-17,0,1,62,-1,0,                     145P    141
6.12323399573677E-17,1;                                              145P    142
100,0,0,0,1,0,6.12323399573676E-17,1;                                147P    143
110,-17,62,1.00000000000002,-25,62,1.00000000000002;                 149P    144
124,0,-1,0,-20,-6.12323399573677E-17,0,-1,62,1,0,                    151P    145
-6.12323399573677E-17,9;                                             151P    146
100,0,0,0,5,0,-5,6.12323399573677E-16;                               153P    147
124,0,1,0,-20,6.12323399573677E-17,0,-1,62,-1,0,                     155P    148
-6.12323399573677E-17,9;                                             155P    149
100,0,0,0,5,0,-5,6.12323399573677E-16;                               157P    150
124,0,-1,0,20.0000000000001,-6.12323399573677E-17,0,-1,62,1,0,       159P    151
-6.12323399573677E-17,9;                                             159P    152
100,0,0,0,5,0,-5,6.12323399573677E-16;                               161P    153
124,0,1,0,20.0000000000001,6.12323399573677E-17,0,-1,62,-1,0,        163P    154
-6.12323399573677E-17,9;                                             163P    155
100,0,0,0,5,0,-5,6.12323399573677E-16;                               165P    156
110,27.0000000000001,60,67,-27,60,67.0000000000001;                  167P    157
110,27.0000000000001,49,67,-27,49,67.0000000000001;                  169P    158
110,27.0000000000001,47,65,-27,47,65.0000000000001;                  171P    159
110,-27,47,64,27.0000000000001,47,64.0000000000001;                  173P    160
110,-27,49,62.0000000000001,27.0000000000001,49,                     175P    161
62.0000000000001;                                                    175P    162
110,-27,55,62.0000000000001,27.0000000000001,55,                     177P    163
62.0000000000001;                                                    177P    164
110,-27,57,60.0000000000001,27.0000000000001,57,                     179P    165
60.0000000000001;                                                    179P    166
110,-27,57,17.0000000000001,27.0000000000001,57,17;                  181P    167
110,-27,2,17.0000000000001,27.0000000000001,2,17;                    183P    168
124,-1,-4.44089209850063E-16,0,-25,-2.71926214689378E-32,            185P    169
6.12323399573677E-17,-1,2,4.44089209850063E-16,-1,                   185P    170
-6.12323399573677E-17,3;                                             185P    171
100,0,0,0,2,0,-1.20980294963545E-15,2;                               187P    172
110,-17,2,0.999999999999997,-25,2,0.999999999999997;                 189P    173
124,-1,1.11022302462516E-16,0,-16,6.79815536723445E-33,              191P    174
6.12323399573677E-17,-1,2,-1.11022302462516E-16,-1,                  191P    175
-6.12323399573677E-17,0.999999999999998;                             191P    176
100,0,0,0,1,0,6.12323399573677E-17,1;                                193P    177
110,-15,2,-1.71450551880629E-15,-16,2,-1.83697019872103E-15;         195P    178
124,1,-2.44929359829471E-16,2.73691106313441E-48,0,                  197P    179
-1.49975978266186E-32,-6.12323399573677E-17,-1,2,                    197P    180
2.44929359829471E-16,1,-6.12323399573677E-17,                        197P    181
1.22464679914735E-16;                                                197P    182
100,0,0,0,15,0,-15,1.83697019872103E-15;                             199P    183
110,16,2,4.04133443718626E-15,15,2,3.79640507735679E-15;             201P    184
124,0,1,0,16,6.12323399573677E-17,0,-1,2,-1,0,                       203P    185
-6.12323399573677E-17,1;                                             203P    186
100,0,0,0,1,0,6.12323399573676E-17,1;                                205P    187
110,17.0000000000001,2,1,25.0000000000001,2,1;                       207P    188
124,0,1,0,-20,6.12323399573677E-17,0,-1,2,-1,0,                      209P    189
-6.12323399573677E-17,9;                                             209P    190
100,0,0,0,5,0,-5,6.12323399573677E-16;                               211P    191
124,0,-1,0,-20,-6.12323399573677E-17,0,-1,2,1,0,                     213P    192
-6.12323399573677E-17,9;                                             213P    193
100,0,0,0,5,0,-5,6.12323399573677E-16;                               215P    194
124,0,1,0,20.0000000000001,6.12323399573677E-17,0,-1,2,-1,0,         217P    195
-6.12323399573677E-17,9;                                             217P    196
100,0,0,0,5,0,-5,6.12323399573677E-16;                               219P    197
124,0,-1,0,20.0000000000001,-6.12323399573677E-17,0,-1,2,1,0,        221P    198
-6.12323399573677E-17,9;                                             221P    199
100,0,0,0,5,0,-5,6.12323399573677E-16;                               223P    200
110,-25,62,1,-25,2.00000000000001,0.999999999999997;                 225P    201
110,17.0000000000001,2,1,17.0000000000001,62,1;                      227P    202
110,16,2,4.04133443718627E-15,16,62,7.71527483462833E-15;            229P    203
110,15.9687194226713,60,7.58514862293338E-15,15.9687194226713,       231P    204
62,7.70761330284811E-15;                                             231P    205
110,15,2,3.79640507735679E-15,15,60,7.34788079488412E-15;            233P    206
110,15.9687194226713,60,8.43769498715119E-15,15,60,                  235P    207
7.34788079488412E-15;                                                235P    208
110,14.9706744587544,60,-0.937499999999991,14.9706744587544,62,      237P    209
-0.937499999999991;                                                  237P    210
124,-0.998044963916957,0.0625000000000019,0,15.9687194226713,        239P    211
-3.46944695195372E-18,-5.54026249275895E-17,1,60,                    239P    212
0.0625000000000019,0.998044963916957,5.55111512312578E-17,           239P    213
-0.999999999999991;                                                  239P    214
100,0,0,0,1,0,0.0625000000000019,0.998044963916957;                  241P    215
124,0.998044963916957,-0.0624999999999994,0,0,                       243P    216
3.82702124733544E-18,6.11126285233019E-17,1,60,                      243P    217
-0.0624999999999994,-0.998044963916957,6.12323399573677E-17,         243P    218
3.67394039744206E-15;                                                243P    219
100,0,0,0,15,0,-14.8828125,1.8713343073443;                          245P    220
110,-14.9706744587544,60,-0.937500000000003,-14.9706744587544,       247P    221
62,-0.937500000000003;                                               247P    222
124,0.998044963916957,-0.0624999999999975,0,-15.9687194226713,       249P    223
-3.12250225675812E-17,-4.98623624348305E-16,-1,60,                   249P    224
0.0624999999999975,0.998044963916957,-4.9960036108132E-16,-1;        249P    225
100,0,0,0,1,0,0.0624999999999975,0.998044963916957;                  251P    226
110,-15.9687194226713,60,1.7183362846964E-15,-15.9687194226713,      253P    227
62,1.84080096461113E-15;                                             253P    228
110,-15.9687194226713,60,-8.88178419700125E-16,-15,60,               255P    229
1.83697019872103E-15;                                                255P    230
110,-15,2,-1.71450551880629E-15,-15,60,1.83697019872103E-15;         257P    231
110,-16,2,-1.83697019872103E-15,-16,62,1.83697019872103E-15;         259P    232
110,-17,2,0.999999999999997,-17,62,1;                                261P    233
110,-20,62.0000000000001,4,-20,2,4;                                  263P    234
110,-20,62.0000000000001,14,-20,2,14;                                265P    235
110,20.0000000000001,62.0000000000001,4,20.0000000000001,2,4;        267P    236
110,20.0000000000001,62.0000000000001,14,20.0000000000001,2,14;      269P    237
124,1,-2.44929359829471E-16,0,0,-1.49975978266186E-32,               271P    238
-6.12323399573677E-17,-1,60,2.44929359829471E-16,1,                  271P    239
-6.12323399573677E-17,3.67394039744206E-15;                          271P    240
100,0,0,0,15,0,-15,1.83697019872103E-15;                             273P    241
124,6.12323399573677E-17,-1,0,0,6.12323399573677E-17,                275P    242
3.74939945665464E-33,1,60,-1,-6.12323399573677E-17,                  275P    243
6.12323399573677E-17,3.67394039744206E-15;                           275P    244
100,0,0,0,5,0,-5,6.12323399573677E-16;                               277P    245
124,-1.83697019872103E-16,1,0,0,-6.12323399573677E-17,               279P    246
-1.12481983699639E-32,1,60,1,1.83697019872103E-16,                   279P    247
6.12323399573677E-17,3.67394039744206E-15;                           279P    248
100,0,0,0,5,0,-5,6.12323399573677E-16;                               281P    249
110,-9.18485099360515E-16,-3.06161699786838E-16,5,                   283P    250
-9.18485099360515E-16,60,5;                                          283P    251
124,-1.83697019872103E-16,1,0,0,-6.12323399573677E-17,               285P    252
-1.12481983699639E-32,1,0,1,1.83697019872103E-16,                    285P    253
6.12323399573677E-17,0;                                              285P    254
100,0,0,0,5,0,-5,6.12323399573677E-16;                               287P    255
110,1.53080849893419E-15,3.06161699786838E-16,-5,                    289P    256
1.53080849893419E-15,60,-5;                                          289P    257
124,6.12323399573677E-17,-1,0,0,6.12323399573677E-17,                291P    258
3.74939945665464E-33,1,0,-1,-6.12323399573677E-17,                   291P    259
6.12323399573677E-17,0;                                              291P    260
100,0,0,0,5,0,-5,6.12323399573677E-16;                               293P    261
504,102,3,1,1,1,2,5,1,2,1,3,9,1,3,1,4,11,1,4,1,5,15,1,5,1,6,17,      295P    262
1,6,1,7,21,1,7,1,8,23,1,8,1,9,27,1,9,1,10,29,1,10,1,11,31,1,11,      295P    263
1,12,33,1,12,1,1,37,1,14,1,13,41,1,13,1,14,45,1,16,1,15,49,1,15,     295P    264
1,16,51,1,17,1,18,53,1,18,1,19,55,1,19,1,20,57,1,20,1,21,61,1,       295P    265
21,1,22,63,1,22,1,23,67,1,23,1,24,69,1,24,1,25,73,1,25,1,26,75,      295P    266
1,26,1,27,79,1,27,1,28,81,1,28,1,17,85,1,29,1,30,89,1,30,1,29,       295P    267
93,1,31,1,32,97,1,32,1,31,99,1,32,1,16,101,1,31,1,15,103,1,30,1,     295P    268
14,105,1,29,1,13,107,1,33,1,34,111,1,2,1,34,115,1,33,1,1,119,1,      295P    269
35,1,17,121,1,3,1,28,123,1,36,1,34,127,1,36,1,37,129,1,37,1,38,      295P    270
133,1,38,1,39,137,1,39,1,40,141,1,40,1,41,143,1,41,1,42,147,1,       295P    271
42,1,43,149,1,43,1,35,153,1,44,1,45,157,1,45,1,44,161,1,46,1,47,     295P    272
165,1,47,1,46,167,1,4,1,27,169,1,5,1,26,171,1,6,1,25,173,1,24,1,     295P    273
7,175,1,23,1,8,177,1,22,1,9,179,1,21,1,10,181,1,20,1,11,183,1,       295P    274
19,1,12,187,1,18,1,48,189,1,49,1,48,193,1,49,1,50,195,1,51,1,50,     295P    275
199,1,52,1,51,201,1,53,1,52,205,1,53,1,54,207,1,54,1,33,211,1,       295P    276
56,1,55,215,1,55,1,56,219,1,58,1,57,223,1,57,1,58,225,1,35,1,48,     295P    277
227,1,54,1,36,229,1,53,1,37,231,1,59,1,38,233,1,52,1,60,235,1,       295P    278
59,1,60,237,1,61,1,39,241,1,61,1,59,245,1,61,1,62,247,1,62,1,40,     295P    279
251,1,62,1,63,253,1,63,1,41,255,1,63,1,64,257,1,51,1,64,259,1,       295P    280
50,1,42,261,1,49,1,43,263,1,45,1,56,265,1,44,1,55,267,1,47,1,58,     295P    281
269,1,46,1,57,273,1,60,1,64,277,1,65,1,66,281,1,66,1,65,283,1,       295P    282
67,1,66,287,1,67,1,68,289,1,68,1,65,293,1,68,1,67;                   295P    283
128,1,1,1,1,0,0,1,0,0,0,0,1,1,0,0,1,1,1,1,1,1,27.0000000000001,      297P    284
62,67,27.0000000000001,1.99999999999999,67,27.0000000000001,62,      297P    285
3,27.0000000000001,2,3,0,1,0,1;                                      297P    286
126,1,1,1,0,1,0,0,0,1,1,1,1,1,1,0,0,1,0,0,1,0,0,1;                   299P    287
126,1,1,1,0,1,0,0,0,1,1,1,1,0,1,0,0,0.0312500000000005,0,0,1,0,      301P    288
0,1;                                                                 301P    289
126,16,3,1,0,1,0,0,0,0,0,0.0714285714285714,0.142857142857143,       303P    290
0.214285714285714,0.285714285714286,0.357142857142857,               303P    291
0.428571428571429,0.5,0.571428571428572,0.642857142857143,           303P    292
0.714285714285714,0.785714285714286,0.857142857142857,               303P    293
0.928571428571428,1,1,1,1,1,1,1,1,1,1,1,1,1,1,1,1,1,1,1,1,1,0,       303P    294
0.0312500000000005,0,0,0.0300812527330401,0,                         303P    295
0.000140022145659918,0.0277437617690264,0,0.000767480511542018,      303P    296
0.0242816154394805,0,0.00180447337180756,0.0209071013562459,0,       303P    297
0.00323795993955442,0.0176626550189455,0,0.00504991328949189,        303P    298
0.0145890774834336,0,0.00721754705682204,0.0117250207006984,0,       303P    299
0.0097136019896146,0.00910650186526416,0,0.012506688747411,          303P    300
0.00676645036577128,0,0.0155616826489954,0.00473429370889919,0,      303P    301
0.0188401653535414,0.00303558744333277,0,0.0223009081133285,         303P    302
0.00169169378607031,0,0.0259003898021121,0.000719512979571288,0,     303P    303
0.029593345886961,0.00013127076155681,0,0.0320866695819089,0,0,      303P    304
0.0333333333333334,0,0,0,1,0,0,1;                                    303P    305
126,1,1,1,0,1,0,0,0,1,1,1,1,0.0333333333333334,0,0,                  305P    306
0.216666666666667,0,0,0,1,0,0,1;                                     305P    307
126,16,3,1,0,1,0,0,0,0,0,0.0714285714285714,0.142857142857143,       307P    308
0.214285714285714,0.285714285714286,0.357142857142857,               307P    309
0.428571428571429,0.5,0.571428571428571,0.642857142857143,           307P    310
0.714285714285714,0.785714285714286,0.857142857142857,               307P    311
0.928571428571429,1,1,1,1,1,1,1,1,1,1,1,1,1,1,1,1,1,1,1,1,1,         307P    312
0.216666666666667,0,0,0.217913330418091,0,0,0.220406654113039,       307P    313
0.00013127076155613,0,0.224099610197888,0.000719512979570598,0,      307P    314
0.227699091886672,0.00169169378606963,0,0.231159834646459,           307P    315
0.00303558744333213,0,0.234438317351005,0.00473429370889859,0,       307P    316
0.23749331125259,0.00676645036577073,0,0.240286398010386,            307P    317
0.00910650186526367,0,0.242782452943179,0.011725020700698,0,         307P    318
0.244950086710509,0.0145890774834332,0,0.246762040060446,            307P    319
0.0176626550189452,0,0.248195526628193,0.0209071013562458,0,         307P    320
0.249232519488459,0.0242816154394804,0,0.249859977854341,            307P    321
0.0277437617690265,0,0.250000000000001,0.0300812527330401,0,         307P    322
0.250000000000001,0.0312500000000006,0,0,1,0,0,1;                    307P    323
126,1,1,1,0,1,0,0,0,1,1,1,1,0.25,0.0312500000000006,0,0.25,          309P    324
0.0468749999999999,0,0,1,0,0,1;                                      309P    325
126,16,3,1,0,1,0,0,0,0,0,0.0714285714285714,0.142857142857143,       311P    326
0.214285714285714,0.285714285714286,0.357142857142857,               311P    327
0.428571428571429,0.5,0.571428571428572,0.642857142857143,           311P    328
0.714285714285714,0.785714285714286,0.857142857142857,               311P    329
0.928571428571429,1,1,1,1,1,1,1,1,1,1,1,1,1,1,1,1,1,1,1,1,1,         311P    330
0.25,0.0468749999999998,0,0.25,0.0480437472669603,0,                 311P    331
0.24985997785434,0.050381238230974,0,0.249232519488458,              311P    332
0.0538433845605199,0,0.248195526628192,0.0572178986437545,0,         311P    333
0.246762040060446,0.0604623449810549,0,0.244950086710508,            311P    334
0.0635359225165669,0,0.242782452943178,0.066399979299302,0,          311P    335
0.240286398010385,0.0690184981347363,0,0.237493311252589,            311P    336
0.0713585496342292,0,0.234438317351005,0.0733907062911013,0,         311P    337
0.231159834646459,0.0750894125566677,0,0.227699091886672,            311P    338
0.0764333062139301,0,0.224099610197888,0.0774054870204291,0,         311P    339
0.220406654113039,0.0779937292384436,0,0.217913330418091,            311P    340
0.0781249999999997,0,0.216666666666667,0.0781249999999997,0,0,1,     311P    341
0,0,1;                                                               311P    342
126,1,1,1,0,1,0,0,0,1,1,1,1,0.216666666666667,                       313P    343
0.0781249999999997,0,0.116666666666667,0.0781249999999997,0,0,1,     313P    344
0,0,1;                                                               313P    345
126,16,3,1,0,1,0,0,0,0,0,0.0714285714285714,0.142857142857143,       315P    346
0.214285714285714,0.285714285714286,0.357142857142857,               315P    347
0.428571428571429,0.5,0.571428571428571,0.642857142857143,           315P    348
0.714285714285714,0.785714285714286,0.857142857142857,               315P    349
0.928571428571429,1,1,1,1,1,1,1,1,1,1,1,1,1,1,1,1,1,1,1,1,1,         315P    350
0.116666666666667,0.0781249999999998,0,0.115420002915242,            315P    351
0.0781249999999998,0,0.112926679220294,0.078256270761556,0,          315P    352
0.109233723135445,0.0788445129795704,0,0.105634241446662,            315P    353
0.0798166937860695,0,0.102173498686875,0.0811605874433319,0,         315P    354
0.0988950159823285,0.0828592937088983,0,0.0958400220807443,          315P    355
0.0848914503657704,0,0.0930469353229478,0.0872315018652633,0,        315P    356
0.0905508803901553,0.0898500207006976,0,0.0883832466228252,          315P    357
0.0927140774834327,0,0.0865712932728876,0.0957876550189447,0,        315P    358
0.085137806705141,0.0990321013562451,0,0.0841008138448754,           315P    359
0.10240661543948,0,0.0834733554789933,0.105868761769026,0,           315P    360
0.0833333333333334,0.108206252733039,0,0.0833333333333334,           315P    361
0.109375,0,0,1,0,0,1;                                                315P    362
126,1,1,1,0,1,0,0,0,1,1,1,1,0.0833333333333333,0.109375,0,           317P    363
0.0833333333333334,0.78125,0,0,1,0,0,1;                              317P    364
126,1,1,1,0,1,0,0,0,1,1,1,1,0.0833333333333334,0.78125,0,1,          319P    365
0.78125,0,0,1,0,0,1;                                                 319P    366
126,1,1,1,0,1,0,0,0,1,1,1,1,1,0.78125,0,1,1,0,0,1,0,0,1;             321P    367
508,12,0,295,1,1,1,0,299,0,295,2,1,1,0,301,0,295,3,1,1,0,303,0,      323P    368
295,4,1,1,0,305,0,295,5,1,1,0,307,0,295,6,1,1,0,309,0,295,7,1,1,     323P    369
0,311,0,295,8,1,1,0,313,0,295,9,1,1,0,315,0,295,10,1,1,0,317,0,      323P    370
295,11,1,1,0,319,0,295,12,1,1,0,321;                                 323P    371
126,28,3,1,0,1,0,0,0,0,0,0.0384615384615385,0.0769230769230769,      325P    372
0.115384615384615,0.153846153846154,0.192307692307692,               325P    373
0.230769230769231,0.269230769230769,0.307692307692308,               325P    374
0.346153846153846,0.384615384615385,0.423076923076923,               325P    375
0.461538461538461,0.5,0.538461538461538,0.576923076923077,           325P    376
0.615384615384615,0.653846153846154,0.692307692307692,               325P    377
0.73076923076923,0.769230769230769,0.807692307692307,                325P    378
0.846153846153846,0.884615384615384,0.923076923076923,               325P    379
0.961538461538461,1,1,1,1,1,1,1,1,1,1,1,1,1,1,1,1,1,1,1,1,1,1,1,     325P    380
1,1,1,1,1,1,1,1,1,1,0.0333333333333332,0.375,0,                      325P    381
0.0340046138148695,0.375,0,0.0353471720193781,0.375076134262978,     325P    382
0,0.0373316452354043,0.375417073132887,0,0.0392578134677601,         325P    383
0.375979777821786,0,0.0410975895978084,0.376756042828213,0,          325P    384
0.0428241453453825,0.377734548460376,0,0.0444123036937764,           325P    385
0.378901025902756,0,0.045838905703591,0.380238465287564,0,           325P    386
0.0470831483089693,0.381727363736918,0,0.0481268876498968,           325P    387
0.38334600975872,0,0.0489549036567641,0.385070799849099,0,           325P    388
0.0495551219915875,0.386876582684648,0,0.0499187901194907,           325P    389
0.388737025885355,0,0.0500406049402545,0.390625,0,                   325P    390
0.0499187901194908,0.392512974114647,0,0.0495551219915874,           325P    391
0.394373417315353,0,0.0489549036567642,0.396179200150902,0,          325P    392
0.0481268876498967,0.397903990241281,0,0.0470831483089693,           325P    393
0.399522636263083,0,0.0458389057035909,0.401011534712437,0,          325P    394
0.0444123036937764,0.402348974097245,0,0.0428241453453825,           325P    395
0.403515451539625,0,0.0410975895978084,0.404493957171788,0,          325P    396
0.0392578134677601,0.405270222178215,0,0.0373316452354043,           325P    397
0.405832926867114,0,0.0353471720193781,0.406173865737023,0,          325P    398
0.0340046138148695,0.406250000000001,0,0.0333333333333332,           325P    399
0.406250000000001,0,0,1,0,0,1;                                       325P    400
126,28,3,1,0,1,0,0,0,0,0,0.0384615384615385,0.0769230769230769,      327P    401
0.115384615384615,0.153846153846154,0.192307692307692,               327P    402
0.230769230769231,0.269230769230769,0.307692307692308,               327P    403
0.346153846153846,0.384615384615385,0.423076923076923,               327P    404
0.461538461538461,0.5,0.538461538461538,0.576923076923077,           327P    405
0.615384615384615,0.653846153846154,0.692307692307692,               327P    406
0.73076923076923,0.769230769230769,0.807692307692307,                327P    407
0.846153846153846,0.884615384615384,0.923076923076923,               327P    408
0.961538461538461,1,1,1,1,1,1,1,1,1,1,1,1,1,1,1,1,1,1,1,1,1,1,1,     327P    409
1,1,1,1,1,1,1,1,1,1,0.0333333333333332,0.406250000000001,0,          327P    410
0.032662052851797,0.406250000000001,0,0.0313194946472884,            327P    411
0.406173865737023,0,0.0293350214312622,0.405832926867114,0,          327P    412
0.0274088531989064,0.405270222178214,0,0.0255690770688581,           327P    413
0.404493957171788,0,0.0238425213212839,0.403515451539625,0,          327P    414
0.0222543629728902,0.402348974097245,0,0.0208277609630755,           327P    415
0.401011534712437,0,0.0195835183576972,0.399522636263083,0,          327P    416
0.0185397790167697,0.39790399024128,0,0.0177117630099023,            327P    417
0.396179200150902,0,0.017111544675079,0.394373417315353,0,           327P    418
0.0167478765471757,0.392512974114646,0,0.016626061726412,            327P    419
0.390625,0,0.0167478765471757,0.388737025885355,0,                   327P    420
0.017111544675079,0.386876582684648,0,0.0177117630099023,            327P    421
0.385070799849099,0,0.0185397790167697,0.383346009758721,0,          327P    422
0.0195835183576971,0.381727363736918,0,0.0208277609630755,           327P    423
0.380238465287564,0,0.0222543629728901,0.378901025902756,0,          327P    424
0.0238425213212839,0.377734548460376,0,0.025569077068858,            327P    425
0.376756042828213,0,0.0274088531989063,0.375979777821787,0,          327P    426
0.0293350214312622,0.375417073132887,0,0.0313194946472884,           327P    427
0.375076134262978,0,0.032662052851797,0.375,0,                       327P    428
0.0333333333333332,0.375,0,0,1,0,0,1;                                327P    429
508,2,0,295,13,0,1,0,325,0,295,14,0,1,0,327;                         329P    430
126,28,3,1,0,1,0,0,0,0,0,0.0384615384615385,0.0769230769230769,      331P    431
0.115384615384615,0.153846153846154,0.192307692307692,               331P    432
0.230769230769231,0.269230769230769,0.307692307692308,               331P    433
0.346153846153846,0.384615384615385,0.423076923076923,               331P    434
0.461538461538461,0.5,0.538461538461538,0.576923076923077,           331P    435
0.615384615384615,0.653846153846154,0.692307692307692,               331P    436
0.73076923076923,0.769230769230769,0.807692307692307,                331P    437
0.846153846153846,0.884615384615384,0.923076923076923,               331P    438
0.961538461538461,1,1,1,1,1,1,1,1,1,1,1,1,1,1,1,1,1,1,1,1,1,1,1,     331P    439
1,1,1,1,1,1,1,1,1,1,0.0333333333333334,0.765625,0,                   331P    440
0.0340046138148697,0.765625,0,0.0353471720193782,                    331P    441
0.765701134262978,0,0.0373316452354044,0.766042073132886,0,          331P    442
0.0392578134677602,0.766604777821786,0,0.0410975895978086,           331P    443
0.767381042828213,0,0.0428241453453827,0.768359548460376,0,          331P    444
0.0444123036937765,0.769526025902755,0,0.0458389057035912,           331P    445
0.770863465287563,0,0.0470831483089695,0.772352363736918,0,          331P    446
0.0481268876498969,0.77397100975872,0,0.0489549036567643,            331P    447
0.775695799849099,0,0.0495551219915876,0.777501582684647,0,          331P    448
0.0499187901194908,0.779362025885355,0,0.0500406049402546,           331P    449
0.78125,0,0.0499187901194909,0.783137974114646,0,                    331P    450
0.0495551219915875,0.784998417315353,0,0.0489549036567643,           331P    451
0.786804200150901,0,0.0481268876498969,0.78852899024128,0,           331P    452
0.0470831483089695,0.790147636263082,0,0.0458389057035911,           331P    453
0.791636534712437,0,0.0444123036937765,0.792973974097245,0,          331P    454
0.0428241453453827,0.794140451539625,0,0.0410975895978086,           331P    455
0.795118957171788,0,0.0392578134677603,0.795895222178214,0,          331P    456
0.0373316452354044,0.796457926867114,0,0.0353471720193783,           331P    457
0.796798865737023,0,0.0340046138148697,0.796875,0,                   331P    458
0.0333333333333334,0.796875,0,0,1,0,0,1;                             331P    459
126,28,3,1,0,1,0,0,0,0,0,0.0384615384615385,0.0769230769230769,      333P    460
0.115384615384615,0.153846153846154,0.192307692307692,               333P    461
0.230769230769231,0.269230769230769,0.307692307692308,               333P    462
0.346153846153846,0.384615384615385,0.423076923076923,               333P    463
0.461538461538461,0.5,0.538461538461538,0.576923076923077,           333P    464
0.615384615384615,0.653846153846154,0.692307692307692,               333P    465
0.73076923076923,0.769230769230769,0.807692307692307,                333P    466
0.846153846153846,0.884615384615384,0.923076923076923,               333P    467
0.961538461538461,1,1,1,1,1,1,1,1,1,1,1,1,1,1,1,1,1,1,1,1,1,1,1,     333P    468
1,1,1,1,1,1,1,1,1,1,0.0333333333333334,0.796875,0,                   333P    469
0.0326620528517971,0.796875,0,0.0313194946472885,                    333P    470
0.796798865737023,0,0.0293350214312624,0.796457926867114,0,          333P    471
0.0274088531989066,0.795895222178214,0,0.0255690770688582,           333P    472
0.795118957171788,0,0.0238425213212841,0.794140451539625,0,          333P    473
0.0222543629728903,0.792973974097245,0,0.0208277609630757,           333P    474
0.791636534712437,0,0.0195835183576973,0.790147636263082,0,          333P    475
0.01853977901677,0.78852899024128,0,0.0177117630099024,              333P    476
0.786804200150902,0,0.0171115446750792,0.784998417315353,0,          333P    477
0.0167478765471759,0.783137974114646,0,0.0166260617264121,           333P    478
0.78125,0,0.0167478765471759,0.779362025885355,0,                    333P    479
0.0171115446750792,0.777501582684647,0,0.0177117630099024,           333P    480
0.775695799849099,0,0.0185397790167698,0.77397100975872,0,           333P    481
0.0195835183576973,0.772352363736918,0,0.0208277609630756,           333P    482
0.770863465287563,0,0.0222543629728903,0.769526025902756,0,          333P    483
0.023842521321284,0.768359548460376,0,0.0255690770688582,            333P    484
0.767381042828213,0,0.0274088531989065,0.766604777821786,0,          333P    485
0.0293350214312623,0.766042073132887,0,0.0313194946472885,           333P    486
0.765701134262978,0,0.0326620528517971,0.765625,0,                   333P    487
0.0333333333333334,0.765625,0,0,1,0,0,1;                             333P    488
508,2,0,295,15,0,1,0,331,0,295,16,0,1,0,333;                         335P    489
314,56.4705882352941,56.4705882352941,56.4705882352941,1H ;          337P    490
510,297,3,1,323,329,335;                                             339P    491
128,1,1,1,1,0,0,1,0,0,0,0,1,1,0,0,1,1,1,1,1,1,-27,                   341P    492
1.99999999999999,2.99999999999999,-27,1.99999999999999,              341P    493
67.0000000000001,-27,62.0000000000001,2.99999999999999,-27,          341P    494
62.0000000000001,67.0000000000001,0,1,0,1;                           341P    495
126,1,1,1,0,1,0,0,0,1,1,1,1,0,0.999999999999999,0,0,0,0,0,1,0,0,     343P    496
1;                                                                   343P    497
126,1,1,1,0,1,0,0,0,1,1,1,1,0,0,0,0.21875,0,0,0,1,0,0,1;             345P    498
126,1,1,1,0,1,0,0,0,1,1,1,1,0.21875,0,0,0.21875,                     347P    499
0.916666666666666,0,0,1,0,0,1;                                       347P    500
126,1,1,1,0,1,0,0,0,1,1,1,1,0.218750000000001,0.916666666666666,     349P    501
0,0.890625,0.916666666666666,0,0,1,0,0,1;                            349P    502
126,16,3,1,0,1,0,0,0,0,0,0.0714285714285714,0.142857142857143,       351P    503
0.214285714285714,0.285714285714286,0.357142857142857,               351P    504
0.428571428571429,0.5,0.571428571428571,0.642857142857143,           351P    505
0.714285714285714,0.785714285714286,0.857142857142857,               351P    506
0.928571428571429,1,1,1,1,1,1,1,1,1,1,1,1,1,1,1,1,1,1,1,1,1,         351P    507
0.890625,0.916666666666666,0,0.891793747266961,                      351P    508
0.916666666666666,0,0.894131238230974,0.916526644521006,0,           351P    509
0.89759338456052,0.915899186155124,0,0.900967898643755,              351P    510
0.914862193294858,0,0.904212344981055,0.913428706727111,0,           351P    511
0.907285922516567,0.911616753377174,0,0.910149979299302,             351P    512
0.909449119609843,0,0.912768498134737,0.906953064677051,0,           351P    513
0.91510854963423,0.904159977919255,0,0.917140706291102,              351P    514
0.90110498401767,0,0.918839412556668,0.897826501313124,0,            351P    515
0.920183306213931,0.894365758553337,0,0.92115548702043,              351P    516
0.890766276864554,0,0.921743729238444,0.887073320779705,0,           351P    517
0.921875,0.884579997084757,0,0.921875,0.883333333333332,0,0,1,0,     351P    518
0,1;                                                                 351P    519
126,1,1,1,0,1,0,0,0,1,1,1,1,0.921875,0.883333333333332,0,            353P    520
0.921875,0.783333333333332,0,0,1,0,0,1;                              353P    521
126,16,3,1,0,1,0,0,0,0,0,0.0714285714285714,0.142857142857143,       355P    522
0.214285714285714,0.285714285714286,0.357142857142857,               355P    523
0.428571428571429,0.5,0.571428571428571,0.642857142857143,           355P    524
0.714285714285714,0.785714285714286,0.857142857142857,               355P    525
0.928571428571429,1,1,1,1,1,1,1,1,1,1,1,1,1,1,1,1,1,1,1,1,1,         355P    526
0.921875,0.783333333333332,0,0.921875,0.782086669581908,0,           355P    527
0.922006270761556,0.77959334588696,0,0.922594512979571,              355P    528
0.775900389802111,0,0.92356669378607,0.772300908113328,0,            355P    529
0.924910587443332,0.768840165353541,0,0.926609293708899,             355P    530
0.765561682648994,0,0.928641450365771,0.76250668874741,0,            355P    531
0.930981501865264,0.759713601989614,0,0.933600020700698,             355P    532
0.757217547056821,0,0.936464077483433,0.755049913289491,0,           355P    533
0.939537655018945,0.753237959939554,0,0.942782101356245,             355P    534
0.751804473371807,0,0.94615661543948,0.750767480511541,0,            355P    535
0.949618761769026,0.750140022145659,0,0.951956252733039,             355P    536
0.749999999999999,0,0.953125,0.749999999999999,0,0,1,0,0,1;          355P    537
126,1,1,1,0,1,0,0,0,1,1,1,1,0.953125,0.749999999999999,0,            357P    538
0.96875,0.749999999999999,0,0,1,0,0,1;                               357P    539
126,16,3,1,0,1,0,0,0,0,0,0.0714285714285714,0.142857142857143,       359P    540
0.214285714285714,0.285714285714286,0.357142857142857,               359P    541
0.428571428571429,0.5,0.571428571428572,0.642857142857143,           359P    542
0.714285714285714,0.785714285714286,0.857142857142857,               359P    543
0.928571428571428,1,1,1,1,1,1,1,1,1,1,1,1,1,1,1,1,1,1,1,1,1,         359P    544
0.96875,0.749999999999999,0,0.969918747266961,0.749999999999999,     359P    545
0,0.972256238230974,0.750140022145659,0,0.97571838456052,            359P    546
0.750767480511541,0,0.979092898643754,0.751804473371807,0,           359P    547
0.982337344981055,0.753237959939554,0,0.985410922516567,             359P    548
0.755049913289491,0,0.988274979299302,0.757217547056822,0,           359P    549
0.990893498134736,0.759713601989614,0,0.993233549634229,             359P    550
0.762506688747411,0,0.9952657062911,0.765561682648995,0,             359P    551
0.996964412556667,0.768840165353541,0,0.998308306213929,             359P    552
0.772300908113328,0,0.999280487020428,0.775900389802111,0,           359P    553
0.999868729238443,0.77959334588696,0,0.999999999999999,              359P    554
0.782086669581908,0,0.999999999999999,0.783333333333332,0,0,1,0,     359P    555
0,1;                                                                 359P    556
126,1,1,1,0,1,0,0,0,1,1,1,1,1,0.783333333333332,0,1,                 361P    557
0.966666666666665,0,0,1,0,0,1;                                       361P    558
126,16,3,1,0,1,0,0,0,0,0,0.0714285714285714,0.142857142857143,       363P    559
0.214285714285714,0.285714285714286,0.357142857142857,               363P    560
0.428571428571429,0.5,0.571428571428572,0.642857142857143,           363P    561
0.714285714285714,0.785714285714286,0.857142857142857,               363P    562
0.928571428571428,1,1,1,1,1,1,1,1,1,1,1,1,1,1,1,1,1,1,1,1,1,1,       363P    563
0.966666666666665,0,1,0.96791333041809,0,0.999868729238444,          363P    564
0.970406654113038,0,0.99928048702043,0.974099610197887,0,            363P    565
0.998308306213931,0.977699091886671,0,0.996964412556668,             363P    566
0.981159834646458,0,0.995265706291102,0.984438317351004,0,           363P    567
0.99323354963423,0.987493311252588,0,0.990893498134737,              363P    568
0.990286398010385,0,0.988274979299302,0.992782452943177,0,           363P    569
0.985410922516567,0.994950086710508,0,0.982337344981055,             363P    570
0.996762040060445,0,0.979092898643755,0.998195526628192,0,           363P    571
0.97571838456052,0.999232519488458,0,0.972256238230974,              363P    572
0.99985997785434,0,0.969918747266961,1,0,0.96875,1,0,0,1,0,0,1;      363P    573
126,1,1,1,0,1,0,0,0,1,1,1,1,0.96875,0.999999999999999,0,0,           365P    574
0.999999999999999,0,0,1,0,0,1;                                       365P    575
508,12,0,295,17,1,1,0,343,0,295,18,1,1,0,345,0,295,19,1,1,0,347,     367P    576
0,295,20,1,1,0,349,0,295,21,1,1,0,351,0,295,22,1,1,0,353,0,295,      367P    577
23,1,1,0,355,0,295,24,1,1,0,357,0,295,25,1,1,0,359,0,295,26,1,1,     367P    578
0,361,0,295,27,1,1,0,363,0,295,28,1,1,0,365;                         367P    579
126,28,3,1,0,1,0,0,0,0,0,0.0384615384615385,0.0769230769230769,      369P    580
0.115384615384615,0.153846153846154,0.192307692307692,               369P    581
0.230769230769231,0.269230769230769,0.307692307692308,               369P    582
0.346153846153846,0.384615384615385,0.423076923076923,               369P    583
0.461538461538461,0.5,0.538461538461538,0.576923076923077,           369P    584
0.615384615384615,0.653846153846154,0.692307692307692,               369P    585
0.73076923076923,0.769230769230769,0.807692307692307,                369P    586
0.846153846153846,0.884615384615384,0.923076923076923,               369P    587
0.961538461538461,1,1,1,1,1,1,1,1,1,1,1,1,1,1,1,1,1,1,1,1,1,1,1,     369P    588
1,1,1,1,1,1,1,1,1,1,0.59375,0.966666666666666,0,0.59375,             369P    589
0.967337947148202,0,0.593826134262977,0.96868050535271,0,            369P    590
0.594167073132886,0.970664978568737,0,0.594729777821786,             369P    591
0.972591146801092,0,0.595506042828212,0.974430922931141,0,           369P    592
0.596484548460375,0.976157478678715,0,0.597651025902755,             369P    593
0.977745637027109,0,0.598988465287563,0.979172239036923,0,           369P    594
0.600477363736917,0.980416481642302,0,0.60209600975872,              369P    595
0.981460220983229,0,0.603820799849098,0.982288236990097,0,           369P    596
0.605626582684647,0.98288845532492,0,0.607487025885353,              369P    597
0.983252123452823,0,0.609375,0.983373938273587,0,                    369P    598
0.611262974114645,0.983252123452823,0,0.613123417315352,             369P    599
0.98288845532492,0,0.614929200150901,0.982288236990097,0,            369P    600
0.616653990241279,0.981460220983229,0,0.618272636263082,             369P    601
0.980416481642302,0,0.619761534712436,0.979172239036923,0,           369P    602
0.621098974097244,0.977745637027109,0,0.622265451539624,             369P    603
0.976157478678715,0,0.623243957171787,0.974430922931141,0,           369P    604
0.624020222178213,0.972591146801092,0,0.624582926867113,             369P    605
0.970664978568737,0,0.624923865737022,0.968680505352711,0,           369P    606
0.624999999999999,0.967337947148202,0,0.624999999999999,             369P    607
0.966666666666666,0,0,1,0,0,1;                                       369P    608
126,28,3,1,0,1,0,0,0,0,0,0.0384615384615385,0.0769230769230769,      371P    609
0.115384615384615,0.153846153846154,0.192307692307692,               371P    610
0.230769230769231,0.269230769230769,0.307692307692308,               371P    611
0.346153846153846,0.384615384615385,0.423076923076923,               371P    612
0.461538461538461,0.5,0.538461538461538,0.576923076923077,           371P    613
0.615384615384615,0.653846153846154,0.692307692307692,               371P    614
0.73076923076923,0.769230769230769,0.807692307692307,                371P    615
0.846153846153846,0.884615384615384,0.923076923076923,               371P    616
0.961538461538461,1,1,1,1,1,1,1,1,1,1,1,1,1,1,1,1,1,1,1,1,1,1,1,     371P    617
1,1,1,1,1,1,1,1,1,1,0.624999999999999,0.966666666666666,0,           371P    618
0.624999999999999,0.965995386185129,0,0.624923865737022,             371P    619
0.964652827980621,0,0.624582926867113,0.962668354764595,0,           371P    620
0.624020222178213,0.960742186532239,0,0.623243957171787,             371P    621
0.95890241040219,0,0.622265451539624,0.957175854654616,0,            371P    622
0.621098974097244,0.955587696306223,0,0.619761534712436,             371P    623
0.954161094296408,0,0.618272636263082,0.95291685169103,0,            371P    624
0.616653990241279,0.951873112350102,0,0.614929200150901,             371P    625
0.951045096343235,0,0.613123417315352,0.950444878008411,0,           371P    626
0.611262974114645,0.950081209880508,0,0.609375,                      371P    627
0.949959395059745,0,0.607487025885353,0.950081209880508,0,           371P    628
0.605626582684647,0.950444878008411,0,0.603820799849098,             371P    629
0.951045096343235,0,0.60209600975872,0.951873112350102,0,            371P    630
0.600477363736917,0.95291685169103,0,0.598988465287563,              371P    631
0.954161094296408,0,0.597651025902755,0.955587696306223,0,           371P    632
0.596484548460375,0.957175854654616,0,0.595506042828212,             371P    633
0.95890241040219,0,0.594729777821786,0.960742186532239,0,            371P    634
0.594167073132886,0.962668354764595,0,0.593826134262977,             371P    635
0.964652827980621,0,0.59375,0.965995386185129,0,0.59375,             371P    636
0.966666666666666,0,0,1,0,0,1;                                       371P    637
508,2,0,295,29,1,1,0,369,0,295,30,1,1,0,371;                         373P    638
126,28,3,1,0,1,0,0,0,0,0,0.0384615384615385,0.0769230769230769,      375P    639
0.115384615384615,0.153846153846154,0.192307692307692,               375P    640
0.230769230769231,0.269230769230769,0.307692307692308,               375P    641
0.346153846153846,0.384615384615385,0.423076923076923,               375P    642
0.461538461538461,0.5,0.538461538461538,0.576923076923077,           375P    643
0.615384615384615,0.653846153846154,0.692307692307692,               375P    644
0.73076923076923,0.769230769230769,0.807692307692307,                375P    645
0.846153846153846,0.884615384615384,0.923076923076923,               375P    646
0.961538461538461,1,1,1,1,1,1,1,1,1,1,1,1,1,1,1,1,1,1,1,1,1,1,1,     375P    647
1,1,1,1,1,1,1,1,1,1,0.203125,0.966666666666666,0,0.203125,           375P    648
0.967337947148202,0,0.203201134262977,0.96868050535271,0,            375P    649
0.203542073132886,0.970664978568737,0,0.204104777821786,             375P    650
0.972591146801092,0,0.204881042828212,0.974430922931141,0,           375P    651
0.205859548460375,0.976157478678715,0,0.207026025902755,             375P    652
0.977745637027109,0,0.208363465287563,0.979172239036923,0,           375P    653
0.209852363736918,0.980416481642301,0,0.21147100975872,              375P    654
0.981460220983229,0,0.213195799849098,0.982288236990096,0,           375P    655
0.215001582684647,0.98288845532492,0,0.216862025885354,              375P    656
0.983252123452823,0,0.21875,0.983373938273587,0,                     375P    657
0.220637974114646,0.983252123452823,0,0.222498417315353,             375P    658
0.98288845532492,0,0.224304200150901,0.982288236990096,0,            375P    659
0.22602899024128,0.981460220983229,0,0.227647636263082,              375P    660
0.980416481642302,0,0.229136534712437,0.979172239036923,0,           375P    661
0.230473974097245,0.977745637027109,0,0.231640451539624,             375P    662
0.976157478678715,0,0.232618957171787,0.974430922931141,0,           375P    663
0.233395222178214,0.972591146801092,0,0.233957926867114,             375P    664
0.970664978568737,0,0.234298865737022,0.96868050535271,0,            375P    665
0.234375,0.967337947148202,0,0.234375,0.966666666666666,0,0,1,0,     375P    666
0,1;                                                                 375P    667
126,28,3,1,0,1,0,0,0,0,0,0.0384615384615385,0.0769230769230769,      377P    668
0.115384615384615,0.153846153846154,0.192307692307692,               377P    669
0.230769230769231,0.269230769230769,0.307692307692308,               377P    670
0.346153846153846,0.384615384615385,0.423076923076923,               377P    671
0.461538461538461,0.5,0.538461538461538,0.576923076923077,           377P    672
0.615384615384615,0.653846153846154,0.692307692307692,               377P    673
0.73076923076923,0.769230769230769,0.807692307692307,                377P    674
0.846153846153846,0.884615384615384,0.923076923076923,               377P    675
0.961538461538461,1,1,1,1,1,1,1,1,1,1,1,1,1,1,1,1,1,1,1,1,1,1,1,     377P    676
1,1,1,1,1,1,1,1,1,1,0.234375,0.966666666666666,0,0.234375,           377P    677
0.965995386185129,0,0.234298865737022,0.964652827980621,0,           377P    678
0.233957926867114,0.962668354764595,0,0.233395222178214,             377P    679
0.960742186532239,0,0.232618957171787,0.95890241040219,0,            377P    680
0.231640451539624,0.957175854654616,0,0.230473974097245,             377P    681
0.955587696306223,0,0.229136534712437,0.954161094296408,0,           377P    682
0.227647636263082,0.952916851691029,0,0.22602899024128,              377P    683
0.951873112350102,0,0.224304200150901,0.951045096343235,0,           377P    684
0.222498417315353,0.950444878008411,0,0.220637974114645,             377P    685
0.950081209880508,0,0.21875,0.949959395059744,0,                     377P    686
0.216862025885354,0.950081209880508,0,0.215001582684647,             377P    687
0.950444878008411,0,0.213195799849099,0.951045096343235,0,           377P    688
0.21147100975872,0.951873112350102,0,0.209852363736918,              377P    689
0.952916851691029,0,0.208363465287563,0.954161094296408,0,           377P    690
0.207026025902755,0.955587696306223,0,0.205859548460375,             377P    691
0.957175854654616,0,0.204881042828212,0.95890241040219,0,            377P    692
0.204104777821786,0.960742186532239,0,0.203542073132886,             377P    693
0.962668354764594,0,0.203201134262977,0.964652827980621,0,           377P    694
0.203125,0.965995386185129,0,0.203125,0.966666666666666,0,0,1,0,     377P    695
0,1;                                                                 377P    696
508,2,0,295,31,1,1,0,375,0,295,32,1,1,0,377;                         379P    697
510,341,3,1,367,373,379;                                             381P    698
110,-27,60,17,-26,60,17;                                             383P    699
110,-27,60,16,27.0000000000001,60,16;                                385P    700
120,383,385,0,6.28318530717959;                                      387P    701
126,1,1,1,0,1,0,0,0,1,1,1,1,0,3.14159265358979,0,1,                  389P    702
3.14159265358979,0,0,1,0,0,1;                                        389P    703
126,1,1,1,0,1,0,0,0,1,1,1,1,0,0,0,0,3.14159265358979,0,0,1,0,0,      391P    704
1;                                                                   391P    705
126,1,1,1,0,1,0,0,0,1,1,1,1,0,0,0,1,0,0,0,1,0,0,1;                   393P    706
126,1,1,1,0,1,0,0,0,1,1,1,1,1,0,0,1,3.14159265358979,0,0,1,0,0,      395P    707
1;                                                                   395P    708
508,4,0,295,33,0,1,0,389,0,295,31,0,1,0,391,0,295,34,1,1,0,393,      397P    709
0,295,16,1,1,0,395;                                                  397P    710
510,387,1,1,397;                                                     399P    711
110,-27,60,42,-26,60,42;                                             401P    712
110,-27,60,41,27.0000000000001,60,41;                                403P    713
120,401,403,0,6.28318530717959;                                      405P    714
126,1,1,1,0,1,0,0,0,1,1,1,1,0,3.14159265358979,0,1,                  407P    715
3.14159265358979,0,0,1,0,0,1;                                        407P    716
126,1,1,1,0,1,0,0,0,1,1,1,1,0,0,0,0,3.14159265358979,0,0,1,0,0,      409P    717
1;                                                                   409P    718
126,1,1,1,0,1,0,0,0,1,1,1,1,0,0,0,1,0,0,0,1,0,0,1;                   411P    719
126,1,1,1,0,1,0,0,0,1,1,1,1,1,0,0,1,3.14159265358979,0,0,1,0,0,      413P    720
1;                                                                   413P    721
508,4,0,295,35,0,1,0,407,0,295,29,0,1,0,409,0,295,36,1,1,0,411,      415P    722
0,295,14,1,1,0,413;                                                  415P    723
510,405,1,1,415;                                                     417P    724
110,25.0000000000001,-6,3,25.0000000000001,-5,3;                     419P    725
110,27.0000000000001,2,3,27.0000000000001,62,3;                      421P    726
120,419,421,0,6.28318530717959;                                      423P    727
126,1,1,1,0,1,0,0,0,1,1,1,1,0,1.5707963267949,0,1,                   425P    728
1.5707963267949,0,0,1,0,0,1;                                         425P    729
126,1,1,1,0,1,0,0,0,1,1,1,1,1,0,0,1,1.5707963267949,0,0,1,0,0,1;     427P    730
126,1,1,1,0,1,0,0,0,1,1,1,1,0,0,0,1,0,0,0,1,0,0,1;                   429P    731
126,1,1,1,0,1,0,0,0,1,1,1,1,0,1.5707963267949,0,0,0,0,0,1,0,0,1;     431P    732
508,4,0,295,37,1,1,0,425,0,295,38,0,1,0,427,0,295,1,0,1,0,429,0,     433P    733
295,39,0,1,0,431;                                                    433P    734
510,423,1,1,433;                                                     435P    735
128,1,1,1,1,0,0,1,0,0,0,0,1,1,0,0,1,1,1,1,1,1,27.0000000000001,      437P    736
62,65.0000000000001,27.0000000000001,62,-15,-27,62,                  437P    737
65.0000000000001,-27,62,-15,0,1,0,1;                                 437P    738
126,16,3,1,0,1,0,0,0,0,0,0.0714285714285714,0.142857142857143,       439P    739
0.214285714285714,0.285714285714286,0.357142857142857,               439P    740
0.428571428571429,0.5,0.571428571428571,0.642857142857143,           439P    741
0.714285714285714,0.785714285714285,0.857142857142857,               439P    742
0.928571428571428,1,1,1,1,1,1,1,1,1,1,1,1,1,1,1,1,1,1,1,1,1,0.8,     439P    743
0.962962962962963,0,0.8,0.96434814490899,0,0.799894983390755,        439P    744
0.967118504570043,0,0.799424389616343,0.971221789108764,0,           439P    745
0.798646644971144,0.975221213207413,0,0.797571530045334,             439P    746
0.979066482940509,0,0.796212565032881,0.982709241501116,0,           439P    747
0.794586839707384,0.986103679169543,0,0.792714798507789,             439P    748
0.989207108900428,0,0.790619983439442,0.991980503270197,0,           439P    749
0.788328738013254,0.994388985233898,0,0.785869875984844,             439P    750
0.996402266733828,0,0.783274318915004,0.99799502958688,0,            439P    751
0.780574707648416,0.999147243876064,0,0.777804990584779,             439P    752
0.999844419838155,0,0.775934997813569,0.999999999999999,0,0.775,     439P    753
0.999999999999999,0,0,1,0,0,1;                                       439P    754
126,1,1,1,0,1,0,0,0,1,1,1,1,0,1,0,0.775,1,0,0,1,0,0,1;               441P    755
126,1,1,1,0,1,0,0,0,1,1,1,1,0,0,0,0,1,0,0,1,0,0,1;                   443P    756
126,1,1,1,0,1,0,0,0,1,1,1,1,0.775,0,0,0,0,0,0,1,0,0,1;               445P    757
126,16,3,1,0,1,0,0,0,0,0,0.0714285714285714,0.142857142857143,       447P    758
0.214285714285714,0.285714285714286,0.357142857142857,               447P    759
0.428571428571429,0.5,0.571428571428571,0.642857142857143,           447P    760
0.714285714285714,0.785714285714286,0.857142857142857,               447P    761
0.928571428571428,1,1,1,1,1,1,1,1,1,1,1,1,1,1,1,1,1,1,1,1,1,         447P    762
0.775,0,0,0.775934997813569,0,0,0.777804990584779,                   447P    763
0.000155580161844249,0,0.780574707648416,0.000852756123935705,0,     447P    764
0.783274318915004,0.00200497041311953,0,0.785869875984844,           447P    765
0.00359773326617119,0,0.788328738013254,0.00561101476610204,0,       447P    766
0.790619983439442,0.00801949672980218,0,0.792714798507789,           447P    767
0.0107928910995714,0,0.794586839707384,0.0138963208304566,0,         447P    768
0.796212565032881,0.0172907584988834,0,0.797571530045334,            447P    769
0.0209335170594903,0,0.798646644971145,0.024778786792587,0,          447P    770
0.799424389616344,0.0287782108912354,0,0.799894983390755,            447P    771
0.0328814954299564,0,0.8,0.0356518550910098,0,0.8,                   447P    772
0.037037037037037,0,0,1,0,0,1;                                       447P    773
126,1,1,1,0,1,0,0,0,1,1,1,1,0.8,0.185185185185185,0,0.8,             449P    774
0.037037037037037,0,0,1,0,0,1;                                       449P    775
126,16,3,1,0,1,0,0,0,0,0,0.0714285714285714,0.142857142857143,       451P    776
0.214285714285714,0.285714285714286,0.357142857142857,               451P    777
0.428571428571429,0.5,0.571428571428571,0.642857142857143,           451P    778
0.714285714285714,0.785714285714286,0.857142857142857,               451P    779
0.928571428571429,1,1,1,1,1,1,1,1,1,1,1,1,1,1,1,1,1,1,1,1,1,0.8,     451P    780
0.185185185185186,0,0.800467498906784,0.185185185185186,0,           451P    781
0.80140249529239,0.185262975266108,0,0.802787353824208,              451P    782
0.185611563247154,0,0.804137159457502,0.186187670391745,0,           451P    783
0.805434937992422,0.186984051818271,0,0.806664369006627,             451P    784
0.187990692568237,0,0.807809991719721,0.189194933550087,0,           451P    785
0.808857399253895,0.190581630734972,0,0.809793419853692,             451P    786
0.192133345600414,0,0.810606282516441,0.193830564434628,0,           451P    787
0.811285765022667,0.195651943714931,0,0.811823322485572,             451P    788
0.197574578581479,0,0.812212194808172,0.199574290630803,0,           451P    789
0.812447491695378,0.201625932900164,0,0.8125,0.203011112730691,      451P    790
0,0.8125,0.203703703703704,0,0,1,0,0,1;                              451P    791
126,1,1,1,0,1,0,0,0,1,1,1,1,0.8125,0.203703703703705,0,0.8125,       453P    792
0.204282973654236,0,0,1,0,0,1;                                       453P    793
126,16,3,1,0,1,0,0,0,0,0,0.0714285714285714,0.142857142857143,       455P    794
0.214285714285714,0.285714285714286,0.357142857142857,               455P    795
0.428571428571428,0.5,0.571428571428571,0.642857142857143,           455P    796
0.714285714285714,0.785714285714286,0.857142857142857,               455P    797
0.928571428571428,1,1,1,1,1,1,1,1,1,1,1,1,1,1,1,1,1,1,1,1,1,         455P    798
0.8125,0.204282973654236,0,0.8125,0.204947989335452,0,               455P    799
0.812548406375445,0.2062780189715,0,0.812765393151318,               455P    800
0.208249932102424,0,0.813124241161074,0.21017584766532,0,            455P    801
0.813620789533661,0.212033434987512,0,0.814249280751442,             455P    802
0.21380115507102,0,0.815002427409015,0.215458511095471,0,            455P    803
0.815871496711448,0.216986285877662,0,0.816846411731018,             455P    804
0.218366764750569,0,0.817915868252614,0.219583940951996,0,           455P    805
0.8190674658372,0.220623701227248,0,0.820287851642479,               455P    806
0.221473989475776,0,0.821562875113592,0.222124946530233,0,           455P    807
0.82287775256958,0.222569024521504,0,0.823770742002695,              455P    808
0.22272372432077,0,0.82421875,0.222765287800846,0,0,1,0,0,1;         455P    809
126,28,3,1,0,1,0,0,0,0,0,0.0384615384615385,0.0769230769230769,      457P    810
0.115384615384615,0.153846153846154,0.192307692307692,               457P    811
0.230769230769231,0.269230769230769,0.307692307692308,               457P    812
0.346153846153846,0.384615384615385,0.423076923076923,               457P    813
0.461538461538461,0.5,0.538461538461538,0.576923076923077,           457P    814
0.615384615384615,0.653846153846154,0.692307692307692,               457P    815
0.730769230769231,0.769230769230769,0.807692307692308,               457P    816
0.846153846153846,0.884615384615385,0.923076923076923,               457P    817
0.961538461538461,1,1,1,1,1,1,1,1,1,1,1,1,1,1,1,1,1,1,1,1,1,1,1,     457P    818
1,1,1,1,1,1,1,1,1,1,0.82421875,0.222765287800846,0,                  457P    819
0.831455802264165,0.223436697863613,0,0.845877242193046,             457P    820
0.22602482318881,0,0.867060649679398,0.23359073783663,0,             457P    821
0.887510458203426,0.24473864948804,0,0.906951717383531,              457P    822
0.259318669880158,0,0.925123028524289,0.277134763627829,0,           457P    823
0.941780070317393,0.297947385038617,0,0.956698880889295,             457P    824
0.321476698641759,0,0.969678869868655,0.347406341781096,0,           457P    825
0.980545515204968,0.375387678239641,0,0.989152709756483,             457P    826
0.405044485822358,0,0.99538472575397,0.43597801483865,0,             457P    827
0.999157770818967,0.467772349479393,0,1.00042111459052,              457P    828
0.500000000000001,0,0.999157770818967,0.532227650520608,0,           457P    829
0.99538472575397,0.564021985161351,0,0.989152709756483,              457P    830
0.594955514177644,0,0.980545515204968,0.624612321760361,0,           457P    831
0.969678869868655,0.652593658218905,0,0.956698880889295,             457P    832
0.678523301358243,0,0.941780070317394,0.702052614961385,0,           457P    833
0.925123028524289,0.722865236372173,0,0.906951717383531,             457P    834
0.740681330119844,0,0.887510458203426,0.755261350511961,0,           457P    835
0.867060649679398,0.766409262163371,0,0.845877242193046,             457P    836
0.773975176811191,0,0.831455802264166,0.776563302136389,0,           457P    837
0.82421875,0.777234712199155,0,0,1,0,0,1;                            457P    838
126,16,3,1,0,1,0,0,0,0,0,0.0714285714285714,0.142857142857143,       459P    839
0.214285714285714,0.285714285714286,0.357142857142857,               459P    840
0.428571428571428,0.5,0.571428571428571,0.642857142857143,           459P    841
0.714285714285714,0.785714285714286,0.857142857142857,               459P    842
0.928571428571428,1,1,1,1,1,1,1,1,1,1,1,1,1,1,1,1,1,1,1,1,1,         459P    843
0.82421875,0.777234712199155,0,0.823770742002695,                    459P    844
0.777276275679231,0,0.822877752569581,0.777430975478498,0,           459P    845
0.821562875113592,0.777875053469769,0,0.820287851642479,             459P    846
0.778526010524226,0,0.8190674658372,0.779376298772754,0,             459P    847
0.817915868252614,0.780416059048005,0,0.816846411731018,             459P    848
0.781633235249433,0,0.815871496711448,0.783013714122339,0,           459P    849
0.815002427409015,0.784541488904531,0,0.814249280751442,             459P    850
0.786198844928982,0,0.813620789533661,0.787966565012489,0,           459P    851
0.813124241161075,0.789824152334682,0,0.812765393151318,             459P    852
0.791750067897578,0,0.812548406375445,0.793721981028502,0,           459P    853
0.8125,0.79505201066455,0,0.8125,0.795717026345766,0,0,1,0,0,1;      459P    854
126,1,1,1,0,1,0,0,0,1,1,1,1,0.8125,0.795717026345766,0,0.8125,       461P    855
0.796296296296297,0,0,1,0,0,1;                                       461P    856
126,16,3,1,0,1,0,0,0,0,0,0.0714285714285714,0.142857142857143,       463P    857
0.214285714285714,0.285714285714286,0.357142857142857,               463P    858
0.428571428571429,0.5,0.571428571428571,0.642857142857143,           463P    859
0.714285714285714,0.785714285714286,0.857142857142857,               463P    860
0.928571428571429,1,1,1,1,1,1,1,1,1,1,1,1,1,1,1,1,1,1,1,1,1,         463P    861
0.8125,0.796296296296297,0,0.8125,0.796988887269311,0,               463P    862
0.812447491695378,0.798374067099837,0,0.812212194808172,             463P    863
0.800425709369198,0,0.811823322485572,0.802425421418522,0,           463P    864
0.811285765022667,0.80434805628507,0,0.810606282516441,              463P    865
0.806169435565374,0,0.809793419853692,0.807866654399587,0,           463P    866
0.808857399253895,0.80941836926503,0,0.807809991719721,              463P    867
0.810805066449914,0,0.806664369006627,0.812009307431764,0,           463P    868
0.805434937992422,0.81301594818173,0,0.804137159457502,              463P    869
0.813812329608256,0,0.802787353824208,0.814388436752848,0,           463P    870
0.80140249529239,0.814737024733893,0,0.800467498906784,              463P    871
0.814814814814816,0,0.8,0.814814814814816,0,0,1,0,0,1;               463P    872
126,1,1,1,0,1,0,0,0,1,1,1,1,0.8,0.814814814814815,0,0.8,             465P    873
0.962962962962963,0,0,1,0,0,1;                                       465P    874
508,14,0,295,40,1,1,0,439,0,295,28,0,1,0,441,0,295,41,0,1,0,443,     467P    875
0,295,2,0,1,0,445,0,295,38,1,1,0,447,0,295,42,0,1,0,449,0,295,       467P    876
43,1,1,0,451,0,295,44,1,1,0,453,0,295,45,1,1,0,455,0,295,46,1,1,     467P    877
0,457,0,295,47,1,1,0,459,0,295,48,1,1,0,461,0,295,49,1,1,0,463,      467P    878
0,295,50,1,1,0,465;                                                  467P    879
126,28,3,1,0,1,0,0,0,0,0,0.0384615384615385,0.0769230769230769,      469P    880
0.115384615384615,0.153846153846154,0.192307692307692,               469P    881
0.230769230769231,0.269230769230769,0.307692307692308,               469P    882
0.346153846153846,0.384615384615385,0.423076923076923,               469P    883
0.461538461538461,0.5,0.538461538461538,0.576923076923077,           469P    884
0.615384615384615,0.653846153846154,0.692307692307692,               469P    885
0.73076923076923,0.769230769230769,0.807692307692307,                469P    886
0.846153846153846,0.884615384615384,0.923076923076923,               469P    887
0.961538461538461,1,1,1,1,1,1,1,1,1,1,1,1,1,1,1,1,1,1,1,1,1,1,1,     469P    888
1,1,1,1,1,1,1,1,1,1,0.6375,0.87037037037037,0,0.6375,                469P    889
0.874099706378905,0,0.63780453705191,0.881558363070619,0,            469P    890
0.639168292531544,0.892583214270765,0,0.641419111287144,             469P    891
0.903284148894964,0,0.64452417131285,0.913505127395232,0,            469P    892
0.648438193841502,0.923097103770644,0,0.653104103611021,             469P    893
0.931920205706165,0,0.658453861150253,0.939845772427358,0,           469P    894
0.664409454947671,0.946758231346126,0,0.67088403903488,              469P    895
0.952556783240167,0,0.677783199396395,0.957156872167209,0,           469P    896
0.685006330738589,0.960491418471782,0,0.692448103541417,             469P    897
0.962511796960134,0,0.7,0.963188545964377,0,0.707551896458584,       469P    898
0.962511796960134,0,0.714993669261411,0.960491418471782,0,           469P    899
0.722216800603605,0.957156872167209,0,0.72911596096512,              469P    900
0.952556783240167,0,0.735590545052329,0.946758231346127,0,           469P    901
0.741546138849747,0.939845772427357,0,0.746895896388979,             469P    902
0.931920205706166,0,0.751561806158498,0.923097103770644,0,           469P    903
0.75547582868715,0.913505127395232,0,0.758580888712856,              469P    904
0.903284148894964,0,0.760831707468456,0.892583214270765,0,           469P    905
0.76219546294809,0.881558363070619,0,0.7625,0.874099706378905,0,     469P    906
0.7625,0.87037037037037,0,0,1,0,0,1;                                 469P    907
126,28,3,1,0,1,0,0,0,0,0,0.0384615384615385,0.0769230769230769,      471P    908
0.115384615384615,0.153846153846154,0.192307692307692,               471P    909
0.230769230769231,0.269230769230769,0.307692307692308,               471P    910
0.346153846153846,0.384615384615385,0.423076923076923,               471P    911
0.461538461538461,0.5,0.538461538461538,0.576923076923077,           471P    912
0.615384615384615,0.653846153846154,0.692307692307692,               471P    913
0.73076923076923,0.769230769230769,0.807692307692307,                471P    914
0.846153846153846,0.884615384615384,0.923076923076923,               471P    915
0.961538461538461,1,1,1,1,1,1,1,1,1,1,1,1,1,1,1,1,1,1,1,1,1,1,1,     471P    916
1,1,1,1,1,1,1,1,1,1,0.7625,0.87037037037037,0,0.7625,                471P    917
0.866641034361835,0,0.76219546294809,0.859182377670121,0,            471P    918
0.760831707468456,0.848157526469976,0,0.758580888712856,             471P    919
0.837456591845777,0,0.75547582868715,0.827235613345508,0,            471P    920
0.751561806158498,0.817643636970096,0,0.74689589638898,              471P    921
0.808820535034575,0,0.741546138849748,0.800894968313383,0,           471P    922
0.735590545052329,0.793982509394614,0,0.72911596096512,              471P    923
0.788183957500573,0,0.722216800603605,0.783583868573532,0,           471P    924
0.714993669261412,0.780249322268958,0,0.707551896458584,             471P    925
0.778228943780606,0,0.7,0.777552194776363,0,0.692448103541417,       471P    926
0.778228943780607,0,0.685006330738589,0.780249322268958,0,           471P    927
0.677783199396395,0.783583868573532,0,0.67088403903488,              471P    928
0.788183957500573,0,0.664409454947671,0.793982509394614,0,           471P    929
0.658453861150253,0.800894968313383,0,0.653104103611021,             471P    930
0.808820535034575,0,0.648438193841502,0.817643636970096,0,           471P    931
0.64452417131285,0.827235613345508,0,0.641419111287144,              471P    932
0.837456591845777,0,0.639168292531544,0.848157526469975,0,           471P    933
0.63780453705191,0.859182377670121,0,0.6375,0.866641034361835,0,     471P    934
0.6375,0.87037037037037,0,0,1,0,0,1;                                 471P    935
508,2,0,295,51,1,1,0,469,0,295,52,1,1,0,471;                         473P    936
126,28,3,1,0,1,0,0,0,0,0,0.0384615384615385,0.0769230769230769,      475P    937
0.115384615384615,0.153846153846154,0.192307692307692,               475P    938
0.230769230769231,0.269230769230769,0.307692307692308,               475P    939
0.346153846153846,0.384615384615385,0.423076923076923,               475P    940
0.461538461538461,0.5,0.538461538461538,0.576923076923077,           475P    941
0.615384615384615,0.653846153846154,0.692307692307692,               475P    942
0.73076923076923,0.769230769230769,0.807692307692307,                475P    943
0.846153846153846,0.884615384615384,0.923076923076923,               475P    944
0.961538461538461,1,1,1,1,1,1,1,1,1,1,1,1,1,1,1,1,1,1,1,1,1,1,1,     475P    945
1,1,1,1,1,1,1,1,1,1,0.6375,0.12962962962963,0,0.6375,                475P    946
0.133358965638164,0,0.63780453705191,0.140817622329879,0,            475P    947
0.639168292531545,0.151842473530024,0,0.641419111287144,             475P    948
0.162543408154223,0,0.64452417131285,0.172764386654492,0,            475P    949
0.648438193841502,0.182356363029904,0,0.653104103611021,             475P    950
0.191179464965425,0,0.658453861150253,0.199105031686617,0,           475P    951
0.664409454947671,0.206017490605386,0,0.67088403903488,              475P    952
0.211816042499427,0,0.677783199396395,0.216416131426468,0,           475P    953
0.685006330738589,0.219750677731042,0,0.692448103541417,             475P    954
0.221771056219393,0,0.7,0.222447805223636,0,0.707551896458584,       475P    955
0.221771056219393,0,0.714993669261411,0.219750677731042,0,           475P    956
0.722216800603605,0.216416131426468,0,0.72911596096512,              475P    957
0.211816042499427,0,0.735590545052329,0.206017490605386,0,           475P    958
0.741546138849748,0.199105031686617,0,0.746895896388979,             475P    959
0.191179464965425,0,0.751561806158498,0.182356363029904,0,           475P    960
0.75547582868715,0.172764386654492,0,0.758580888712856,              475P    961
0.162543408154223,0,0.760831707468456,0.151842473530024,0,           475P    962
0.76219546294809,0.140817622329879,0,0.7625,0.133358965638165,0,     475P    963
0.7625,0.12962962962963,0,0,1,0,0,1;                                 475P    964
126,28,3,1,0,1,0,0,0,0,0,0.0384615384615385,0.0769230769230769,      477P    965
0.115384615384615,0.153846153846154,0.192307692307692,               477P    966
0.230769230769231,0.269230769230769,0.307692307692308,               477P    967
0.346153846153846,0.384615384615385,0.423076923076923,               477P    968
0.461538461538461,0.5,0.538461538461538,0.576923076923077,           477P    969
0.615384615384615,0.653846153846154,0.692307692307692,               477P    970
0.73076923076923,0.769230769230769,0.807692307692307,                477P    971
0.846153846153846,0.884615384615384,0.923076923076923,               477P    972
0.961538461538461,1,1,1,1,1,1,1,1,1,1,1,1,1,1,1,1,1,1,1,1,1,1,1,     477P    973
1,1,1,1,1,1,1,1,1,1,0.7625,0.12962962962963,0,0.7625,                477P    974
0.125900293621095,0,0.76219546294809,0.118441636929381,0,            477P    975
0.760831707468456,0.107416785729235,0,0.758580888712856,             477P    976
0.0967158511050361,0,0.75547582868715,0.0864948726047676,0,          477P    977
0.751561806158498,0.0769028962293555,0,0.74689589638898,             477P    978
0.0680797942938347,0,0.741546138849748,0.0601542275726423,0,         477P    979
0.735590545052329,0.0532417686538735,0,0.72911596096512,             477P    980
0.0474432167598327,0,0.722216800603605,0.0428431278327909,0,         477P    981
0.714993669261412,0.0395085815282175,0,0.707551896458584,            477P    982
0.0374882030398657,0,0.7,0.0368114540356228,0,0.692448103541417,     477P    983
0.0374882030398657,0,0.685006330738589,0.0395085815282175,0,         477P    984
0.677783199396395,0.0428431278327909,0,0.67088403903488,             477P    985
0.0474432167598325,0,0.664409454947671,0.0532417686538733,0,         477P    986
0.658453861150253,0.0601542275726421,0,0.653104103611021,            477P    987
0.0680797942938343,0,0.648438193841502,0.0769028962293555,0,         477P    988
0.64452417131285,0.0864948726047673,0,0.641419111287144,             477P    989
0.0967158511050357,0,0.639168292531545,0.107416785729235,0,          477P    990
0.637804537051911,0.118441636929381,0,0.6375,0.125900293621095,      477P    991
0,0.6375,0.12962962962963,0,0,1,0,0,1;                               477P    992
508,2,0,295,53,1,1,0,475,0,295,54,1,1,0,477;                         479P    993
510,437,3,1,467,473,479;                                             481P    994
110,25.0000000000001,60,65,24.0000000000001,60,65;                   483P    995
110,27.0000000000001,60,67,-27,60,67.0000000000001;                  485P    996
120,483,485,0,6.28318530717959;                                      487P    997
126,1,1,1,0,1,0,0,0,1,1,1,1,0,1.5707963267949,0,1,                   489P    998
1.57079632679492,0,0,1,0,0,1;                                        489P    999
126,1,1,1,0,1,0,0,0,1,1,1,1,1,0,0,1,1.57079632679492,0,0,1,0,0,      491P   1000
1;                                                                   491P   1001
126,1,1,1,0,1,0,0,0,1,1,1,1,0,0,0,1,0,0,0,1,0,0,1;                   493P   1002
126,1,1,1,0,1,0,0,0,1,1,1,1,0,1.5707963267949,0,0,0,0,0,1,0,0,1;     495P   1003
508,4,0,295,41,1,1,0,489,0,295,27,0,1,0,491,0,295,55,0,1,0,493,      497P   1004
0,295,3,0,1,0,495;                                                   497P   1005
510,487,1,1,497;                                                     499P   1006
128,1,1,1,1,0,0,1,0,0,0,0,1,1,0,0,1,1,1,1,1,1,-27,49,                501P   1007
67.0000000000001,27.0000000000001,49,67,-27,60,67.0000000000001,     501P   1008
27.0000000000001,60,67,0,1,0,1;                                      501P   1009
126,1,1,1,0,1,0,0,0,1,1,1,1,1,0,0,0,0,0,0,1,0,0,1;                   503P   1010
126,1,1,1,0,1,0,0,0,1,1,1,1,1,1,0,1,0,0,0,1,0,0,1;                   505P   1011
126,1,1,1,0,1,0,0,0,1,1,1,1,1,1,0,0,0.999999999999999,0,0,1,0,0,     507P   1012
1;                                                                   507P   1013
126,1,1,1,0,1,0,0,0,1,1,1,1,0,0,0,0,0.999999999999999,0,0,1,0,0,     509P   1014
1;                                                                   509P   1015
508,4,0,295,56,0,1,0,503,0,295,4,0,1,0,505,0,295,55,1,1,0,507,0,     511P   1016
295,26,0,1,0,509;                                                    511P   1017
510,501,1,1,511;                                                     513P   1018
110,25.0000000000001,49,65,24.0000000000001,49,65;                   515P   1019
110,27.0000000000001,47,65,-27,47,65.0000000000001;                  517P   1020
120,515,517,0,6.28318530717959;                                      519P   1021
126,1,1,1,0,1,0,0,0,1,1,1,1,0,1.5707963267949,0,1,                   521P   1022
1.57079632679485,0,0,1,0,0,1;                                        521P   1023
126,1,1,1,0,1,0,0,0,1,1,1,1,1,0,0,1,1.57079632679485,0,0,1,0,0,      523P   1024
1;                                                                   523P   1025
126,1,1,1,0,1,0,0,0,1,1,1,1,0,0,0,1,0,0,0,1,0,0,1;                   525P   1026
126,1,1,1,0,1,0,0,0,1,1,1,1,0,1.5707963267949,0,0,0,0,0,1,0,0,1;     527P   1027
508,4,0,295,56,1,1,0,521,0,295,25,0,1,0,523,0,295,57,0,1,0,525,      529P   1028
0,295,5,0,1,0,527;                                                   529P   1029
510,519,1,1,529;                                                     531P   1030
128,1,1,1,1,0,0,1,0,0,0,0,1,1,0,0,1,1,1,1,1,1,-27,47,64,             533P   1031
27.0000000000001,47,64,-27,47,65.0000000000001,27.0000000000001,     533P   1032
47,65.0000000000001,0,1,0,1;                                         533P   1033
126,1,1,1,0,1,0,0,0,1,1,1,1,0,0,0,1,0,0,0,1,0,0,1;                   535P   1034
126,1,1,1,0,1,0,0,0,1,1,1,1,1,0.999999999999943,0,1,0,0,0,1,0,0,     537P   1035
1;                                                                   537P   1036
126,1,1,1,0,1,0,0,0,1,1,1,1,1,0.999999999999943,0,0,1,0,0,1,0,0,     539P   1037
1;                                                                   539P   1038
126,1,1,1,0,1,0,0,0,1,1,1,1,0,0,0,0,1,0,0,1,0,0,1;                   541P   1039
508,4,0,295,58,1,1,0,535,0,295,6,0,1,0,537,0,295,57,1,1,0,539,0,     543P   1040
295,24,0,1,0,541;                                                    543P   1041
510,533,1,1,543;                                                     545P   1042
110,-24.9999999999999,49,64.0000000000001,-23.9999999999999,49,      547P   1043
64.0000000000001;                                                    547P   1044
110,-27,47,64.0000000000001,27.0000000000001,47,                     549P   1045
64.0000000000001;                                                    549P   1046
120,547,549,0,6.28318530717959;                                      551P   1047
126,1,1,1,0,1,0,0,0,1,1,1,1,0,1.5707963267949,0,1,                   553P   1048
1.57079632679489,0,0,1,0,0,1;                                        553P   1049
126,1,1,1,0,1,0,0,0,1,1,1,1,1,0,0,1,1.57079632679489,0,0,1,0,0,      555P   1050
1;                                                                   555P   1051
126,1,1,1,0,1,0,0,0,1,1,1,1,0,0,0,1,0,0,0,1,0,0,1;                   557P   1052
126,1,1,1,0,1,0,0,0,1,1,1,1,0,1.5707963267949,0,0,0,0,0,1,0,0,1;     559P   1053
508,4,0,295,59,1,1,0,553,0,295,7,0,1,0,555,0,295,58,0,1,0,557,0,     561P   1054
295,23,0,1,0,559;                                                    561P   1055
510,551,1,1,561;                                                     563P   1056
128,1,1,1,1,0,0,1,0,0,0,0,1,1,0,0,1,1,1,1,1,1,-27,55,                565P   1057
62.0000000000001,27.0000000000001,55,62.0000000000001,-27,49,        565P   1058
62.0000000000001,27.0000000000001,49,62.0000000000001,0,1,0,1;       565P   1059
126,1,1,1,0,1,0,0,0,1,1,1,1,0,1,0,1,1,0,0,1,0,0,1;                   567P   1060
126,1,1,1,0,1,0,0,0,1,1,1,1,0,0,0,0,1,0,0,1,0,0,1;                   569P   1061
126,1,1,1,0,1,0,0,0,1,1,1,1,0,0,0,1,0,0,0,1,0,0,1;                   571P   1062
126,1,1,1,0,1,0,0,0,1,1,1,1,1,1,0,1,0,0,0,1,0,0,1;                   573P   1063
508,4,0,295,59,0,1,0,567,0,295,22,0,1,0,569,0,295,60,1,1,0,571,      575P   1064
0,295,8,0,1,0,573;                                                   575P   1065
510,565,1,1,575;                                                     577P   1066
110,-24.9999999999999,55,60.0000000000001,-25.9999999999999,55,      579P   1067
60.0000000000001;                                                    579P   1068
110,-27,55,62.0000000000001,27,55,62.0000000000001;                  581P   1069
120,579,581,0,6.28318530717959;                                      583P   1070
126,1,1,1,0,1,0,0,0,1,1,1,1,0,1.5707963267949,0,1,                   585P   1071
1.57079632679489,0,0,1,0,0,1;                                        585P   1072
126,1,1,1,0,1,0,0,0,1,1,1,1,1,0,0,1,1.57079632679489,0,0,1,0,0,      587P   1073
1;                                                                   587P   1074
126,1,1,1,0,1,0,0,0,1,1,1,1,0,0,0,1,0,0,0,1,0,0,1;                   589P   1075
126,1,1,1,0,1,0,0,0,1,1,1,1,0,1.5707963267949,0,0,0,0,0,1,0,0,1;     591P   1076
508,4,0,295,61,1,1,0,585,0,295,9,0,1,0,587,0,295,60,0,1,0,589,0,     593P   1077
295,21,0,1,0,591;                                                    593P   1078
510,583,1,1,593;                                                     595P   1079
128,1,1,1,1,0,0,1,0,0,0,0,1,1,0,0,1,1,1,1,1,1,-27,57,                597P   1080
17.0000000000001,27.0000000000001,57,17,-27,57,60.0000000000001,     597P   1081
27.0000000000001,57,60.0000000000001,0,1,0,1;                        597P   1082
126,1,1,1,0,1,0,0,0,1,1,1,1,0,0.999999999999998,0,                   599P   1083
0.999999999999999,1,0,0,1,0,0,1;                                     599P   1084
126,1,1,1,0,1,0,0,0,1,1,1,1,0,0,0,0,0.999999999999998,0,0,1,0,0,     601P   1085
1;                                                                   601P   1086
126,1,1,1,0,1,0,0,0,1,1,1,1,0,0,0,1,0,0,0,1,0,0,1;                   603P   1087
126,1,1,1,0,1,0,0,0,1,1,1,1,0.999999999999999,1,0,1,0,0,0,1,0,0,     605P   1088
1;                                                                   605P   1089
508,4,0,295,61,0,1,0,599,0,295,20,0,1,0,601,0,295,62,1,1,0,603,      607P   1090
0,295,10,0,1,0,605;                                                  607P   1091
510,597,1,1,607;                                                     609P   1092
128,1,1,1,1,0,0,1,0,0,0,0,1,1,0,0,1,1,1,1,1,1,-27,2,                 611P   1093
17.0000000000001,27.0000000000001,2,17,-27,57,17.0000000000001,      611P   1094
27.0000000000001,57,17,0,1,0,1;                                      611P   1095
126,1,1,1,0,1,0,0,0,1,1,1,1,0,1,0,1,1,0,0,1,0,0,1;                   613P   1096
126,1,1,1,0,1,0,0,0,1,1,1,1,0,0,0,0,1,0,0,1,0,0,1;                   615P   1097
126,1,1,1,0,1,0,0,0,1,1,1,1,0,0,0,1,0,0,0,1,0,0,1;                   617P   1098
126,1,1,1,0,1,0,0,0,1,1,1,1,1,1,0,1,0,0,0,1,0,0,1;                   619P   1099
508,4,0,295,62,0,1,0,613,0,295,19,0,1,0,615,0,295,63,1,1,0,617,      621P   1100
0,295,11,0,1,0,619;                                                  621P   1101
510,611,1,1,621;                                                     623P   1102
128,1,1,1,1,0,0,1,0,0,0,0,1,1,0,0,1,1,1,1,1,1,27.0000000000001,      625P   1103
2,17,27.0000000000001,2,0,-27,2,17,-27,2,0,0,1,0,1;                  625P   1104
126,16,3,1,0,1,0,0,0,0,0,0.0714285714285714,0.142857142857143,       627P   1105
0.214285714285714,0.285714285714286,0.357142857142857,               627P   1106
0.428571428571428,0.5,0.571428571428571,0.642857142857143,           627P   1107
0.714285714285714,0.785714285714285,0.857142857142857,               627P   1108
0.928571428571428,1,1,1,1,1,1,1,1,1,1,1,1,1,1,1,1,1,1,1,1,1,         627P   1109
0.823529411764706,1,0,0.827929401475616,1,0,0.836729367457785,       627P   1110
0.999844419838156,0,0.849763330110193,0.999147243876065,0,           627P   1111
0.86246738312943,0.99799502958688,0,0.874681769340443,               627P   1112
0.996402266733829,0,0.886252884768253,0.994388985233898,0,           627P   1113
0.897035216185609,0.991980503270198,0,0.90689316944842,              627P   1114
0.989207108900429,0,0.91570277509357,0.986103679169543,0,            627P   1115
0.923353247213559,0.982709241501117,0,0.929748376683927,             627P   1116
0.97906648294051,0,0.934807741040679,0.975221213207413,0,            627P   1117
0.938467715841617,0.971221789108764,0,0.940682274780024,             627P   1118
0.967118504570043,0,0.941176470588236,0.96434814490899,0,            627P   1119
0.941176470588236,0.962962962962963,0,0,1,0,0,1;                     627P   1120
126,1,1,1,0,1,0,0,0,1,1,1,1,0.941176470588236,0.814814814814815,     629P   1121
0,0.941176470588236,0.962962962962963,0,0,1,0,0,1;                   629P   1122
126,16,3,1,0,1,0,0,0,0,0,0.0714285714285714,0.142857142857143,       631P   1123
0.214285714285714,0.285714285714286,0.357142857142857,               631P   1124
0.428571428571429,0.5,0.571428571428571,0.642857142857143,           631P   1125
0.714285714285714,0.785714285714286,0.857142857142857,               631P   1126
0.928571428571429,1,1,1,1,1,1,1,1,1,1,1,1,1,1,1,1,1,1,1,1,1,         631P   1127
0.941176470588236,0.814814814814816,0,0.94337646544369,              631P   1128
0.814814814814816,0,0.947776448434775,0.814737024733894,0,           631P   1129
0.954293429760979,0.814388436752848,0,0.960645456270597,             631P   1130
0.813812329608256,0,0.966752649376104,0.81301594818173,0,            631P   1131
0.972538207090009,0.812009307431765,0,0.977929372798687,             631P   1132
0.810805066449915,0,0.982858349430092,0.80941836926503,0,            631P   1133
0.987263152252667,0.807866654399588,0,0.991088388312662,             631P   1134
0.806169435565374,0,0.994285953047846,0.804348056285071,0,           631P   1135
0.996815635226222,0.802425421418522,0,0.998645622626691,             631P   1136
0.800425709369198,0,0.999752902095894,0.798374067099837,0,1,         631P   1137
0.796988887269311,0,1,0.796296296296297,0,0,1,0,0,1;                 631P   1138
126,1,1,1,0,1,0,0,0,1,1,1,1,1,0.777777777777779,0,1,                 633P   1139
0.796296296296297,0,0,1,0,0,1;                                       633P   1140
126,28,3,1,0,1,0,0,0,0,0,0.0384615384615385,0.0769230769230769,      635P   1141
0.115384615384615,0.153846153846154,0.192307692307692,               635P   1142
0.230769230769231,0.269230769230769,0.307692307692308,               635P   1143
0.346153846153846,0.384615384615385,0.423076923076923,               635P   1144
0.461538461538461,0.5,0.538461538461538,0.576923076923077,           635P   1145
0.615384615384615,0.653846153846154,0.692307692307692,               635P   1146
0.73076923076923,0.769230769230769,0.807692307692307,                635P   1147
0.846153846153846,0.884615384615384,0.923076923076923,               635P   1148
0.961538461538461,1,1,1,1,1,1,1,1,1,1,1,1,1,1,1,1,1,1,1,1,1,1,1,     635P   1149
1,1,1,1,1,1,1,1,1,1,1,0.222222222222223,0,0.964461621565726,         635P   1150
0.222222222222223,0,0.893385010738803,0.223575720230713,0,           635P   1151
0.788324664008005,0.229636855695753,0,0.686351051706814,             635P   1152
0.239640494609529,0,0.588951138939551,0.253440761390446,0,           635P   1153
0.497545246420919,0.270836417073343,0,0.413466275035366,             635P   1154
0.29157379382676,0,0.337940286280475,0.315350494001123,0,            635P   1155
0.272068618936913,0.341819799767428,0,0.216811830299582,             635P   1156
0.370595729043913,0,0.172975688759539,0.401258663983979,0,           635P   1157
0.14119942397478,0.433361469949284,0,0.121946405438723,              635P   1158
0.466436015739629,0,0.115497385515935,0.500000000000001,0,           635P   1159
0.121946405438723,0.533563984260373,0,0.141199423974779,             635P   1160
0.566638530050718,0,0.172975688759539,0.598741336016023,0,           635P   1161
0.216811830299581,0.629404270956089,0,0.272068618936912,             635P   1162
0.658180200232574,0,0.337940286280474,0.684649505998878,0,           635P   1163
0.413466275035365,0.708426206173242,0,0.497545246420918,             635P   1164
0.729163582926658,0,0.588951138939549,0.746559238609556,0,           635P   1165
0.686351051706814,0.760359505390473,0,0.788324664008003,             635P   1166
0.770363144304249,0,0.893385010738803,0.776424279769289,0,           635P   1167
0.964461621565726,0.777777777777779,0,1,0.777777777777779,0,0,1,     635P   1168
0,0,1;                                                               635P   1169
126,1,1,1,0,1,0,0,0,1,1,1,1,1,0.203703703703705,0,1,                 637P   1170
0.222222222222223,0,0,1,0,0,1;                                       637P   1171
126,16,3,1,0,1,0,0,0,0,0,0.0714285714285714,0.142857142857143,       639P   1172
0.214285714285714,0.285714285714286,0.357142857142857,               639P   1173
0.428571428571429,0.5,0.571428571428571,0.642857142857143,           639P   1174
0.714285714285714,0.785714285714286,0.857142857142857,               639P   1175
0.928571428571429,1,1,1,1,1,1,1,1,1,1,1,1,1,1,1,1,1,1,1,1,1,1,       639P   1176
0.203703703703704,0,1,0.203011112730691,0,0.999752902095894,         639P   1177
0.201625932900164,0,0.99864562262669,0.199574290630803,0,            639P   1178
0.996815635226222,0.197574578581479,0,0.994285953047845,             639P   1179
0.195651943714931,0,0.991088388312661,0.193830564434628,0,           639P   1180
0.987263152252667,0.192133345600414,0,0.982858349430092,             639P   1181
0.190581630734972,0,0.977929372798686,0.189194933550087,0,           639P   1182
0.972538207090009,0.187990692568237,0,0.966752649376104,             639P   1183
0.186984051818271,0,0.960645456270597,0.186187670391746,0,           639P   1184
0.954293429760979,0.185611563247154,0,0.947776448434775,             639P   1185
0.185262975266108,0,0.94337646544369,0.185185185185186,0,            639P   1186
0.941176470588235,0.185185185185186,0,0,1,0,0,1;                     639P   1187
126,1,1,1,0,1,0,0,0,1,1,1,1,0.941176470588235,0.185185185185185,     641P   1188
0,0.941176470588235,0.037037037037037,0,0,1,0,0,1;                   641P   1189
126,16,3,1,0,1,0,0,0,0,0,0.0714285714285714,0.142857142857143,       643P   1190
0.214285714285714,0.285714285714286,0.357142857142857,               643P   1191
0.428571428571429,0.5,0.571428571428571,0.642857142857143,           643P   1192
0.714285714285714,0.785714285714286,0.857142857142857,               643P   1193
0.928571428571429,1,1,1,1,1,1,1,1,1,1,1,1,1,1,1,1,1,1,1,1,1,         643P   1194
0.941176470588235,0.037037037037037,0,0.941176470588235,             643P   1195
0.0356518550910098,0,0.940682274780024,0.0328814954299567,0,         643P   1196
0.938467715841617,0.0287782108912353,0,0.934807741040679,            643P   1197
0.0247787867925869,0,0.929748376683926,0.0209335170594903,0,         643P   1198
0.923353247213559,0.0172907584988833,0,0.91570277509357,             643P   1199
0.0138963208304568,0,0.90689316944842,0.0107928910995716,0,          643P   1200
0.897035216185609,0.00801949672980223,0,0.886252884768253,           643P   1201
0.00561101476610187,0,0.874681769340443,0.00359773326617141,0,       643P   1202
0.862467383129429,0.0020049704131197,0,0.849763330110193,            643P   1203
0.000852756123935372,0,0.836729367457785,0.000155580161844526,0,     643P   1204
0.827929401475616,0,0,0.823529411764706,0,0,0,1,0,0,1;               643P   1205
126,1,1,1,0,1,0,0,0,1,1,1,1,0,0,0,0.823529411764706,0,0,0,1,0,0,     645P   1206
1;                                                                   645P   1207
126,1,1,1,0,1,0,0,0,1,1,1,1,0,1,0,0,0,0,0,1,0,0,1;                   647P   1208
126,1,1,1,0,1,0,0,0,1,1,1,1,0.823529411764706,1,0,0,1,0,0,1,0,0,     649P   1209
1;                                                                   649P   1210
508,12,0,295,64,1,1,0,627,0,295,65,0,1,0,629,0,295,66,1,1,0,631,     651P   1211
0,295,67,0,1,0,633,0,295,68,0,1,0,635,0,295,69,0,1,0,637,0,295,      651P   1212
70,1,1,0,639,0,295,71,1,1,0,641,0,295,39,1,1,0,643,0,295,12,0,1,     651P   1213
0,645,0,295,63,0,1,0,647,0,295,18,0,1,0,649;                         651P   1214
126,28,3,1,0,1,0,0,0,0,0,0.0384615384615385,0.0769230769230769,      653P   1215
0.115384615384615,0.153846153846154,0.192307692307692,               653P   1216
0.230769230769231,0.269230769230769,0.307692307692308,               653P   1217
0.346153846153846,0.384615384615385,0.423076923076923,               653P   1218
0.461538461538461,0.5,0.538461538461538,0.576923076923077,           653P   1219
0.615384615384615,0.653846153846154,0.692307692307692,               653P   1220
0.73076923076923,0.769230769230769,0.807692307692307,                653P   1221
0.846153846153846,0.884615384615384,0.923076923076923,               653P   1222
0.961538461538461,1,1,1,1,1,1,1,1,1,1,1,1,1,1,1,1,1,1,1,1,1,1,1,     653P   1223
1,1,1,1,1,1,1,1,1,1,0.764705882352942,0.87037037037037,0,            653P   1224
0.764705882352942,0.866641034361836,0,0.763272766814541,             653P   1225
0.859182377670122,0,0.756855093969205,0.848157526469976,0,           653P   1226
0.746263005707559,0.837456591845777,0,0.731650958527765,             653P   1227
0.827235613345508,0,0.713232028981167,0.817643636970096,0,           653P   1228
0.691274806536374,0.808820535034575,0,0.666099476939989,             653P   1229
0.800894968313383,0,0.638073153187432,0.793982509394614,0,           653P   1230
0.6076045221888,0.788183957500573,0,0.575137885193436,               653P   1231
0.783583868573532,0,0.541146678877231,0.780249322268958,0,           653P   1232
0.506126571569806,0.778228943780607,0,0.470588235294119,             653P   1233
0.777552194776364,0,0.435049899018431,0.778228943780607,0,           653P   1234
0.400029791711007,0.780249322268958,0,0.366038585394802,             653P   1235
0.783583868573532,0,0.333571948399437,0.788183957500573,0,           653P   1236
0.303103317400806,0.793982509394614,0,0.275076993648249,             653P   1237
0.800894968313383,0,0.249901664051863,0.808820535034575,0,           653P   1238
0.22794444160707,0.817643636970097,0,0.209525512060473,              653P   1239
0.827235613345508,0,0.194913464880678,0.837456591845777,0,           653P   1240
0.184321376619032,0.848157526469976,0,0.177903703773696,             653P   1241
0.859182377670122,0,0.176470588235295,0.866641034361835,0,           653P   1242
0.176470588235295,0.87037037037037,0,0,1,0,0,1;                      653P   1243
126,28,3,1,0,1,0,0,0,0,0,0.0384615384615385,0.0769230769230769,      655P   1244
0.115384615384615,0.153846153846154,0.192307692307692,               655P   1245
0.230769230769231,0.269230769230769,0.307692307692308,               655P   1246
0.346153846153846,0.384615384615385,0.423076923076923,               655P   1247
0.461538461538461,0.5,0.538461538461538,0.576923076923077,           655P   1248
0.615384615384615,0.653846153846154,0.692307692307692,               655P   1249
0.73076923076923,0.769230769230769,0.807692307692307,                655P   1250
0.846153846153846,0.884615384615384,0.923076923076923,               655P   1251
0.961538461538461,1,1,1,1,1,1,1,1,1,1,1,1,1,1,1,1,1,1,1,1,1,1,1,     655P   1252
1,1,1,1,1,1,1,1,1,1,0.176470588235295,0.87037037037037,0,            655P   1253
0.176470588235295,0.874099706378905,0,0.177903703773696,             655P   1254
0.881558363070619,0,0.184321376619033,0.892583214270765,0,           655P   1255
0.194913464880678,0.903284148894964,0,0.209525512060472,             655P   1256
0.913505127395232,0,0.22794444160707,0.923097103770644,0,            655P   1257
0.249901664051863,0.931920205706165,0,0.275076993648248,             655P   1258
0.939845772427358,0,0.303103317400806,0.946758231346126,0,           655P   1259
0.333571948399437,0.952556783240167,0,0.366038585394801,             655P   1260
0.957156872167209,0,0.400029791711006,0.960491418471783,0,           655P   1261
0.43504989901843,0.962511796960134,0,0.470588235294118,              655P   1262
0.963188545964377,0,0.506126571569806,0.962511796960134,0,           655P   1263
0.541146678877231,0.960491418471783,0,0.575137885193435,             655P   1264
0.957156872167209,0,0.607604522188799,0.952556783240168,0,           655P   1265
0.638073153187431,0.946758231346127,0,0.666099476939988,             655P   1266
0.939845772427358,0,0.691274806536374,0.931920205706166,0,           655P   1267
0.713232028981167,0.923097103770644,0,0.731650958527764,             655P   1268
0.913505127395233,0,0.746263005707559,0.903284148894964,0,           655P   1269
0.756855093969205,0.892583214270765,0,0.763272766814541,             655P   1270
0.881558363070619,0,0.764705882352942,0.874099706378905,0,           655P   1271
0.764705882352942,0.87037037037037,0,0,1,0,0,1;                      655P   1272
508,2,0,295,72,0,1,0,653,0,295,73,0,1,0,655;                         657P   1273
126,28,3,1,0,1,0,0,0,0,0,0.0384615384615385,0.0769230769230769,      659P   1274
0.115384615384615,0.153846153846154,0.192307692307692,               659P   1275
0.230769230769231,0.269230769230769,0.307692307692308,               659P   1276
0.346153846153846,0.384615384615385,0.423076923076923,               659P   1277
0.461538461538461,0.5,0.538461538461538,0.576923076923077,           659P   1278
0.615384615384615,0.653846153846154,0.692307692307692,               659P   1279
0.73076923076923,0.769230769230769,0.807692307692307,                659P   1280
0.846153846153846,0.884615384615384,0.923076923076923,               659P   1281
0.961538461538461,1,1,1,1,1,1,1,1,1,1,1,1,1,1,1,1,1,1,1,1,1,1,1,     659P   1282
1,1,1,1,1,1,1,1,1,1,0.764705882352942,0.12962962962963,0,            659P   1283
0.764705882352942,0.125900293621095,0,0.763272766814541,             659P   1284
0.118441636929381,0,0.756855093969205,0.107416785729235,0,           659P   1285
0.746263005707559,0.0967158511050362,0,0.731650958527765,            659P   1286
0.0864948726047676,0,0.713232028981168,0.0769028962293555,0,         659P   1287
0.691274806536374,0.0680797942938348,0,0.666099476939989,            659P   1288
0.0601542275726423,0,0.638073153187432,0.0532417686538735,0,         659P   1289
0.6076045221888,0.0474432167598327,0,0.575137885193436,              659P   1290
0.0428431278327909,0,0.541146678877231,0.0395085815282175,0,         659P   1291
0.506126571569807,0.0374882030398658,0,0.470588235294119,            659P   1292
0.0368114540356228,0,0.435049899018431,0.0374882030398658,0,         659P   1293
0.400029791711007,0.0395085815282175,0,0.366038585394802,            659P   1294
0.0428431278327909,0,0.333571948399437,0.0474432167598325,0,         659P   1295
0.303103317400806,0.0532417686538733,0,0.275076993648249,            659P   1296
0.0601542275726421,0,0.249901664051864,0.0680797942938344,0,         659P   1297
0.22794444160707,0.0769028962293555,0,0.209525512060473,             659P   1298
0.0864948726047673,0,0.194913464880678,0.0967158511050358,0,         659P   1299
0.184321376619033,0.107416785729235,0,0.177903703773697,             659P   1300
0.118441636929381,0,0.176470588235296,0.125900293621095,0,           659P   1301
0.176470588235296,0.12962962962963,0,0,1,0,0,1;                      659P   1302
126,28,3,1,0,1,0,0,0,0,0,0.0384615384615385,0.0769230769230769,      661P   1303
0.115384615384615,0.153846153846154,0.192307692307692,               661P   1304
0.230769230769231,0.269230769230769,0.307692307692308,               661P   1305
0.346153846153846,0.384615384615385,0.423076923076923,               661P   1306
0.461538461538461,0.5,0.538461538461538,0.576923076923077,           661P   1307
0.615384615384615,0.653846153846154,0.692307692307692,               661P   1308
0.73076923076923,0.769230769230769,0.807692307692307,                661P   1309
0.846153846153846,0.884615384615384,0.923076923076923,               661P   1310
0.961538461538461,1,1,1,1,1,1,1,1,1,1,1,1,1,1,1,1,1,1,1,1,1,1,1,     661P   1311
1,1,1,1,1,1,1,1,1,1,0.176470588235296,0.12962962962963,0,            661P   1312
0.176470588235296,0.133358965638165,0,0.177903703773696,             661P   1313
0.140817622329879,0,0.184321376619033,0.151842473530024,0,           661P   1314
0.194913464880678,0.162543408154223,0,0.209525512060473,             661P   1315
0.172764386654492,0,0.22794444160707,0.182356363029904,0,            661P   1316
0.249901664051863,0.191179464965425,0,0.275076993648249,             661P   1317
0.199105031686617,0,0.303103317400806,0.206017490605386,0,           661P   1318
0.333571948399438,0.211816042499427,0,0.366038585394802,             661P   1319
0.216416131426468,0,0.400029791711006,0.219750677731042,0,           661P   1320
0.435049899018431,0.221771056219393,0,0.470588235294119,             661P   1321
0.222447805223637,0,0.506126571569806,0.221771056219393,0,           661P   1322
0.541146678877231,0.219750677731042,0,0.575137885193435,             661P   1323
0.216416131426468,0,0.6076045221888,0.211816042499427,0,             661P   1324
0.638073153187431,0.206017490605386,0,0.666099476939988,             661P   1325
0.199105031686617,0,0.691274806536374,0.191179464965425,0,           661P   1326
0.713232028981167,0.182356363029904,0,0.731650958527765,             661P   1327
0.172764386654492,0,0.746263005707559,0.162543408154223,0,           661P   1328
0.756855093969205,0.151842473530024,0,0.763272766814541,             661P   1329
0.140817622329879,0,0.764705882352942,0.133358965638165,0,           661P   1330
0.764705882352942,0.12962962962963,0,0,1,0,0,1;                      661P   1331
508,2,0,295,74,0,1,0,659,0,295,75,0,1,0,661;                         663P   1332
510,625,3,1,651,657,663;                                             665P   1333
110,-25,70,3,-25,69,3;                                               667P   1334
110,-27,62,3,-27,2,3;                                                669P   1335
120,667,669,0,6.28318530717959;                                      671P   1336
126,1,1,1,0,1,0,0,0,1,1,1,1,0,1.5707963267949,0,1,                   673P   1337
1.5707963267949,0,0,1,0,0,1;                                         673P   1338
126,1,1,1,0,1,0,0,0,1,1,1,1,1,0,0,1,1.5707963267949,0,0,1,0,0,1;     675P   1339
126,1,1,1,0,1,0,0,0,1,1,1,1,0,0,0,1,0,0,0,1,0,0,1;                   677P   1340
126,1,1,1,0,1,0,0,0,1,1,1,1,0,1.5707963267949,0,0,0,0,0,1,0,0,1;     679P   1341
508,4,0,295,76,1,1,0,673,0,295,64,0,1,0,675,0,295,17,0,1,0,677,      681P   1342
0,295,40,0,1,0,679;                                                  681P   1343
510,671,1,1,681;                                                     683P   1344
128,1,1,1,1,0,0,1,0,0,0,0,1,1,0,0,1,1,1,1,1,1,17.0000000000001,      685P   1345
2,1,17.0000000000001,62,1,25.0000000000001,2,1,25.0000000000001,     685P   1346
62,1,0,1,0,1;                                                        685P   1347
126,1,1,1,0,1,0,0,0,1,1,1,1,0,1,0,1,1,0,0,1,0,0,1;                   687P   1348
126,1,1,1,0,1,0,0,0,1,1,1,1,0,0,0,0,1,0,0,1,0,0,1;                   689P   1349
126,1,1,1,0,1,0,0,0,1,1,1,1,0,0,0,1,0,0,0,1,0,0,1;                   691P   1350
126,1,1,1,0,1,0,0,0,1,1,1,1,1,0,0,1,1,0,0,1,0,0,1;                   693P   1351
508,4,0,295,37,0,1,0,687,0,295,71,0,1,0,689,0,295,77,1,1,0,691,      695P   1352
0,295,42,1,1,0,693;                                                  695P   1353
510,685,1,1,695;                                                     697P   1354
110,16,-2,1,16,-1,1;                                                 699P   1355
110,17,2,1,17,62,1.00000000000001;                                   701P   1356
120,699,701,0,6.28318530717959;                                      703P   1357
126,1,1,1,0,1,0,0,0,1,1,1,1,0,0,0,1,0,0,0,1,0,0,1;                   705P   1358
126,1,1,1,0,1,0,0,0,1,1,1,1,0,1.5707963267949,0,0,0,0,0,1,0,0,1;     707P   1359
126,1,1,1,0,1,0,0,0,1,1,1,1,0,1.5707963267949,0,1,                   709P   1360
1.5707963267949,0,0,1,0,0,1;                                         709P   1361
126,1,1,1,0,1,0,0,0,1,1,1,1,1,0,0,1,1.5707963267949,0,0,1,0,0,1;     711P   1362
508,4,0,295,77,0,1,0,705,0,295,70,0,1,0,707,0,295,78,1,1,0,709,      713P   1363
0,295,43,0,1,0,711;                                                  713P   1364
510,703,1,1,713;                                                     715P   1365
128,1,1,1,1,0,0,1,0,0,0,0,1,1,0,0,1,1,1,1,1,1,16,2,0,15,2,0,16,      717P   1366
62,0,15,62,0,0,1,0,1;                                                717P   1367
126,1,1,1,0,1,0,0,0,1,1,1,1,0.0312805773287139,                      719P   1368
0.966666666666667,0,0.0312805773287139,1,0,0,1,0,0,1;                719P   1369
126,1,1,1,0,1,0,0,0,1,1,1,1,0,1,0,0.0312805773287139,1,0,0,1,0,      721P   1370
0,1;                                                                 721P   1371
126,1,1,1,0,1,0,0,0,1,1,1,1,0,0,0,0,1,0,0,1,0,0,1;                   723P   1372
126,1,1,1,0,1,0,0,0,1,1,1,1,0,0,0,1,0,0,0,1,0,0,1;                   725P   1373
126,1,1,1,0,1,0,0,0,1,1,1,1,1,0,0,1,0.966666666666667,0,0,1,0,0,     727P   1374
1;                                                                   727P   1375
126,1,1,1,0,1,0,0,0,1,1,1,1,0.0312805773287139,                      729P   1376
0.966666666666667,0,1,0.966666666666667,0,0,1,0,0,1;                 729P   1377
508,6,0,295,79,1,1,0,719,0,295,44,0,1,0,721,0,295,78,0,1,0,723,      731P   1378
0,295,69,1,1,0,725,0,295,80,1,1,0,727,0,295,81,0,1,0,729;            731P   1379
510,717,1,1,731;                                                     733P   1380
110,15.9687194226713,56,-0.999999999999992,15.9687194226713,55,      735P   1381
-0.999999999999992;                                                  735P   1382
110,15.9687194226713,60,8.43769498715119E-15,15.9687194226713,       737P   1383
62,8.65973959207622E-15;                                             737P   1384
120,735,737,0,6.28318530717959;                                      739P   1385
126,1,1,1,0,1,0,0,0,1,1,1,1,0,1.50825556499841,0,1,                  741P   1386
1.50825556499841,0,0,1,0,0,1;                                        741P   1387
126,1,1,1,0,1,0,0,0,1,1,1,1,1,0,0,1,1.50825556499841,0,0,1,0,0,      743P   1388
1;                                                                   743P   1389
126,1,1,1,0,1,0,0,0,1,1,1,1,0,0,0,1,0,0,0,1,0,0,1;                   745P   1390
126,27,3,1,0,1,0,0,0,0,0,0.0833172395280855,0.0833172395280855,      747P   1391
0.166634479056172,0.166634479056172,0.249951718584259,               747P   1392
0.249951718584259,0.333268958112345,0.333268958112345,               747P   1393
0.416586197640432,0.416586197640432,0.499903437168519,               747P   1394
0.499903437168519,0.583220676696605,0.583220676696605,               747P   1395
0.666537916224692,0.666537916224692,0.74985515575278,                747P   1396
0.74985515575278,0.833172395280866,0.833172395280866,                747P   1397
0.916489634808952,0.916489634808952,0.999806874337039,               747P   1398
0.999806874337039,1,1,1,1,1,1,1,1,1,1,1,1,1,1,1,1,1,1,1,1,1,1,1,     747P   1399
1,1,1,1,1,1,1,1,1,0,1.50825556499841,0,0,1.46636766295054,0,0,       747P   1400
1.42447976090268,0,0,1.34070395680695,0,0,1.29881605475909,0,0,      747P   1401
1.21504025066336,0,0,1.17315234861549,0,0,1.08937654451977,0,0,      747P   1402
1.0474886424719,0,0,0.963712838376174,0,0,0.921824936328311,0,0,     747P   1403
0.838049132232583,0,0,0.796161230184719,0,0,0.712385426088991,0,     747P   1404
0,0.670497524041127,0,0,0.5867217199454,0,0,0.544833817897536,0,     747P   1405
0,0.461058013801808,0,0,0.419170111753944,0,0,0.335394307658216,     747P   1406
0,0,0.293506405610352,0,0,0.209730601514624,0,0,                     747P   1407
0.16784269946676,0,0,0.0840668953710324,0,0,0.0421515015007886,      747P   1408
0,0,0.000194060702491887,0,0,9.70303512459433E-5,0,0,0,0,0,1,0,      747P   1409
0,1;                                                                 747P   1410
508,4,0,295,82,1,1,0,741,0,295,45,0,1,0,743,0,295,79,0,1,0,745,      749P   1411
0,295,83,0,1,0,747;                                                  749P   1412
510,739,1,1,749;                                                     751P   1413
110,0,60,3.67394039744206E-15,0,61,3.73517273739943E-15;             753P   1414
110,14.9706744587544,60,-0.937499999999988,14.9706744587544,62,      755P   1415
-0.937499999999988;                                                  755P   1416
120,753,755,0,6.28318530717959;                                      757P   1417
126,1,1,1,0,1,0,0,0,1,1,1,1,0,0,0,1,0,0,0,1,0,0,1;                   759P   1418
126,1,1,1,0,1,0,0,0,1,1,1,1,0,0,0,0,3.01651112999681,0,0,1,0,0,      761P   1419
1;                                                                   761P   1420
126,1,1,1,0,1,0,0,0,1,1,1,1,0,3.01651112999681,0,1,                  763P   1421
3.01651112999681,0,0,1,0,0,1;                                        763P   1422
126,1,1,1,0,1,0,0,0,1,1,1,1,1,0,0,1,3.01651112999681,0,0,1,0,0,      765P   1423
1;                                                                   765P   1424
508,4,0,295,82,0,1,0,759,0,295,84,1,1,0,761,0,295,85,1,1,0,763,      767P   1425
0,295,46,0,1,0,765;                                                  767P   1426
510,757,1,1,767;                                                     769P   1427
110,-15.9687194226713,56,-1,-15.9687194226713,57,-1;                 771P   1428
110,-15.9687194226713,60,-8.88178419700125E-16,                      773P   1429
-15.9687194226713,62,2.22044604925031E-16;                           773P   1430
120,771,773,0,6.28318530717959;                                      775P   1431
126,1,1,1,0,1,0,0,0,1,1,1,1,0,1.5082555649984,0,1,                   777P   1432
1.5082555649984,0,0,1,0,0,1;                                         777P   1433
126,27,3,1,0,1,0,0,0,0,0,0.0833172395280883,0.0833172395280883,      779P   1434
0.166634479056175,0.166634479056175,0.249951718584261,               779P   1435
0.249951718584261,0.333268958112348,0.333268958112348,               779P   1436
0.416586197640434,0.416586197640434,0.499903437168521,               779P   1437
0.499903437168521,0.583220676696607,0.583220676696607,               779P   1438
0.666537916224693,0.666537916224693,0.749855155752781,               779P   1439
0.749855155752781,0.833172395280866,0.833172395280866,               779P   1440
0.916489634808953,0.916489634808953,0.999806874337039,               779P   1441
0.999806874337039,1,1,1,1,1,1,1,1,1,1,1,1,1,1,1,1,1,1,1,1,1,1,1,     779P   1442
1,1,1,1,1,1,1,1,1,0,1.5082555649984,0,0,1.46636766295054,0,0,        779P   1443
1.42447976090268,0,0,1.34070395680695,0,0,1.29881605475909,0,0,      779P   1444
1.21504025066336,0,0,1.17315234861549,0,0,1.08937654451977,0,0,      779P   1445
1.0474886424719,0,0,0.963712838376174,0,0,0.92182493632831,0,0,      779P   1446
0.838049132232583,0,0,0.796161230184719,0,0,0.712385426088991,0,     779P   1447
0,0.670497524041127,0,0,0.586721719945399,0,0,0.544833817897535,     779P   1448
0,0,0.461058013801807,0,0,0.419170111753944,0,0,                     779P   1449
0.335394307658216,0,0,0.293506405610351,0,0,0.209730601514624,0,     779P   1450
0,0.16784269946676,0,0,0.0840668953710326,0,0,                       779P   1451
0.0421515015007317,0,0,0.000194060702491627,0,0,                     779P   1452
9.70303512458137E-5,0,0,0,0,0,1,0,0,1;                               779P   1453
126,1,1,1,0,1,0,0,0,1,1,1,1,0,0,0,1,0,0,0,1,0,0,1;                   781P   1454
126,1,1,1,0,1,0,0,0,1,1,1,1,1,1.5082555649984,0,1,0,0,0,1,0,0,1;     783P   1455
508,4,0,295,85,0,1,0,777,0,295,86,1,1,0,779,0,295,87,1,1,0,781,      785P   1456
0,295,47,0,1,0,783;                                                  785P   1457
510,775,1,1,785;                                                     787P   1458
128,1,1,1,1,0,0,1,0,0,0,0,1,1,0,0,1,1,1,1,1,1,-15,2,0,-16,2,0,       789P   1459
-15,62,0,-16,62,0,0,1,0,1;                                           789P   1460
126,1,1,1,0,1,0,0,0,1,1,1,1,0.96871942267131,0.966666666666667,      791P   1461
0,0.96871942267131,1,0,0,1,0,0,1;                                    791P   1462
126,1,1,1,0,1,0,0,0,1,1,1,1,0.96871942267131,0.966666666666667,      793P   1463
0,0,0.966666666666667,0,0,1,0,0,1;                                   793P   1464
126,1,1,1,0,1,0,0,0,1,1,1,1,0,0,0,0,0.966666666666667,0,0,1,0,0,     795P   1465
1;                                                                   795P   1466
126,1,1,1,0,1,0,0,0,1,1,1,1,0,0,0,0.999999999999984,0,0,0,1,0,0,     797P   1467
1;                                                                   797P   1468
126,1,1,1,0,1,0,0,0,1,1,1,1,1,0,0,1,1,0,0,1,0,0,1;                   799P   1469
126,1,1,1,0,1,0,0,0,1,1,1,1,0.96871942267131,1,0,                    801P   1470
0.999999999999984,1,0,0,1,0,0,1;                                     801P   1471
508,6,0,295,87,0,1,0,791,0,295,88,1,1,0,793,0,295,89,0,1,0,795,      803P   1472
0,295,67,1,1,0,797,0,295,90,1,1,0,799,0,295,48,0,1,0,801;            803P   1473
510,789,1,1,803;                                                     805P   1474
110,-16,-2,0.999999999999998,-16,-3,0.999999999999998;               807P   1475
110,-17,2,0.999999999999998,-17,62,1;                                809P   1476
120,807,809,0,6.28318530717959;                                      811P   1477
126,1,1,1,0,1,0,0,0,1,1,1,1,0,0,0,1,0,0,0,1,0,0,1;                   813P   1478
126,1,1,1,0,1,0,0,0,1,1,1,1,1,1.5707963267949,0,1,0,0,0,1,0,0,1;     815P   1479
126,1,1,1,0,1,0,0,0,1,1,1,1,0,1.5707963267949,0,1,                   817P   1480
1.5707963267949,0,0,1,0,0,1;                                         817P   1481
126,1,1,1,0,1,0,0,0,1,1,1,1,0,0,0,0,1.5707963267949,0,0,1,0,0,1;     819P   1482
508,4,0,295,91,1,1,0,813,0,295,49,0,1,0,815,0,295,90,0,1,0,817,      821P   1483
0,295,66,0,1,0,819;                                                  821P   1484
510,811,1,1,821;                                                     823P   1485
128,1,1,1,1,0,0,1,0,0,0,0,1,1,0,0,1,1,1,1,1,1,-17,62,1,-17,2,        825P   1486
0.999999999999997,-25,62,1,-25,2,0.999999999999997,0,1,0,1;          825P   1487
126,1,1,1,0,1,0,0,0,1,1,1,1,0,1,0,1,1,0,0,1,0,0,1;                   827P   1488
126,1,1,1,0,1,0,0,0,1,1,1,1,0,0,0,0,1,0,0,1,0,0,1;                   829P   1489
126,1,1,1,0,1,0,0,0,1,1,1,1,1,0,0,0,0,0,0,1,0,0,1;                   831P   1490
126,1,1,1,0,1,0,0,0,1,1,1,1,1,0,0,1,1,0,0,1,0,0,1;                   833P   1491
508,4,0,295,76,0,1,0,827,0,295,50,0,1,0,829,0,295,91,0,1,0,831,      835P   1492
0,295,65,1,1,0,833;                                                  835P   1493
510,825,1,1,835;                                                     837P   1494
110,-20,62.0000000000001,9,-20,61.0000000000001,9;                   839P   1495
110,-20,62.0000000000001,4,-20,2,4;                                  841P   1496
120,839,841,0,6.28318530717959;                                      843P   1497
126,1,1,1,0,1,0,0,0,1,1,1,1,0,0,0,0,3.14159265358979,0,0,1,0,0,      845P   1498
1;                                                                   845P   1499
126,1,1,1,0,1,0,0,0,1,1,1,1,0,0,0,1,0,0,0,1,0,0,1;                   847P   1500
126,1,1,1,0,1,0,0,0,1,1,1,1,1,0,0,1,3.14159265358979,0,0,1,0,0,      849P   1501
1;                                                                   849P   1502
126,1,1,1,0,1,0,0,0,1,1,1,1,0,3.14159265358979,0,1,                  851P   1503
3.14159265358979,0,0,1,0,0,1;                                        851P   1504
508,4,0,295,52,0,1,0,845,0,295,92,1,1,0,847,0,295,72,1,1,0,849,      853P   1505
0,295,93,0,1,0,851;                                                  853P   1506
510,843,1,1,853;                                                     855P   1507
110,20.0000000000001,62.0000000000001,9,20.0000000000001,            857P   1508
61.0000000000001,9;                                                  857P   1509
110,20.0000000000001,62.0000000000001,4,20.0000000000001,2,4;        859P   1510
120,857,859,0,6.28318530717959;                                      861P   1511
126,1,1,1,0,1,0,0,0,1,1,1,1,0,0,0,0,3.14159265358979,0,0,1,0,0,      863P   1512
1;                                                                   863P   1513
126,1,1,1,0,1,0,0,0,1,1,1,1,0,0,0,1,0,0,0,1,0,0,1;                   865P   1514
126,1,1,1,0,1,0,0,0,1,1,1,1,1,0,0,1,3.14159265358979,0,0,1,0,0,      867P   1515
1;                                                                   867P   1516
126,1,1,1,0,1,0,0,0,1,1,1,1,0,3.14159265358979,0,1,                  869P   1517
3.14159265358979,0,0,1,0,0,1;                                        869P   1518
508,4,0,295,54,0,1,0,863,0,295,94,1,1,0,865,0,295,74,1,1,0,867,      871P   1519
0,295,95,0,1,0,869;                                                  871P   1520
510,861,1,1,871;                                                     873P   1521
110,0,2,1.22464679914735E-16,0,1,6.12323399573675E-17;               875P   1522
110,15,2,3.79640507735679E-15,15,60,7.34788079488412E-15;            877P   1523
120,875,877,0,6.28318530717959;                                      879P   1524
126,1,1,1,0,1,0,0,0,1,1,1,1,1,0,0,1,3.14159265358979,0,0,1,0,0,      881P   1525
1;                                                                   881P   1526
126,1,1,1,0,1,0,0,0,1,1,1,1,0,0,0,1,0,0,0,1,0,0,1;                   883P   1527
126,1,1,1,0,1,0,0,0,1,1,1,1,0,0,0,0,3.14159265358979,0,0,1,0,0,      885P   1528
1;                                                                   885P   1529
126,1,1,1,0,1,0,0,0,1,1,1,1,0,3.14159265358979,0,1,                  887P   1530
3.14159265358979,0,0,1,0,0,1;                                        887P   1531
508,4,0,295,96,0,1,0,881,0,295,80,0,1,0,883,0,295,68,1,1,0,885,      889P   1532
0,295,89,1,1,0,887;                                                  889P   1533
510,879,1,1,889;                                                     891P   1534
128,1,1,1,1,0,0,1,0,0,0,0,1,1,0,0,1,1,1,1,1,1,15.9687194226713,      893P   1535
60,15,15.9687194226713,60,-15,-15.9687194226713,60,15,               893P   1536
-15.9687194226713,60,-15,0,1,0,1;                                    893P   1537
126,27,3,1,0,1,0,0,0,0,0,0.0833172395280855,0.0833172395280855,      895P   1538
0.166634479056172,0.166634479056172,0.249951718584259,               895P   1539
0.249951718584259,0.333268958112345,0.333268958112345,               895P   1540
0.416586197640432,0.416586197640432,0.499903437168519,               895P   1541
0.499903437168519,0.583220676696605,0.583220676696605,               895P   1542
0.666537916224692,0.666537916224692,0.74985515575278,                895P   1543
0.74985515575278,0.833172395280866,0.833172395280866,                895P   1544
0.916489634808952,0.916489634808952,0.999806874337039,               895P   1545
0.999806874337039,1,1,1,1,1,1,1,1,1,1,1,1,1,1,1,1,1,1,1,1,1,1,1,     895P   1546
1,1,1,1,1,1,1,1,1,0.53125,0.03125,0,0.529853955663662,               895P   1547
0.0311678797449213,0,0.528464821714544,0.0310030551165848,0,         895P   1548
0.52572882019196,0.0305135717447061,0,0.524366553848176,             895P   1549
0.0301854165385098,0,0.521717437016324,0.029377683230218,0,          895P   1550
0.520409697450784,0.0288917359097286,0,0.517889243464607,            895P   1551
0.0277784911018121,0,0.516656654511465,0.0271424153465646,0,         895P   1552
0.514304612435971,0.0257412155746644,0,0.513166612759333,            895P   1553
0.0249650426792921,0,0.511020075703094,0.0232979857008473,0,         895P   1554
0.509994612237667,0.0223939563755737,0,0.50808743237234,             895P   1555
0.0204873326749858,0,0.507190677289556,0.0194697040023114,0,         895P   1556
0.505552931980911,0.0173535821743005,0,0.504799027644121,            895P   1557
0.0162384027662952,0,0.503456545114017,0.013946155316199,0,          895P   1558
0.502857381044973,0.0127510122183029,0,0.50183133304487,             895P   1559
0.0103187892577316,0,0.501396358418864,0.00906253059054252,0,        895P   1560
0.500702926338655,0.00652868972852394,0,0.50043900096538,            895P   1561
0.00523112744167586,0,0.500089120643206,0.00263562886224722,0,       895P   1562
0.500000407583092,0.00131980665662701,0,0.500000000470749,           895P   1563
6.0762948242421E-6,0,0.5,3.03814742019792E-6,0,0.5,0,0,0,1,0,0,      895P   1564
1;                                                                   895P   1565
126,1,1,1,0,1,0,0,0,1,1,1,1,0.5,0,0,0.5,0.0303317816861379,0,0,      897P   1566
1,0,0,1;                                                             897P   1567
126,28,3,1,0,1,0,0,0,0,0,0.0384615384615385,0.0769230769230769,      899P   1568
0.115384615384615,0.153846153846154,0.192307692307692,               899P   1569
0.230769230769231,0.269230769230769,0.307692307692308,               899P   1570
0.346153846153846,0.384615384615385,0.423076923076923,               899P   1571
0.461538461538461,0.5,0.538461538461538,0.576923076923077,           899P   1572
0.615384615384615,0.653846153846154,0.692307692307692,               899P   1573
0.73076923076923,0.769230769230769,0.807692307692307,                899P   1574
0.846153846153846,0.884615384615384,0.923076923076923,               899P   1575
0.961538461538461,1,1,1,1,1,1,1,1,1,1,1,1,1,1,1,1,1,1,1,1,1,1,1,     899P   1576
1,1,1,1,1,1,1,1,1,1,0.5,0.0303317816861379,0,0.479861585553911,      899P   1577
0.0303317816861379,0,0.439584839418655,0.0326202836794373,0,         899P   1578
0.380050642937869,0.0428684853808043,0,0.322265595967195,            899P   1579
0.0597826939358432,0,0.267072312065745,0.0831162620963405,0,         899P   1580
0.21527563963852,0.112528933895897,0,0.167630889186706,              899P   1581
0.147591806348105,0,0.124832828892268,0.187793583817901,0,           899P   1582
0.0875055507309166,0.232548033863254,0,0.0561933705030956,           899P   1583
0.28120253582426,0,0.0313528902970713,0.333047597501929,0,           899P   1584
0.0133463402523744,0.387327201152089,0,0.00243629641527532,          899P   1585
0.4432498279265,0,-0.00121814820763755,0.5,0,                        899P   1586
0.00243629641527532,0.5567501720735,0,0.0133463402523742,            899P   1587
0.61267279884791,0,0.0313528902970712,0.666952402498071,0,           899P   1588
0.0561933705030954,0.71879746417574,0,0.0875055507309164,            899P   1589
0.767451966136746,0,0.124832828892268,0.812206416182099,0,           899P   1590
0.167630889186706,0.852408193651894,0,0.21527563963852,              899P   1591
0.887471066104103,0,0.267072312065744,0.916883737903659,0,           899P   1592
0.322265595967194,0.940217306064157,0,0.380050642937868,             899P   1593
0.957131514619195,0,0.439584839418655,0.967379716320563,0,           899P   1594
0.479861585553911,0.969668218313862,0,0.5,0.969668218313862,0,0,     899P   1595
1,0,0,1;                                                             899P   1596
126,1,1,1,0,1,0,0,0,1,1,1,1,0.5,1,0,0.5,0.969668218313862,0,0,1,     901P   1597
0,0,1;                                                               901P   1598
126,27,3,1,0,1,0,0,0,0,0,0.0833172395280883,0.0833172395280883,      903P   1599
0.166634479056175,0.166634479056175,0.249951718584261,               903P   1600
0.249951718584261,0.333268958112348,0.333268958112348,               903P   1601
0.416586197640434,0.416586197640434,0.499903437168521,               903P   1602
0.499903437168521,0.583220676696607,0.583220676696607,               903P   1603
0.666537916224693,0.666537916224693,0.749855155752781,               903P   1604
0.749855155752781,0.833172395280866,0.833172395280866,               903P   1605
0.916489634808953,0.916489634808953,0.999806874337039,               903P   1606
0.999806874337039,1,1,1,1,1,1,1,1,1,1,1,1,1,1,1,1,1,1,1,1,1,1,1,     903P   1607
1,1,1,1,1,1,1,1,1,0.53125,0.96875,0,0.529853955663663,               903P   1608
0.968832120255079,0,0.528464821714544,0.968996944883415,0,           903P   1609
0.525728820191961,0.969486428255294,0,0.524366553848176,             903P   1610
0.96981458346149,0,0.521717437016324,0.970622316769782,0,            903P   1611
0.520409697450784,0.971108264090271,0,0.517889243464607,             903P   1612
0.972221508898188,0,0.516656654511466,0.972857584653435,0,           903P   1613
0.514304612435971,0.974258784425335,0,0.513166612759333,             903P   1614
0.975034957320708,0,0.511020075703095,0.976702014299152,0,           903P   1615
0.509994612237667,0.977606043624426,0,0.50808743237234,              903P   1616
0.979512667325014,0,0.507190677289556,0.980530295997688,0,           903P   1617
0.505552931980911,0.982646417825699,0,0.504799027644121,             903P   1618
0.983761597233705,0,0.503456545114017,0.986053844683801,0,           903P   1619
0.502857381044973,0.987248987781697,0,0.50183133304487,              903P   1620
0.989681210742268,0,0.501396358418864,0.990937469409457,0,           903P   1621
0.500702926338655,0.993471310271476,0,0.500439000965381,             903P   1622
0.994768872558324,0,0.500089120643206,0.997364371137753,0,           903P   1623
0.500000407583092,0.998680193343383,0,0.50000000047075,              903P   1624
0.999993923705176,0,0.5,0.99999696185258,0,0.5,1,0,0,1,0,0,1;        903P   1625
126,28,3,1,0,1,0,0,0,0,0,0.0384615384615385,0.0769230769230769,      905P   1626
0.115384615384615,0.153846153846154,0.192307692307692,               905P   1627
0.230769230769231,0.269230769230769,0.307692307692308,               905P   1628
0.346153846153846,0.384615384615385,0.423076923076923,               905P   1629
0.461538461538461,0.5,0.538461538461538,0.576923076923077,           905P   1630
0.615384615384615,0.653846153846154,0.692307692307692,               905P   1631
0.730769230769231,0.769230769230769,0.807692307692308,               905P   1632
0.846153846153846,0.884615384615385,0.923076923076923,               905P   1633
0.961538461538461,1,1,1,1,1,1,1,1,1,1,1,1,1,1,1,1,1,1,1,1,1,1,1,     905P   1634
1,1,1,1,1,1,1,1,1,1,0.53125,0.03125,0,0.550548806037774,             905P   1635
0.0323852238845749,0,0.589005979181455,0.0367612406415059,0,         905P   1636
0.645495065811728,0.049553731390709,0,0.700027888542469,             905P   1637
0.0684026826823658,0,0.751871246356082,0.0930546626043298,0,         905P   1638
0.800328076064772,0.123178213432343,0,0.844746854179716,             905P   1639
0.158368309971548,0,0.88453034903812,0.198151804844836,0,            905P   1640
0.919143652983079,0.241993790305997,0,0.948121373879914,             905P   1641
0.289304790291889,0,0.971073892683955,0.339448686213594,0,           905P   1642
0.987692602010587,0.391751269866866,0,0.997754055517246,             905P   1643
0.44550930847836,0,1.00112297224138,0.5,0,0.997754055517246,         905P   1644
0.554490691521639,0,0.987692602010587,0.608248730133133,0,           905P   1645
0.971073892683955,0.660551313786405,0,0.948121373879914,             905P   1646
0.710695209708111,0,0.91914365298308,0.758006209694002,0,            905P   1647
0.884530349038121,0.801848195155163,0,0.844746854179716,             905P   1648
0.841631690028452,0,0.800328076064772,0.876821786567657,0,           905P   1649
0.751871246356083,0.90694533739567,0,0.70002788854247,               905P   1650
0.931597317317634,0,0.645495065811728,0.950446268609291,0,           905P   1651
0.589005979181455,0.963238759358494,0,0.550548806037774,             905P   1652
0.967614776115425,0,0.53125,0.96875,0,0,1,0,0,1;                     905P   1653
508,6,0,295,83,1,1,0,895,0,295,81,1,1,0,897,0,295,96,1,1,0,899,      907P   1654
0,295,88,0,1,0,901,0,295,86,0,1,0,903,0,295,84,0,1,0,905;            907P   1655
126,28,3,1,0,1,0,0,0,0,0,0.0384615384615385,0.0769230769230769,      909P   1656
0.115384615384615,0.153846153846154,0.192307692307692,               909P   1657
0.230769230769231,0.269230769230769,0.307692307692308,               909P   1658
0.346153846153846,0.384615384615385,0.423076923076923,               909P   1659
0.461538461538461,0.5,0.538461538461538,0.576923076923077,           909P   1660
0.615384615384615,0.653846153846154,0.692307692307692,               909P   1661
0.73076923076923,0.769230769230769,0.807692307692307,                909P   1662
0.846153846153846,0.884615384615384,0.923076923076923,               909P   1663
0.961538461538461,1,1,1,1,1,1,1,1,1,1,1,1,1,1,1,1,1,1,1,1,1,1,1,     909P   1664
1,1,1,1,1,1,1,1,1,1,0.666666666666667,0.5,0,0.666666666666667,       909P   1665
0.50630558215504,0,0.665854567861573,0.518916720552924,0,            909P   1666
0.662217886582549,0.537557600546176,0,0.656215703234283,             909P   1667
0.555650800583442,0,0.647935543165733,0.572932488125366,0,           909P   1668
0.637498149755995,0.58915065536102,0,0.625055723703945,              909P   1669
0.604068805398828,0,0.610789703599326,0.61746939788268,0,            909P   1670
0.594908120139544,0.629157022035045,0,0.577642562573653,             909P   1671
0.638961245967794,0,0.559244801609613,0.64673910202141,0,            909P   1672
0.53998311803043,0.652377171539725,0,0.520138390556223,              909P   1673
0.655793238773523,0,0.5,0.65693748977017,0,0.479861609443777,        909P   1674
0.655793238773523,0,0.46001688196957,0.652377171539725,0,            909P   1675
0.440755198390387,0.64673910202141,0,0.422357437426347,              909P   1676
0.638961245967794,0,0.405091879860456,0.629157022035045,0,           909P   1677
0.389210296400674,0.61746939788268,0,0.374944276296055,              909P   1678
0.604068805398828,0,0.362501850244005,0.58915065536102,0,            909P   1679
0.352064456834267,0.572932488125366,0,0.343784296765717,             909P   1680
0.555650800583443,0,0.337782113417451,0.537557600546176,0,           909P   1681
0.334145432138427,0.518916720552924,0,0.333333333333333,             909P   1682
0.50630558215504,0,0.333333333333333,0.5,0,0,1,0,0,1;                909P   1683
126,28,3,1,0,1,0,0,0,0,0,0.0384615384615385,0.0769230769230769,      911P   1684
0.115384615384615,0.153846153846154,0.192307692307692,               911P   1685
0.230769230769231,0.269230769230769,0.307692307692308,               911P   1686
0.346153846153846,0.384615384615385,0.423076923076923,               911P   1687
0.461538461538461,0.5,0.538461538461538,0.576923076923077,           911P   1688
0.615384615384615,0.653846153846154,0.692307692307692,               911P   1689
0.73076923076923,0.769230769230769,0.807692307692307,                911P   1690
0.846153846153846,0.884615384615384,0.923076923076923,               911P   1691
0.961538461538461,1,1,1,1,1,1,1,1,1,1,1,1,1,1,1,1,1,1,1,1,1,1,1,     911P   1692
1,1,1,1,1,1,1,1,1,1,0.333333333333333,0.5,0,0.333333333333333,       911P   1693
0.49369441784496,0,0.334145432138427,0.481083279447076,0,            911P   1694
0.337782113417451,0.462442399453824,0,0.343784296765717,             911P   1695
0.444349199416557,0,0.352064456834267,0.427067511874634,0,           911P   1696
0.362501850244005,0.41084934463898,0,0.374944276296055,              911P   1697
0.395931194601172,0,0.389210296400673,0.38253060211732,0,            911P   1698
0.405091879860456,0.370842977964955,0,0.422357437426347,             911P   1699
0.361038754032206,0,0.440755198390387,0.35326089797859,0,            911P   1700
0.460016881969569,0.347622828460275,0,0.479861609443777,             911P   1701
0.344206761226477,0,0.5,0.34306251022983,0,0.520138390556223,        911P   1702
0.344206761226477,0,0.53998311803043,0.347622828460275,0,            911P   1703
0.559244801609613,0.35326089797859,0,0.577642562573653,              911P   1704
0.361038754032206,0,0.594908120139544,0.370842977964954,0,           911P   1705
0.610789703599326,0.38253060211732,0,0.625055723703945,              911P   1706
0.395931194601172,0,0.637498149755995,0.41084934463898,0,            911P   1707
0.647935543165733,0.427067511874634,0,0.656215703234283,             911P   1708
0.444349199416557,0,0.662217886582549,0.462442399453824,0,           911P   1709
0.665854567861573,0.481083279447076,0,0.666666666666667,             911P   1710
0.49369441784496,0,0.666666666666667,0.5,0,0,1,0,0,1;                911P   1711
508,2,0,295,97,1,1,0,909,0,295,98,1,1,0,911;                         913P   1712
510,893,2,1,907,913;                                                 915P   1713
110,0,0,0,0,1,6.12323399573677E-17;                                  917P   1714
110,-9.18485099360515E-16,-3.06161699786838E-16,5,                   919P   1715
-9.18485099360515E-16,60,5;                                          919P   1716
120,917,919,0,6.28318530717959;                                      921P   1717
126,1,1,1,0,1,0,0,0,1,1,1,1,0,0,0,1,0,0,0,1,0,0,1;                   923P   1718
126,1,1,1,0,1,0,0,0,1,1,1,1,0,0,0,0,3.14159265358979,0,0,1,0,0,      925P   1719
1;                                                                   925P   1720
126,1,1,1,0,1,0,0,0,1,1,1,1,0,3.14159265358979,0,1,                  927P   1721
3.14159265358979,0,0,1,0,0,1;                                        927P   1722
126,1,1,1,0,1,0,0,0,1,1,1,1,1,0,0,1,3.14159265358979,0,0,1,0,0,      929P   1723
1;                                                                   929P   1724
508,4,0,295,99,0,1,0,923,0,295,100,1,1,0,925,0,295,101,1,1,0,        931P   1725
927,0,295,98,0,1,0,929;                                              931P   1726
510,921,1,1,931;                                                     933P   1727
128,1,1,1,1,0,0,1,0,0,0,0,1,1,0,0,1,1,1,1,1,1,5,0,5,5,0,-5,-5,0,     935P   1728
5,-5,0,-5,0,1,0,1;                                                   935P   1729
126,28,3,1,0,1,0,0,0,0,0,0.0384615384615385,0.0769230769230769,      937P   1730
0.115384615384615,0.153846153846154,0.192307692307692,               937P   1731
0.230769230769231,0.269230769230769,0.307692307692308,               937P   1732
0.346153846153846,0.384615384615385,0.423076923076923,               937P   1733
0.461538461538461,0.5,0.538461538461538,0.576923076923077,           937P   1734
0.615384615384615,0.653846153846154,0.692307692307692,               937P   1735
0.73076923076923,0.769230769230769,0.807692307692307,                937P   1736
0.846153846153846,0.884615384615384,0.923076923076923,               937P   1737
0.961538461538461,1,1,1,1,1,1,1,1,1,1,1,1,1,1,1,1,1,1,1,1,1,1,1,     937P   1738
1,1,1,1,1,1,1,1,1,1,0,0.5,0,0,0.479861585553912,0,                   937P   1739
0.00243629641528131,0.439584839418656,0,0.0133463402523529,          937P   1740
0.380050642937869,0,0.0313528902971505,0.322265595967195,0,          937P   1741
0.0561933705028009,0.267072312065745,0,0.0875055507320162,           937P   1742
0.21527563963852,0,0.124832828888165,0.167630889186707,0,            937P   1743
0.16763088920202,0.124832828892269,0,0.215275639581368,              937P   1744
0.0875055507309168,0,0.267072312279042,0.0561933705030955,0,         937P   1745
0.322265595171161,0.0313528902970713,0,0.380050645908708,            937P   1746
0.0133463402523745,0,0.43958482833133,0.00243629641527521,0,0.5,     937P   1747
-0.00121814820763766,0,0.560415171668669,0.00243629641527532,0,      937P   1748
0.61994935409129,0.0133463402523739,0,0.677734404828839,             937P   1749
0.0313528902970713,0,0.732927687720958,0.0561933705030954,0,         937P   1750
0.784724360418632,0.0875055507309164,0,0.832369110797979,            937P   1751
0.124832828892268,0,0.875167171111834,0.167630889186706,0,           937P   1752
0.912494449267984,0.21527563963852,0,0.943806629497199,              937P   1753
0.267072312065744,0,0.968647109702849,0.322265595967194,0,           937P   1754
0.986653659747647,0.380050642937868,0,0.997563703584719,             937P   1755
0.439584839418655,0,1,0.479861585553911,0,1,0.5,0,0,1,0,0,1;         937P   1756
126,28,3,1,0,1,0,0,0,0,0,0.0384615384615385,0.0769230769230769,      939P   1757
0.115384615384615,0.153846153846154,0.192307692307692,               939P   1758
0.230769230769231,0.269230769230769,0.307692307692308,               939P   1759
0.346153846153846,0.384615384615385,0.423076923076923,               939P   1760
0.461538461538461,0.5,0.538461538461538,0.576923076923077,           939P   1761
0.615384615384615,0.653846153846154,0.692307692307692,               939P   1762
0.73076923076923,0.769230769230769,0.807692307692307,                939P   1763
0.846153846153846,0.884615384615384,0.923076923076923,               939P   1764
0.961538461538461,1,1,1,1,1,1,1,1,1,1,1,1,1,1,1,1,1,1,1,1,1,1,1,     939P   1765
1,1,1,1,1,1,1,1,1,1,1,0.5,0,1,0.520138414446088,0,                   939P   1766
0.997563703584719,0.560415160581344,0,0.986653659747647,             939P   1767
0.619949357062131,0,0.968647109702849,0.677734404032805,0,           939P   1768
0.943806629497199,0.732927687934255,0,0.912494449267984,             939P   1769
0.78472436036148,0,0.875167171111835,0.832369110813293,0,            939P   1770
0.83236911079798,0.875167171107732,0,0.784724360418632,              939P   1771
0.912494449269083,0,0.732927687720959,0.943806629496905,0,           939P   1772
0.677734404828839,0.968647109702929,0,0.619949354091291,             939P   1773
0.986653659747626,0,0.56041517166867,0.997563703584725,0,0.5,        939P   1774
1.00121814820764,0,0.439584828331331,0.997563703584725,0,            939P   1775
0.380050645908709,0.986653659747626,0,0.322265595171161,             939P   1776
0.968647109702929,0,0.267072312279042,0.943806629496905,0,           939P   1777
0.215275639581368,0.912494449269084,0,0.167630889202021,             939P   1778
0.875167171107732,0,0.124832828888165,0.832369110813294,0,           939P   1779
0.0875055507320165,0.78472436036148,0,0.0561933705028013,            939P   1780
0.732927687934256,0,0.0313528902971506,0.677734404032806,0,          939P   1781
0.0133463402523532,0.619949357062132,0,0.00243629641528154,          939P   1782
0.560415160581345,0,0,0.520138414446089,0,0,0.5,0,0,1,0,0,1;         939P   1783
508,2,0,295,100,0,1,0,937,0,295,102,0,1,0,939;                       941P   1784
510,935,1,1,941;                                                     943P   1785
110,-27,60,17,-26,60,17;                                             945P   1786
110,-27,60,18,27.0000000000001,60,18;                                947P   1787
120,945,947,0,6.28318530717959;                                      949P   1788
126,1,1,1,0,1,0,0,0,1,1,1,1,1,0,0,1,3.14159265358979,0,0,1,0,0,      951P   1789
1;                                                                   951P   1790
126,1,1,1,0,1,0,0,0,1,1,1,1,0,3.14159265358979,0,1,                  953P   1791
3.14159265358979,0,0,1,0,0,1;                                        953P   1792
126,1,1,1,0,1,0,0,0,1,1,1,1,0,0,0,0,3.14159265358979,0,0,1,0,0,      955P   1793
1;                                                                   955P   1794
126,1,1,1,0,1,0,0,0,1,1,1,1,0,0,0,1,0,0,0,1,0,0,1;                   957P   1795
508,4,0,295,15,1,1,0,951,0,295,34,0,1,0,953,0,295,32,0,1,0,955,      959P   1796
0,295,33,1,1,0,957;                                                  959P   1797
510,949,1,1,959;                                                     961P   1798
110,-27,60,42,-26,60,42;                                             963P   1799
110,-27,60,43,27.0000000000001,60,43;                                965P   1800
120,963,965,0,6.28318530717959;                                      967P   1801
126,1,1,1,0,1,0,0,0,1,1,1,1,1,0,0,1,3.14159265358979,0,0,1,0,0,      969P   1802
1;                                                                   969P   1803
126,1,1,1,0,1,0,0,0,1,1,1,1,0,3.14159265358979,0,1,                  971P   1804
3.14159265358979,0,0,1,0,0,1;                                        971P   1805
126,1,1,1,0,1,0,0,0,1,1,1,1,0,0,0,0,3.14159265358979,0,0,1,0,0,      973P   1806
1;                                                                   973P   1807
126,1,1,1,0,1,0,0,0,1,1,1,1,0,0,0,1,0,0,0,1,0,0,1;                   975P   1808
508,4,0,295,13,1,1,0,969,0,295,36,0,1,0,971,0,295,30,0,1,0,973,      977P   1809
0,295,35,1,1,0,975;                                                  977P   1810
510,967,1,1,977;                                                     979P   1811
110,-20,62.0000000000001,9,-20,61.0000000000001,9;                   981P   1812
110,-20,62.0000000000001,14,-20,2,14;                                983P   1813
120,981,983,0,6.28318530717959;                                      985P   1814
126,1,1,1,0,1,0,0,0,1,1,1,1,0,0,0,1,0,0,0,1,0,0,1;                   987P   1815
126,1,1,1,0,1,0,0,0,1,1,1,1,1,0,0,1,3.14159265358979,0,0,1,0,0,      989P   1816
1;                                                                   989P   1817
126,1,1,1,0,1,0,0,0,1,1,1,1,0,3.14159265358979,0,1,                  991P   1818
3.14159265358979,0,0,1,0,0,1;                                        991P   1819
126,1,1,1,0,1,0,0,0,1,1,1,1,0,0,0,0,3.14159265358979,0,0,1,0,0,      993P   1820
1;                                                                   993P   1821
508,4,0,295,93,1,1,0,987,0,295,73,1,1,0,989,0,295,92,0,1,0,991,      995P   1822
0,295,51,0,1,0,993;                                                  995P   1823
510,985,1,1,995;                                                     997P   1824
110,20.0000000000001,62.0000000000001,9,20.0000000000001,            999P   1825
61.0000000000001,9;                                                  999P   1826
110,20.0000000000001,62.0000000000001,14,20.0000000000001,2,14;     1001P   1827
120,999,1001,0,6.28318530717959;                                    1003P   1828
126,1,1,1,0,1,0,0,0,1,1,1,1,0,0,0,1,0,0,0,1,0,0,1;                  1005P   1829
126,1,1,1,0,1,0,0,0,1,1,1,1,1,0,0,1,3.14159265358979,0,0,1,0,0,     1007P   1830
1;                                                                  1007P   1831
126,1,1,1,0,1,0,0,0,1,1,1,1,0,3.14159265358979,0,1,                 1009P   1832
3.14159265358979,0,0,1,0,0,1;                                       1009P   1833
126,1,1,1,0,1,0,0,0,1,1,1,1,0,0,0,0,3.14159265358979,0,0,1,0,0,     1011P   1834
1;                                                                  1011P   1835
508,4,0,295,95,1,1,0,1005,0,295,75,1,1,0,1007,0,295,94,0,1,0,       1013P   1836
1009,0,295,53,0,1,0,1011;                                           1013P   1837
510,1003,1,1,1013;                                                  1015P   1838
110,0,0,0,0,1,6.12323399573677E-17;                                 1017P   1839
110,3.06161699786838E-16,3.06161699786838E-16,-5,                   1019P   1840
3.06161699786838E-16,60,-5;                                         1019P   1841
120,1017,1019,0,6.28318530717959;                                   1021P   1842
126,1,1,1,0,1,0,0,0,1,1,1,1,1,0,0,1,3.14159265358979,0,0,1,0,0,     1023P   1843
1;                                                                  1023P   1844
126,1,1,1,0,1,0,0,0,1,1,1,1,0,0,0,1,0,0,0,1,0,0,1;                  1025P   1845
126,1,1,1,0,1,0,0,0,1,1,1,1,0,0,0,0,3.14159265358979,0,0,1,0,0,     1027P   1846
1;                                                                  1027P   1847
126,1,1,1,0,1,0,0,0,1,1,1,1,0,3.14159265358979,0,1,                 1029P   1848
3.14159265358979,0,0,1,0,0,1;                                       1029P   1849
508,4,0,295,97,0,1,0,1023,0,295,101,0,1,0,1025,0,295,102,1,1,0,     1031P   1850
1027,0,295,99,1,1,0,1029;                                           1031P   1851
510,1021,1,1,1031;                                                  1033P   1852
514,37,339,1,381,1,399,1,417,1,435,0,481,1,499,0,513,1,531,0,       1035P   1853
545,1,563,0,577,1,595,0,609,1,623,1,665,0,683,0,697,1,715,0,733,    1035P   1854
1,751,0,769,0,787,1,805,1,823,1,837,1,855,1,873,1,891,0,915,0,      1035P   1855
933,0,943,0,961,1,979,1,997,1,1015,1,1033,0;                        1035P   1856
186,1035,1,0;                                                       1037P   1857
S      2G      3D   1038P   1857                                        T      1
