IGES file generated by C3D Converter 1.8                                S      1
translator by C3D Labs., translator version IGESOUT-5.1.                S      2
1H,,1H;,7H Деталь,55HE:\Сдача задания\Модели\IGES\Крепление к монитору 3G      1
.igs,0H,3H1.0,32,38,6,308,15,7Hunknown,1,2,2HMM,1000,1,16H-17740206:0636G      2
29,1E-6,50000,5Hno1se,7Hunknown,0,0,13H260306:063630;                   G      3
     502       1       0       0       0       0       0       000010000D      1
     502       0       0      13       1                               0D      2
     110      14       0       0       0       0       0       000010000D      3
     110       1       0       1       0                               0D      4
     110      15       0       0       0       0       0       000010000D      5
     110       1       0       1       0                               0D      6
     110      16       0       0       0       0       0       000010000D      7
     110       1       0       1       0                               0D      8
     110      17       0       0       0       0       0       000010000D      9
     110       1       0       1       0                               0D     10
     124      18       0       0       0       0       0       001020201D     11
     124       1       0       1       0                               0D     12
     100      19       0       0       0       0      11       000010000D     13
     100       1       0       1       0                               0D     14
     124      20       0       0       0       0       0       001020201D     15
     124       1       0       1       0                               0D     16
     100      21       0       0       0       0      15       000010000D     17
     100       1       0       1       0                               0D     18
     124      22       0       0       0       0       0       001020201D     19
     124       1       0       1       0                               0D     20
     100      23       0       0       0       0      19       000010000D     21
     100       1       0       1       0                               0D     22
     124      24       0       0       0       0       0       001020201D     23
     124       1       0       1       0                               0D     24
     100      25       0       0       0       0      23       000010000D     25
     100       1       0       1       0                               0D     26
     110      26       0       0       0       0       0       000010000D     27
     110       1       0       1       0                               0D     28
     124      27       0       0       0       0       0       001020201D     29
     124       1       0       1       0                               0D     30
     100      28       0       0       0       0      29       000010000D     31
     100       1       0       1       0                               0D     32
     110      29       0       0       0       0       0       000010000D     33
     110       1       0       1       0                               0D     34
     110      30       0       0       0       0       0       000010000D     35
     110       1       0       1       0                               0D     36
     124      31       0       0       0       0       0       001020201D     37
     124       1       0       1       0                               0D     38
     100      32       0       0       0       0      37       000010000D     39
     100       1       0       1       0                               0D     40
     110      33       0       0       0       0       0       000010000D     41
     110       1       0       1       0                               0D     42
     110      34       0       0       0       0       0       000010000D     43
     110       1       0       1       0                               0D     44
     110      35       0       0       0       0       0       000010000D     45
     110       1       0       1       0                               0D     46
     110      36       0       0       0       0       0       000010000D     47
     110       1       0       1       0                               0D     48
     110      37       0       0       0       0       0       000010000D     49
     110       1       0       1       0                               0D     50
     124      38       0       0       0       0       0       001020201D     51
     124       1       0       2       0                               0D     52
     100      40       0       0       0       0      51       000010000D     53
     100       1       0       1       0                               0D     54
     124      41       0       0       0       0       0       001020201D     55
     124       1       0       4       0                               0D     56
     100      45       0       0       0       0      55       000010000D     57
     100       1       0       1       0                               0D     58
     124      46       0       0       0       0       0       001020201D     59
     124       1       0       2       0                               0D     60
     100      48       0       0       0       0      59       000010000D     61
     100       1       0       1       0                               0D     62
     124      49       0       0       0       0       0       001020201D     63
     124       1       0       3       0                               0D     64
     100      52       0       0       0       0      63       000010000D     65
     100       1       0       1       0                               0D     66
     124      53       0       0       0       0       0       001020201D     67
     124       1       0       1       0                               0D     68
     100      54       0       0       0       0      67       000010000D     69
     100       1       0       1       0                               0D     70
     124      55       0       0       0       0       0       001020201D     71
     124       1       0       1       0                               0D     72
     100      56       0       0       0       0      71       000010000D     73
     100       1       0       1       0                               0D     74
     110      57       0       0       0       0       0       000010000D     75
     110       1       0       1       0                               0D     76
     110      58       0       0       0       0       0       000010000D     77
     110       1       0       1       0                               0D     78
     110      59       0       0       0       0       0       000010000D     79
     110       1       0       1       0                               0D     80
     110      60       0       0       0       0       0       000010000D     81
     110       1       0       1       0                               0D     82
     110      61       0       0       0       0       0       000010000D     83
     110       1       0       1       0                               0D     84
     110      62       0       0       0       0       0       000010000D     85
     110       1       0       1       0                               0D     86
     110      63       0       0       0       0       0       000010000D     87
     110       1       0       1       0                               0D     88
     124      64       0       0       0       0       0       001020201D     89
     124       1       0       1       0                               0D     90
     100      65       0       0       0       0      89       000010000D     91
     100       1       0       1       0                               0D     92
     110      66       0       0       0       0       0       000010000D     93
     110       1       0       1       0                               0D     94
     110      67       0       0       0       0       0       000010000D     95
     110       1       0       1       0                               0D     96
     110      68       0       0       0       0       0       000010000D     97
     110       1       0       1       0                               0D     98
     124      69       0       0       0       0       0       001020201D     99
     124       1       0       1       0                               0D    100
     100      70       0       0       0       0      99       000010000D    101
     100       1       0       1       0                               0D    102
     124      71       0       0       0       0       0       001020201D    103
     124       1       0       1       0                               0D    104
     100      72       0       0       0       0     103       000010000D    105
     100       1       0       1       0                               0D    106
     124      73       0       0       0       0       0       001020201D    107
     124       1       0       1       0                               0D    108
     100      74       0       0       0       0     107       000010000D    109
     100       1       0       1       0                               0D    110
     110      75       0       0       0       0       0       000010000D    111
     110       1       0       1       0                               0D    112
     110      76       0       0       0       0       0       000010000D    113
     110       1       0       1       0                               0D    114
     110      77       0       0       0       0       0       000010000D    115
     110       1       0       1       0                               0D    116
     126      78       0       0       0       0       0       000010000D    117
     126       1       0      36       0                               0D    118
     110     114       0       0       0       0       0       000010000D    119
     110       1       0       2       0                               0D    120
     110     116       0       0       0       0       0       000010000D    121
     110       1       0       1       0                               0D    122
     126     117       0       0       0       0       0       000010000D    123
     126       1       0      36       0                               0D    124
     110     153       0       0       0       0       0       000010000D    125
     110       1       0       2       0                               0D    126
     110     155       0       0       0       0       0       000010000D    127
     110       1       0       2       0                               0D    128
     110     157       0       0       0       0       0       000010000D    129
     110       1       0       1       0                               0D    130
     110     158       0       0       0       0       0       000010000D    131
     110       1       0       1       0                               0D    132
     110     159       0       0       0       0       0       000010000D    133
     110       1       0       1       0                               0D    134
     110     160       0       0       0       0       0       000010000D    135
     110       1       0       1       0                               0D    136
     110     161       0       0       0       0       0       000010000D    137
     110       1       0       1       0                               0D    138
     110     162       0       0       0       0       0       000010000D    139
     110       1       0       1       0                               0D    140
     110     163       0       0       0       0       0       000010000D    141
     110       1       0       1       0                               0D    142
     126     164       0       0       0       0       0       000010000D    143
     126       1       0      36       0                               0D    144
     126     200       0       0       0       0       0       000010000D    145
     126       1       0      36       0                               0D    146
     110     236       0       0       0       0       0       000010000D    147
     110       1       0       1       0                               0D    148
     110     237       0       0       0       0       0       000010000D    149
     110       1       0       1       0                               0D    150
     504     238       0       0       0       0       0       000010000D    151
     504       1       0      12       1                               0D    152
     128     250       0       0       0       0       0       000010000D    153
     128       1       0       2       0                               0D    154
     126     252       0       0       0       0       0       001010500D    155
     126       1       0       1       0                               0D    156
     126     253       0       0       0       0       0       001010500D    157
     126       1       0       1       0                               0D    158
     126     254       0       0       0       0       0       001010500D    159
     126       1       0       1       0                               0D    160
     126     255       0       0       0       0       0       001010500D    161
     126       1       0       1       0                               0D    162
     508     256       0       0       0       0       0       000010000D    163
     508       1       0       2       1                               0D    164
     126     258       0       0       0       0       0       001010500D    165
     126       1       0      29       0                               0D    166
     126     287       0       0       0       0       0       001010500D    167
     126       1       0      29       0                               0D    168
     508     316       0       0       0       0       0       000010000D    169
     508       1       0       1       1                               0D    170
     126     317       0       0       0       0       0       001010500D    171
     126       1       0      29       0                               0D    172
     126     346       0       0       0       0       0       001010500D    173
     126       1       0      29       0                               0D    174
     508     375       0       0       0       0       0       000010000D    175
     508       1       0       1       1                               0D    176
     314     376       0       0       0       0       0       001000200D    177
     314       1       0       1       0                               0D    178
     510     377       0       0       0       0       0       000010000D    179
     510       1    -177       1       1                               0D    180
     110     378       0       0       0       0       0       001010000D    181
     110       1       0       1       0                               0D    182
     110     379       0       0       0       0       0       001010001D    183
     110       1       0       1       0                               0D    184
     120     380       0       0       0       0       0       000010000D    185
     120       1       0       1       0                               0D    186
     126     381       0       0       0       0       0       001010500D    187
     126       1       0       2       0                               0D    188
     126     383       0       0       0       0       0       001010500D    189
     126       1       0       2       0                               0D    190
     126     385       0       0       0       0       0       001010500D    191
     126       1       0       2       0                               0D    192
     126     387       0       0       0       0       0       001010500D    193
     126       1       0       1       0                               0D    194
     508     388       0       0       0       0       0       000010000D    195
     508       1       0       2       1                               0D    196
     510     390       0       0       0       0       0       000010000D    197
     510       1    -177       1       1                               0D    198
     110     391       0       0       0       0       0       001010000D    199
     110       1       0       1       0                               0D    200
     110     392       0       0       0       0       0       001010001D    201
     110       1       0       1       0                               0D    202
     120     393       0       0       0       0       0       000010000D    203
     120       1       0       1       0                               0D    204
     126     394       0       0       0       0       0       001010500D    205
     126       1       0       2       0                               0D    206
     126     396       0       0       0       0       0       001010500D    207
     126       1       0       2       0                               0D    208
     126     398       0       0       0       0       0       001010500D    209
     126       1       0       2       0                               0D    210
     126     400       0       0       0       0       0       001010500D    211
     126       1       0       1       0                               0D    212
     508     401       0       0       0       0       0       000010000D    213
     508       1       0       2       1                               0D    214
     510     403       0       0       0       0       0       000010000D    215
     510       1    -177       1       1                               0D    216
     128     404       0       0       0       0       0       000010000D    217
     128       1       0       2       0                               0D    218
     126     406       0       0       0       0       0       001010500D    219
     126       1       0       1       0                               0D    220
     126     407       0       0       0       0       0       001010500D    221
     126       1       0       1       0                               0D    222
     126     408       0       0       0       0       0       001010500D    223
     126       1       0       1       0                               0D    224
     126     409       0       0       0       0       0       001010500D    225
     126       1       0       1       0                               0D    226
     508     410       0       0       0       0       0       000010000D    227
     508       1       0       2       1                               0D    228
     126     412       0       0       0       0       0       001010500D    229
     126       1       0      29       0                               0D    230
     126     441       0       0       0       0       0       001010500D    231
     126       1       0      29       0                               0D    232
     508     470       0       0       0       0       0       000010000D    233
     508       1       0       1       1                               0D    234
     126     471       0       0       0       0       0       001010500D    235
     126       1       0      29       0                               0D    236
     126     500       0       0       0       0       0       001010500D    237
     126       1       0      29       0                               0D    238
     508     529       0       0       0       0       0       000010000D    239
     508       1       0       1       1                               0D    240
     510     530       0       0       0       0       0       000010000D    241
     510       1    -177       1       1                               0D    242
     128     531       0       0       0       0       0       000010000D    243
     128       1       0       2       0                               0D    244
     126     533       0       0       0       0       0       001010500D    245
     126       1       0      16       0                               0D    246
     126     549       0       0       0       0       0       001010500D    247
     126       1       0       2       0                               0D    248
     126     551       0       0       0       0       0       001010500D    249
     126       1       0      16       0                               0D    250
     126     567       0       0       0       0       0       001010500D    251
     126       1       0       2       0                               0D    252
     126     569       0       0       0       0       0       001010500D    253
     126       1       0       2       0                               0D    254
     126     571       0       0       0       0       0       001010500D    255
     126       1       0       2       0                               0D    256
     126     573       0       0       0       0       0       001010500D    257
     126       1       0       2       0                               0D    258
     126     575       0       0       0       0       0       001010500D    259
     126       1       0       2       0                               0D    260
     508     577       0       0       0       0       0       000010000D    261
     508       1       0       3       1                               0D    262
     510     580       0       0       0       0       0       000010000D    263
     510       1    -177       1       1                               0D    264
     128     581       0       0       0       0       0       000010000D    265
     128       1       0       2       0                               0D    266
     126     583       0       0       0       0       0       001010500D    267
     126       1       0       1       0                               0D    268
     126     584       0       0       0       0       0       001010500D    269
     126       1       0       1       0                               0D    270
     126     585       0       0       0       0       0       001010500D    271
     126       1       0       1       0                               0D    272
     126     586       0       0       0       0       0       001010500D    273
     126       1       0       1       0                               0D    274
     508     587       0       0       0       0       0       000010000D    275
     508       1       0       2       1                               0D    276
     510     589       0       0       0       0       0       000010000D    277
     510       1    -177       1       1                               0D    278
     128     590       0       0       0       0       0       000010000D    279
     128       1       0       2       0                               0D    280
     126     592       0       0       0       0       0       001010500D    281
     126       1       0      15       0                               0D    282
     126     607       0       0       0       0       0       001010500D    283
     126       1       0       1       0                               0D    284
     126     608       0       0       0       0       0       001010500D    285
     126       1       0       2       0                               0D    286
     126     610       0       0       0       0       0       001010500D    287
     126       1       0       2       0                               0D    288
     126     612       0       0       0       0       0       001010500D    289
     126       1       0       2       0                               0D    290
     126     614       0       0       0       0       0       001010500D    291
     126       1       0       1       0                               0D    292
     126     615       0       0       0       0       0       001010500D    293
     126       1       0      16       0                               0D    294
     126     631       0       0       0       0       0       001010500D    295
     126       1       0       2       0                               0D    296
     508     633       0       0       0       0       0       000010000D    297
     508       1       0       3       1                               0D    298
     510     636       0       0       0       0       0       000010000D    299
     510       1    -177       1       1                               0D    300
     128     637       0       0       0       0       0       000010000D    301
     128       1       0       3       0                               0D    302
     126     640       0       0       0       0       0       001010500D    303
     126       1       0      27       0                               0D    304
     126     667       0       0       0       0       0       001010500D    305
     126       1       0      27       0                               0D    306
     508     694       0       0       0       0       0       000010000D    307
     508       1       0       1       1                               0D    308
     510     695       0       0       0       0       0       000010000D    309
     510       1    -177       1       1                               0D    310
     128     696       0       0       0       0       0       000010000D    311
     128       1       0       2       0                               0D    312
     126     698       0       0       0       0       0       001010500D    313
     126       1       0      27       0                               0D    314
     126     725       0       0       0       0       0       001010500D    315
     126       1       0      27       0                               0D    316
     508     752       0       0       0       0       0       000010000D    317
     508       1       0       1       1                               0D    318
     510     753       0       0       0       0       0       000010000D    319
     510       1    -177       1       1                               0D    320
     128     754       0       0       0       0       0       000010000D    321
     128       1       0       2       0                               0D    322
     126     756       0       0       0       0       0       001010500D    323
     126       1       0       2       0                               0D    324
     126     758       0       0       0       0       0       001010500D    325
     126       1       0       2       0                               0D    326
     126     760       0       0       0       0       0       001010500D    327
     126       1       0       1       0                               0D    328
     126     761       0       0       0       0       0       001010500D    329
     126       1       0       1       0                               0D    330
     126     762       0       0       0       0       0       001010500D    331
     126       1       0       1       0                               0D    332
     126     763       0       0       0       0       0       001010500D    333
     126       1       0       2       0                               0D    334
     508     765       0       0       0       0       0       000010000D    335
     508       1       0       2       1                               0D    336
     510     767       0       0       0       0       0       000010000D    337
     510       1    -177       1       1                               0D    338
     110     768       0       0       0       0       0       001010000D    339
     110       1       0       1       0                               0D    340
     110     769       0       0       0       0       0       001010001D    341
     110       1       0       1       0                               0D    342
     120     770       0       0       0       0       0       000010000D    343
     120       1       0       1       0                               0D    344
     126     771       0       0       0       0       0       001010500D    345
     126       1       0      16       0                               0D    346
     126     787       0       0       0       0       0       001010500D    347
     126       1       0       2       0                               0D    348
     126     789       0       0       0       0       0       001010500D    349
     126       1       0       2       0                               0D    350
     126     791       0       0       0       0       0       001010500D    351
     126       1       0       1       0                               0D    352
     508     792       0       0       0       0       0       000010000D    353
     508       1       0       2       1                               0D    354
     510     794       0       0       0       0       0       000010000D    355
     510       1    -177       1       1                               0D    356
     110     795       0       0       0       0       0       001010000D    357
     110       1       0       2       0                               0D    358
     110     797       0       0       0       0       0       001010001D    359
     110       1       0       2       0                               0D    360
     120     799       0       0       0       0       0       000010000D    361
     120       1       0       1       0                               0D    362
     126     800       0       0       0       0       0       001010500D    363
     126       1       0      16       0                               0D    364
     126     816       0       0       0       0       0       001010500D    365
     126       1       0       2       0                               0D    366
     126     818       0       0       0       0       0       001010500D    367
     126       1       0       2       0                               0D    368
     126     820       0       0       0       0       0       001010500D    369
     126       1       0       1       0                               0D    370
     508     821       0       0       0       0       0       000010000D    371
     508       1       0       2       1                               0D    372
     510     823       0       0       0       0       0       000010000D    373
     510       1    -177       1       1                               0D    374
     128     824       0       0       0       0       0       000010000D    375
     128       1       0       2       0                               0D    376
     126     826       0       0       0       0       0       001010500D    377
     126       1       0       1       0                               0D    378
     126     827       0       0       0       0       0       001010500D    379
     126       1       0       1       0                               0D    380
     126     828       0       0       0       0       0       001010500D    381
     126       1       0       2       0                               0D    382
     126     830       0       0       0       0       0       001010500D    383
     126       1       0       2       0                               0D    384
     126     832       0       0       0       0       0       001010500D    385
     126       1       0       2       0                               0D    386
     126     834       0       0       0       0       0       001010500D    387
     126       1       0       2       0                               0D    388
     126     836       0       0       0       0       0       001010500D    389
     126       1       0       2       0                               0D    390
     126     838       0       0       0       0       0       001010500D    391
     126       1       0       1       0                               0D    392
     508     839       0       0       0       0       0       000010000D    393
     508       1       0       3       1                               0D    394
     510     842       0       0       0       0       0       000010000D    395
     510       1    -177       1       1                               0D    396
     128     843       0       0       0       0       0       000010000D    397
     128       1       0       2       0                               0D    398
     126     845       0       0       0       0       0       001010500D    399
     126       1       0       1       0                               0D    400
     126     846       0       0       0       0       0       001010500D    401
     126       1       0       1       0                               0D    402
     126     847       0       0       0       0       0       001010500D    403
     126       1       0       1       0                               0D    404
     126     848       0       0       0       0       0       001010500D    405
     126       1       0       1       0                               0D    406
     508     849       0       0       0       0       0       000010000D    407
     508       1       0       2       1                               0D    408
     510     851       0       0       0       0       0       000010000D    409
     510       1    -177       1       1                               0D    410
     128     852       0       0       0       0       0       000010000D    411
     128       1       0       2       0                               0D    412
     126     854       0       0       0       0       0       001010500D    413
     126       1       0       1       0                               0D    414
     126     855       0       0       0       0       0       001010500D    415
     126       1       0       1       0                               0D    416
     126     856       0       0       0       0       0       001010500D    417
     126       1       0       1       0                               0D    418
     126     857       0       0       0       0       0       001010500D    419
     126       1       0       1       0                               0D    420
     508     858       0       0       0       0       0       000010000D    421
     508       1       0       2       1                               0D    422
     126     860       0       0       0       0       0       001010500D    423
     126       1       0      29       0                               0D    424
     126     889       0       0       0       0       0       001010500D    425
     126       1       0      29       0                               0D    426
     508     918       0       0       0       0       0       000010000D    427
     508       1       0       1       1                               0D    428
     126     919       0       0       0       0       0       001010500D    429
     126       1       0      29       0                               0D    430
     126     948       0       0       0       0       0       001010500D    431
     126       1       0      29       0                               0D    432
     508     977       0       0       0       0       0       000010000D    433
     508       1       0       1       1                               0D    434
     510     978       0       0       0       0       0       000010000D    435
     510       1    -177       1       1                               0D    436
     128     979       0       0       0       0       0       000010000D    437
     128       1       0       2       0                               0D    438
     126     981       0       0       0       0       0       001010500D    439
     126       1       0       1       0                               0D    440
     126     982       0       0       0       0       0       001010500D    441
     126       1       0       1       0                               0D    442
     126     983       0       0       0       0       0       001010500D    443
     126       1       0       1       0                               0D    444
     508     984       0       0       0       0       0       000010000D    445
     508       1       0       1       1                               0D    446
     510     985       0       0       0       0       0       000010000D    447
     510       1    -177       1       1                               0D    448
     128     986       0       0       0       0       0       000010000D    449
     128       1       0       2       0                               0D    450
     126     988       0       0       0       0       0       001010500D    451
     126       1       0       1       0                               0D    452
     126     989       0       0       0       0       0       001010500D    453
     126       1       0       1       0                               0D    454
     126     990       0       0       0       0       0       001010500D    455
     126       1       0       1       0                               0D    456
     126     991       0       0       0       0       0       001010500D    457
     126       1       0       1       0                               0D    458
     508     992       0       0       0       0       0       000010000D    459
     508       1       0       2       1                               0D    460
     510     994       0       0       0       0       0       000010000D    461
     510       1    -177       1       1                               0D    462
     128     995       0       0       0       0       0       000010000D    463
     128       1       0       2       0                               0D    464
     126     997       0       0       0       0       0       001010500D    465
     126       1       0       1       0                               0D    466
     126     998       0       0       0       0       0       001010500D    467
     126       1       0       1       0                               0D    468
     126     999       0       0       0       0       0       001010500D    469
     126       1       0       1       0                               0D    470
     508    1000       0       0       0       0       0       000010000D    471
     508       1       0       1       1                               0D    472
     510    1001       0       0       0       0       0       000010000D    473
     510       1    -177       1       1                               0D    474
     110    1002       0       0       0       0       0       001010000D    475
     110       1       0       1       0                               0D    476
     110    1003       0       0       0       0       0       001010001D    477
     110       1       0       1       0                               0D    478
     120    1004       0       0       0       0       0       000010000D    479
     120       1       0       1       0                               0D    480
     126    1005       0       0       0       0       0       001010500D    481
     126       1       0       2       0                               0D    482
     126    1007       0       0       0       0       0       001010500D    483
     126       1       0       1       0                               0D    484
     126    1008       0       0       0       0       0       001010500D    485
     126       1       0       1       0                               0D    486
     126    1009       0       0       0       0       0       001010500D    487
     126       1       0       1       0                               0D    488
     508    1010       0       0       0       0       0       000010000D    489
     508       1       0       2       1                               0D    490
     510    1012       0       0       0       0       0       000010000D    491
     510       1    -177       1       1                               0D    492
     110    1013       0       0       0       0       0       001010000D    493
     110       1       0       1       0                               0D    494
     110    1014       0       0       0       0       0       001010001D    495
     110       1       0       1       0                               0D    496
     120    1015       0       0       0       0       0       000010000D    497
     120       1       0       1       0                               0D    498
     126    1016       0       0       0       0       0       001010500D    499
     126       1       0       2       0                               0D    500
     126    1018       0       0       0       0       0       001010500D    501
     126       1       0       1       0                               0D    502
     126    1019       0       0       0       0       0       001010500D    503
     126       1       0       1       0                               0D    504
     126    1020       0       0       0       0       0       001010500D    505
     126       1       0       1       0                               0D    506
     508    1021       0       0       0       0       0       000010000D    507
     508       1       0       2       1                               0D    508
     510    1023       0       0       0       0       0       000010000D    509
     510       1    -177       1       1                               0D    510
     110    1024       0       0       0       0       0       001010000D    511
     110       1       0       1       0                               0D    512
     110    1025       0       0       0       0       0       001010001D    513
     110       1       0       1       0                               0D    514
     120    1026       0       0       0       0       0       000010000D    515
     120       1       0       1       0                               0D    516
     126    1027       0       0       0       0       0       001010500D    517
     126       1       0       2       0                               0D    518
     126    1029       0       0       0       0       0       001010500D    519
     126       1       0       2       0                               0D    520
     126    1031       0       0       0       0       0       001010500D    521
     126       1       0       1       0                               0D    522
     126    1032       0       0       0       0       0       001010500D    523
     126       1       0       2       0                               0D    524
     508    1034       0       0       0       0       0       000010000D    525
     508       1       0       2       1                               0D    526
     510    1036       0       0       0       0       0       000010000D    527
     510       1    -177       1       1                               0D    528
     110    1037       0       0       0       0       0       001010000D    529
     110       1       0       1       0                               0D    530
     110    1038       0       0       0       0       0       001010001D    531
     110       1       0       1       0                               0D    532
     120    1039       0       0       0       0       0       000010000D    533
     120       1       0       1       0                               0D    534
     126    1040       0       0       0       0       0       001010500D    535
     126       1       0       2       0                               0D    536
     126    1042       0       0       0       0       0       001010500D    537
     126       1       0       2       0                               0D    538
     126    1044       0       0       0       0       0       001010500D    539
     126       1       0       1       0                               0D    540
     126    1045       0       0       0       0       0       001010500D    541
     126       1       0       2       0                               0D    542
     508    1047       0       0       0       0       0       000010000D    543
     508       1       0       2       1                               0D    544
     510    1049       0       0       0       0       0       000010000D    545
     510       1    -177       1       1                               0D    546
     110    1050       0       0       0       0       0       001010000D    547
     110       1       0       1       0                               0D    548
     110    1051       0       0       0       0       0       001010001D    549
     110       1       0       2       0                               0D    550
     120    1053       0       0       0       0       0       000010000D    551
     120       1       0       1       0                               0D    552
     126    1054       0       0       0       0       0       001010500D    553
     126       1       0       2       0                               0D    554
     126    1056       0       0       0       0       0       001010500D    555
     126       1       0       2       0                               0D    556
     126    1058       0       0       0       0       0       001010500D    557
     126       1       0       2       0                               0D    558
     126    1060       0       0       0       0       0       001010500D    559
     126       1       0      17       0                               0D    560
     508    1077       0       0       0       0       0       000010000D    561
     508       1       0       2       1                               0D    562
     510    1079       0       0       0       0       0       000010000D    563
     510       1    -177       1       1                               0D    564
     110    1080       0       0       0       0       0       001010000D    565
     110       1       0       2       0                               0D    566
     110    1082       0       0       0       0       0       001010001D    567
     110       1       0       2       0                               0D    568
     120    1084       0       0       0       0       0       000010000D    569
     120       1       0       1       0                               0D    570
     126    1085       0       0       0       0       0       001010500D    571
     126       1       0       2       0                               0D    572
     126    1087       0       0       0       0       0       001010500D    573
     126       1       0       2       0                               0D    574
     126    1089       0       0       0       0       0       001010500D    575
     126       1       0       2       0                               0D    576
     126    1091       0       0       0       0       0       001010500D    577
     126       1       0      17       0                               0D    578
     508    1108       0       0       0       0       0       000010000D    579
     508       1       0       2       1                               0D    580
     510    1110       0       0       0       0       0       000010000D    581
     510       1    -177       1       1                               0D    582
     514    1111       0       0       0       0       0       000010000D    583
     514       1       0       3       1                               0D    584
     186    1114       0       0       0       0       0       000010000D    585
     186       1       0       1       0                               0D    586
502,38,85,13,70,-85,13,70,-85,2,70,85,2,70,-27.5,7.5,70,-32.5,         1P      1
7.5,70,32.5,7.50000000000001,70,27.5,7.50000000000001,70,27.5,         1P      2
7.50000000000001,65,32.5,7.50000000000001,65,-32.5,7.5,65,-27.5,       1P      3
7.5,65,-85,-2.93869878834569E-15,68,85,-3.51850564620041E-15,68,       1P      4
-85,6.12323399573677E-16,-10,85,6.12323399573677E-16,-10,-15,          1P      5
1.12481983699639E-31,-1.83697019872103E-15,-25,                        1P      6
1.87469972832732E-31,-3.06161699786838E-15,25,                         1P      7
-3.74939945665464E-32,6.12323399573677E-16,15,                         1P      8
3.74939945665464E-32,-6.12323399573677E-16,85,15,68,85,5,-10,85,       1P      9
5,55,85,15,55,-85,15,68,-85,15,55,-85,5,55,-85,5,-10,-35,5,-10,        1P     10
35,5,-10,25,12.5,1.37772764904077E-15,15,12.5,                         1P     11
-8.11637994753416E-16,-15,12.5,-3.29201199850425E-15,-25,12.5,         1P     12
-2.03628479390077E-15,35,5,10,-35,5,10,35,20,10,-35,20,10;             1P     13
110,85,13,70,-85,13,70;                                                3P     14
110,-85,13,70,-85,2,70;                                                5P     15
110,-85,2,70,85,2,70;                                                  7P     16
110,85,2,70,85,13,70;                                                  9P     17
124,-1,0,0,-30,0,-1,0,7.5,0,0,1,70;                                   11P     18
100,0,0,0,2.5,0,-2.5,3.06161699786838E-16;                            13P     19
124,1,0,0,-30,0,1,0,7.5,0,0,1,70;                                     15P     20
100,0,0,0,2.5,0,-2.5,3.06161699786838E-16;                            17P     21
124,-1,0,0,30,0,-1,0,7.50000000000001,0,0,1,70;                       19P     22
100,0,0,0,2.5,0,-2.5,3.06161699786838E-16;                            21P     23
124,1,0,0,30,0,1,0,7.50000000000001,0,0,1,70;                         23P     24
100,0,0,0,2.5,0,-2.5,3.06161699786838E-16;                            25P     25
110,27.5,7.50000000000001,65,27.5,7.50000000000001,70;                27P     26
124,1,0,0,30,0,1,0,7.50000000000001,0,0,1,65;                         29P     27
100,0,0,0,2.5,0,-2.5,3.06161699786838E-16;                            31P     28
110,32.5,7.50000000000001,65,32.5,7.50000000000001,70;                33P     29
110,-32.5,7.5,65,-32.5,7.5,70;                                        35P     30
124,1,0,0,-30,0,1,0,7.5,0,0,1,65;                                     37P     31
100,0,0,0,2.5,0,-2.5,3.06161699786838E-16;                            39P     32
110,-27.5,7.5,65,-27.5,7.5,70;                                        41P     33
110,-85,-4.163799117101E-15,68,85,-4.163799117101E-15,68;             43P     34
110,-85,6.12323399573677E-16,-10,-85,-6.99903280270513E-16,68;        45P     35
110,85,6.12323399573677E-16,-10,-85,6.12323399573677E-16,-10;         47P     36
110,85,6.12323399573677E-16,-10,85,-4.163799117101E-15,68;            49P     37
124,1,0,0,-20,0,6.12323399573677E-17,1,1.49975978266186E-31,0,        51P     38
-1,6.12323399573677E-17,-2.44929359829471E-15;                        51P     39
100,0,0,0,5,0,-5,6.12323399573677E-16;                                53P     40
124,-1,-1.22464679914735E-16,0,-20,7.49879891330929E-33,              55P     41
-6.12323399573677E-17,1,1.49975978266186E-31,                         55P     42
-1.22464679914735E-16,1,6.12323399573677E-17,                         55P     43
-2.44929359829471E-15;                                                55P     44
100,0,0,0,5,0,-5,6.12323399573677E-16;                                57P     45
124,1,0,0,20,0,6.12323399573677E-17,1,0,0,-1,                         59P     46
6.12323399573677E-17,0;                                               59P     47
100,0,0,0,5,0,-5,6.12323399573677E-16;                                61P     48
124,-1,-1.22464679914735E-16,0,20,7.49879891330929E-33,               63P     49
-6.12323399573677E-17,1,0,-1.22464679914735E-16,1,                    63P     50
6.12323399573677E-17,0;                                               63P     51
100,0,0,0,5,0,-5,6.12323399573677E-16;                                65P     52
124,0,0,1,85,1,0,0,13,0,1,0,68;                                       67P     53
100,0,0,0,2,0,9.00424887691599E-15,2;                                 69P     54
124,0,0,1,85,0,-1,0,2,1,0,0,68;                                       71P     55
100,0,0,0,2,0,7.22789203751574E-15,2;                                 73P     56
110,85,6.12323399573677E-16,-10,85,5,-10;                             75P     57
110,85,5,-10,85,5,55;                                                 77P     58
110,85,5,55,85,15,55;                                                 79P     59
110,85,15,68,85,15,55;                                                81P     60
110,85,15,68,-85,15,68;                                               83P     61
110,85,15,55,-85,15,55;                                               85P     62
110,-85,15,55,-85,15,68;                                              87P     63
124,0,0,-1,-85,0,1,0,13,1,0,0,68;                                     89P     64
100,0,0,0,2,0,1.22464679914735E-16,2;                                 91P     65
110,-85,5,55,-85,15,55;                                               93P     66
110,-85,5,-10,-85,5,55;                                               95P     67
110,-85,5,-10,-85,6.12323399573677E-16,-10;                           97P     68
124,0,0,-1,-85,-1,0,0,2,0,1,0,68;                                     99P     69
100,0,0,0,2,0,1.22464679914735E-16,2;                                101P     70
124,-1,0,0,30,0,-1,0,7.50000000000001,0,0,1,65;                      103P     71
100,0,0,0,2.5,0,-2.5,3.06161699786838E-16;                           105P     72
124,-1,0,0,-30,0,-1,0,7.5,0,0,1,65;                                  107P     73
100,0,0,0,2.5,0,-2.5,3.06161699786838E-16;                           109P     74
110,35,5,-10,-35,5,-10;                                              111P     75
110,85,5,-10,35,5,-10;                                               113P     76
110,-35,5,-10,-85,5,-10;                                             115P     77
126,28,3,1,0,1,0,0,0,0,0,0.0384615384615385,0.0769230769230769,      117P     78
0.115384615384615,0.153846153846154,0.192307692307692,               117P     79
0.230769230769231,0.269230769230769,0.307692307692308,               117P     80
0.346153846153846,0.384615384615385,0.423076923076923,               117P     81
0.461538461538461,0.5,0.538461538461538,0.576923076923077,           117P     82
0.615384615384615,0.653846153846154,0.692307692307692,               117P     83
0.73076923076923,0.769230769230769,0.807692307692307,                117P     84
0.846153846153846,0.884615384615384,0.923076923076923,               117P     85
0.961538461538461,1,1,1,1,1,1,1,1,1,1,1,1,1,1,1,1,1,1,1,1,1,1,1,     117P     86
1,1,1,1,1,1,1,1,1,1,25,12.5,0,25,12.3489618916543,                   117P     87
-0.201384144460884,24.9756370358472,12.0468862956399,                117P     88
-0.604151605813443,24.8665365974765,11.600379822034,                 117P     89
-1.19949357062131,24.6864710970285,11.166991969754,                  117P     90
-1.77734404032805,24.438066294972,10.7530423404931,                  117P     91
-2.32927687934255,24.1249444926798,10.3645672972889,                 117P     92
-2.8472436036148,23.7516717111183,10.0072316689003,                  117P     93
-3.32369110813293,23.3236911079798,9.68624621669201,                 117P     94
-3.75167171107731,22.8472436041863,9.40629163048187,                 117P     95
-4.12494449269083,22.3292768772096,9.17145027877322,                 117P     96
-4.43806629496904,21.7773440482884,8.98514667722804,                 117P     97
-4.68647109702929,21.1994935409129,8.85009755189281,                 117P     98
-4.86653659747626,20.6041517166867,8.76827222311457,                 117P     99
-4.97563703584725,20,8.74086388844272,-5.01218148207638,             117P    100
19.3958482833133,8.76827222311456,-4.97563703584725,                 117P    101
18.8005064590871,8.85009755189281,-4.86653659747626,                 117P    102
18.2226559517116,8.98514667722804,-4.68647109702929,                 117P    103
17.6707231227904,9.17145027877322,-4.43806629496905,                 117P    104
17.1527563958137,9.40629163048187,-4.12494449269084,                 117P    105
16.6763088920202,9.68624621669201,-3.75167171107732,                 117P    106
16.2483282888817,10.0072316689003,-3.32369110813294,                 117P    107
15.8750555073202,10.3645672972889,-2.8472436036148,                  117P    108
15.561933705028,10.7530423404931,-2.32927687934256,                  117P    109
15.3135289029715,11.166991969754,-1.77734404032806,                  117P    110
15.1334634025235,11.600379822034,-1.19949357062132,                  117P    111
15.0243629641528,12.0468862956399,-0.604151605813447,15,             117P    112
12.3489618916543,-0.201384144460888,15,12.5,0,0,1,0,0,1;             117P    113
110,15,3.74939945665464E-32,-6.12323399573677E-16,15,12.5,           119P    114
1.53080849893419E-16;                                                119P    115
110,25,0,0,25,12.5,7.65404249467096E-16;                             121P    116
126,28,3,1,0,1,0,0,0,0,0,0.0384615384615385,0.0769230769230769,      123P    117
0.115384615384615,0.153846153846154,0.192307692307692,               123P    118
0.230769230769231,0.269230769230769,0.307692307692308,               123P    119
0.346153846153846,0.384615384615385,0.423076923076923,               123P    120
0.461538461538461,0.5,0.538461538461538,0.576923076923077,           123P    121
0.615384615384615,0.653846153846154,0.692307692307692,               123P    122
0.73076923076923,0.769230769230769,0.807692307692307,                123P    123
0.846153846153846,0.884615384615384,0.923076923076923,               123P    124
0.961538461538461,1,1,1,1,1,1,1,1,1,1,1,1,1,1,1,1,1,1,1,1,1,1,1,     123P    125
1,1,1,1,1,1,1,1,1,1,-15,12.5,0,-15,12.3489618916543,                 123P    126
-0.201384144460884,-15.0243629641528,12.0468862956399,               123P    127
-0.604151605813443,-15.1334634025235,11.600379822034,                123P    128
-1.19949357062131,-15.3135289029715,11.166991969754,                 123P    129
-1.77734404032805,-15.561933705028,10.7530423404931,                 123P    130
-2.32927687934255,-15.8750555073202,10.3645672972889,                123P    131
-2.8472436036148,-16.2483282888816,10.0072316689003,                 123P    132
-3.32369110813293,-16.6763088920202,9.68624621669201,                123P    133
-3.75167171107731,-17.1527563958137,9.40629163048187,                123P    134
-4.12494449269083,-17.6707231227904,9.17145027877322,                123P    135
-4.43806629496904,-18.2226559517116,8.98514667722804,                123P    136
-4.68647109702929,-18.8005064590871,8.85009755189281,                123P    137
-4.86653659747626,-19.3958482833133,8.76827222311457,                123P    138
-4.97563703584725,-20,8.74086388844272,-5.01218148207638,            123P    139
-20.6041517166867,8.76827222311456,-4.97563703584725,                123P    140
-21.1994935409129,8.85009755189281,-4.86653659747626,                123P    141
-21.7773440482884,8.98514667722804,-4.68647109702929,                123P    142
-22.3292768772096,9.17145027877322,-4.43806629496905,                123P    143
-22.8472436041863,9.40629163048187,-4.12494449269084,                123P    144
-23.3236911079798,9.68624621669201,-3.75167171107732,                123P    145
-23.7516717111183,10.0072316689003,-3.32369110813294,                123P    146
-24.1249444926798,10.3645672972889,-2.8472436036148,                 123P    147
-24.438066294972,10.7530423404931,-2.32927687934256,                 123P    148
-24.6864710970285,11.166991969754,-1.77734404032806,                 123P    149
-24.8665365974765,11.600379822034,-1.19949357062132,                 123P    150
-24.9756370358472,12.0468862956399,-0.604151605813447,-25,           123P    151
12.3489618916543,-0.201384144460888,-25,12.5,0,0,1,0,0,1;            123P    152
110,-25,1.87469972832732E-31,-3.06161699786838E-15,-25,12.5,         125P    153
-2.29621274840129E-15;                                               125P    154
110,-15,1.49975978266186E-31,-2.44929359829471E-15,-15,12.5,         127P    155
-1.68388934882761E-15;                                               127P    156
110,85,5,55,-85,5,55;                                                129P    157
110,35,5,10,35,5,-10;                                                131P    158
110,35,5,10,-35,5,10;                                                133P    159
110,-35,5,-10,-35,5,10;                                              135P    160
110,-35,20,10,35,20,10;                                              137P    161
110,35,20,10,35,5,-10;                                               139P    162
110,-35,5,-10,-35,20,10;                                             141P    163
126,28,3,1,0,1,0,0,0,0,0,0.0384615384615385,0.0769230769230769,      143P    164
0.115384615384615,0.153846153846154,0.192307692307692,               143P    165
0.230769230769231,0.269230769230769,0.307692307692308,               143P    166
0.346153846153846,0.384615384615385,0.423076923076923,               143P    167
0.461538461538461,0.5,0.538461538461538,0.576923076923077,           143P    168
0.615384615384615,0.653846153846154,0.692307692307692,               143P    169
0.73076923076923,0.769230769230769,0.807692307692307,                143P    170
0.846153846153846,0.884615384615384,0.923076923076923,               143P    171
0.961538461538461,1,1,1,1,1,1,1,1,1,1,1,1,1,1,1,1,1,1,1,1,1,1,1,     143P    172
1,1,1,1,1,1,1,1,1,1,15,12.5,0,15,12.6510381083457,                   143P    173
0.201384144460883,15.0243629641528,12.9531137043601,                 143P    174
0.604151605813447,15.1334634025235,13.399620177966,                  143P    175
1.19949357062131,15.3135289029715,13.833008030246,                   143P    176
1.77734404032805,15.561933705028,14.2469576595069,                   143P    177
2.32927687934255,15.8750555073202,14.6354327027111,                  143P    178
2.8472436036148,16.2483282888816,14.9927683310997,                   143P    179
3.32369110813293,16.6763088920202,15.313753783308,                   143P    180
3.75167171107731,17.1527563958137,15.5937083695181,                  143P    181
4.12494449269083,17.6707231227904,15.8285497212268,                  143P    182
4.43806629496905,18.2226559517116,16.014853322772,                   143P    183
4.68647109702929,18.8005064590871,16.1499024481072,                  143P    184
4.86653659747626,19.3958482833133,16.2317277768854,                  143P    185
4.97563703584725,20,16.2591361115573,5.01218148207638,               143P    186
20.6041517166867,16.2317277768854,4.97563703584725,                  143P    187
21.1994935409129,16.1499024481072,4.86653659747626,                  143P    188
21.7773440482884,16.014853322772,4.68647109702929,                   143P    189
22.3292768772096,15.8285497212268,4.43806629496904,                  143P    190
22.8472436041863,15.5937083695181,4.12494449269084,                  143P    191
23.3236911079798,15.313753783308,3.75167171107732,                   143P    192
23.7516717111183,14.9927683310997,3.32369110813294,                  143P    193
24.1249444926798,14.6354327027111,2.8472436036148,                   143P    194
24.438066294972,14.2469576595069,2.32927687934256,                   143P    195
24.6864710970285,13.833008030246,1.77734404032806,                   143P    196
24.8665365974765,13.399620177966,1.19949357062132,                   143P    197
24.9756370358472,12.9531137043601,0.604151605813448,25,              143P    198
12.6510381083457,0.201384144460888,25,12.5,0,0,1,0,0,1;              143P    199
126,28,3,1,0,1,0,0,0,0,0,0.0384615384615385,0.0769230769230769,      145P    200
0.115384615384615,0.153846153846154,0.192307692307692,               145P    201
0.230769230769231,0.269230769230769,0.307692307692308,               145P    202
0.346153846153846,0.384615384615385,0.423076923076923,               145P    203
0.461538461538461,0.5,0.538461538461538,0.576923076923077,           145P    204
0.615384615384615,0.653846153846154,0.692307692307692,               145P    205
0.73076923076923,0.769230769230769,0.807692307692307,                145P    206
0.846153846153846,0.884615384615384,0.923076923076923,               145P    207
0.961538461538461,1,1,1,1,1,1,1,1,1,1,1,1,1,1,1,1,1,1,1,1,1,1,1,     145P    208
1,1,1,1,1,1,1,1,1,1,-25,12.5,0,-25,12.6510381083457,                 145P    209
0.201384144460883,-24.9756370358472,12.9531137043601,                145P    210
0.604151605813447,-24.8665365974765,13.399620177966,                 145P    211
1.19949357062131,-24.6864710970285,13.833008030246,                  145P    212
1.77734404032805,-24.438066294972,14.2469576595069,                  145P    213
2.32927687934255,-24.1249444926798,14.6354327027111,                 145P    214
2.8472436036148,-23.7516717111183,14.9927683310997,                  145P    215
3.32369110813293,-23.3236911079798,15.313753783308,                  145P    216
3.75167171107731,-22.8472436041863,15.5937083695181,                 145P    217
4.12494449269083,-22.3292768772096,15.8285497212268,                 145P    218
4.43806629496905,-21.7773440482884,16.014853322772,                  145P    219
4.68647109702929,-21.1994935409129,16.1499024481072,                 145P    220
4.86653659747626,-20.6041517166867,16.2317277768854,                 145P    221
4.97563703584725,-20,16.2591361115573,5.01218148207638,              145P    222
-19.3958482833133,16.2317277768854,4.97563703584725,                 145P    223
-18.8005064590871,16.1499024481072,4.86653659747626,                 145P    224
-18.2226559517116,16.014853322772,4.68647109702929,                  145P    225
-17.6707231227904,15.8285497212268,4.43806629496904,                 145P    226
-17.1527563958137,15.5937083695181,4.12494449269084,                 145P    227
-16.6763088920202,15.313753783308,3.75167171107732,                  145P    228
-16.2483282888817,14.9927683310997,3.32369110813294,                 145P    229
-15.8750555073202,14.6354327027111,2.8472436036148,                  145P    230
-15.561933705028,14.2469576595069,2.32927687934256,                  145P    231
-15.3135289029715,13.833008030246,1.77734404032806,                  145P    232
-15.1334634025235,13.399620177966,1.19949357062132,                  145P    233
-15.0243629641528,12.9531137043601,0.604151605813448,-15,            145P    234
12.6510381083457,0.201384144460888,-15,12.5,0,0,1,0,0,1;             145P    235
110,35,5,10,35,20,10;                                                147P    236
110,-35,5,10,-35,20,10;                                              149P    237
504,58,3,1,1,1,2,5,1,2,1,3,7,1,3,1,4,9,1,4,1,1,13,1,6,1,5,17,1,      151P    238
5,1,6,21,1,8,1,7,25,1,7,1,8,27,1,9,1,8,31,1,10,1,9,33,1,10,1,7,      151P    239
35,1,11,1,6,39,1,12,1,11,41,1,12,1,5,43,1,13,1,14,45,1,15,1,13,      151P    240
47,1,16,1,15,49,1,16,1,14,53,1,17,1,18,57,1,18,1,17,61,1,19,1,       151P    241
20,65,1,20,1,19,69,1,21,1,1,73,1,4,1,14,75,1,16,1,22,77,1,22,1,      151P    242
23,79,1,23,1,24,81,1,21,1,24,83,1,21,1,25,85,1,24,1,26,87,1,26,      151P    243
1,25,91,1,2,1,25,93,1,27,1,26,95,1,28,1,27,97,1,28,1,15,101,1,       151P    244
13,1,3,105,1,9,1,10,109,1,11,1,12,111,1,30,1,29,113,1,22,1,30,       151P    245
115,1,29,1,28,117,1,31,1,32,119,1,20,1,32,121,1,19,1,31,123,1,       151P    246
33,1,34,125,1,18,1,34,127,1,17,1,33,129,1,23,1,27,131,1,35,1,30,     151P    247
133,1,35,1,36,135,1,29,1,36,137,1,38,1,37,139,1,37,1,30,141,1,       151P    248
29,1,38,143,1,32,1,31,145,1,34,1,33,147,1,35,1,37,149,1,36,1,38;     151P    249
128,1,1,1,1,0,0,1,0,0,0,0,1,1,0,0,1,1,1,1,1,1,-85,2,70,85,2,70,      153P    250
-85,13,70,85,13,70,0,1,0,1;                                          153P    251
126,1,1,1,0,1,0,0,0,1,1,1,1,1,1,0,0,1,0,0,1,0,0,1;                   155P    252
126,1,1,1,0,1,0,0,0,1,1,1,1,0,1,0,0,0,0,0,1,0,0,1;                   157P    253
126,1,1,1,0,1,0,0,0,1,1,1,1,0,0,0,1,0,0,0,1,0,0,1;                   159P    254
126,1,1,1,0,1,0,0,0,1,1,1,1,1,0,0,1,1,0,0,1,0,0,1;                   161P    255
508,4,0,151,1,1,1,0,155,0,151,2,1,1,0,157,0,151,3,1,1,0,159,0,       163P    256
151,4,1,1,0,161;                                                     163P    257
126,28,3,1,0,1,0,0,0,0,0,0.0384615384615385,0.0769230769230769,      165P    258
0.115384615384615,0.153846153846154,0.192307692307692,               165P    259
0.230769230769231,0.269230769230769,0.307692307692308,               165P    260
0.346153846153846,0.384615384615385,0.423076923076923,               165P    261
0.461538461538461,0.5,0.538461538461538,0.576923076923077,           165P    262
0.615384615384615,0.653846153846154,0.692307692307692,               165P    263
0.73076923076923,0.769230769230769,0.807692307692307,                165P    264
0.846153846153846,0.884615384615384,0.923076923076923,               165P    265
0.961538461538461,1,1,1,1,1,1,1,1,1,1,1,1,1,1,1,1,1,1,1,1,1,1,1,     165P    266
1,1,1,1,1,1,1,1,1,1,0.308823529411765,0.5,0,0.308823529411765,       165P    267
0.490846175251778,0,0.308895185188685,0.472538563372117,0,           165P    268
0.309216068830952,0.445477564971759,0,0.309745673244034,             165P    269
0.419211634530543,0,0.310476275603024,0.394123778211702,0,           165P    270
0.311397222080354,0.370579836199328,0,0.312495083202593,             165P    271
0.348923131448503,0,0.313753849682412,0.329469467678304,0,           165P    272
0.31515516587004,0.312502523059508,0,0.316678597419972,              165P    273
0.298269713865043,0,0.31830192926974,0.286978586498669,0,            165P    274
0.32000148958555,0.278793791023807,0,0.321752494950922,              165P    275
0.273834680188762,0,0.323529411764706,0.272173568996528,0,           165P    276
0.32530632857849,0.273834680188762,0,0.327057333943862,              165P    277
0.278793791023807,0,0.328756894259672,0.286978586498669,0,           165P    278
0.33038022610944,0.298269713865044,0,0.331903657659372,              165P    279
0.312502523059508,0,0.333304973846999,0.329469467678304,0,           165P    280
0.334563740326819,0.348923131448503,0,0.335661601449058,             165P    281
0.370579836199327,0,0.336582547926388,0.394123778211702,0,           165P    282
0.337313150285378,0.419211634530543,0,0.33784275469846,              165P    283
0.445477564971758,0,0.338163638340727,0.472538563372116,0,           165P    284
0.338235294117647,0.490846175251778,0,0.338235294117647,0.5,0,0,     165P    285
1,0,0,1;                                                             165P    286
126,28,3,1,0,1,0,0,0,0,0,0.0384615384615385,0.0769230769230769,      167P    287
0.115384615384615,0.153846153846154,0.192307692307692,               167P    288
0.230769230769231,0.269230769230769,0.307692307692308,               167P    289
0.346153846153846,0.384615384615385,0.423076923076923,               167P    290
0.461538461538461,0.5,0.538461538461538,0.576923076923077,           167P    291
0.615384615384615,0.653846153846154,0.692307692307692,               167P    292
0.73076923076923,0.769230769230769,0.807692307692307,                167P    293
0.846153846153846,0.884615384615384,0.923076923076923,               167P    294
0.961538461538461,1,1,1,1,1,1,1,1,1,1,1,1,1,1,1,1,1,1,1,1,1,1,1,     167P    295
1,1,1,1,1,1,1,1,1,1,0.338235294117647,0.5,0,0.338235294117647,       167P    296
0.509153824748222,0,0.338163638340727,0.527461436627884,0,           167P    297
0.33784275469846,0.554522435028241,0,0.337313150285378,              167P    298
0.580788365469457,0,0.336582547926388,0.605876221788298,0,           167P    299
0.335661601449058,0.629420163800673,0,0.334563740326819,             167P    300
0.651076868551497,0,0.333304973846999,0.670530532321696,0,           167P    301
0.331903657659372,0.687497476940492,0,0.33038022610944,              167P    302
0.701730286134956,0,0.328756894259672,0.713021413501331,0,           167P    303
0.327057333943861,0.721206208976193,0,0.32530632857849,              167P    304
0.726165319811239,0,0.323529411764706,0.727826431003472,0,           167P    305
0.321752494950922,0.726165319811239,0,0.32000148958555,              167P    306
0.721206208976193,0,0.31830192926974,0.713021413501332,0,            167P    307
0.316678597419972,0.701730286134957,0,0.31515516587004,              167P    308
0.687497476940493,0,0.313753849682413,0.670530532321696,0,           167P    309
0.312495083202593,0.651076868551498,0,0.311397222080354,             167P    310
0.629420163800673,0,0.310476275603024,0.605876221788298,0,           167P    311
0.309745673244034,0.580788365469458,0,0.309216068830952,             167P    312
0.554522435028242,0,0.308895185188685,0.527461436627884,0,           167P    313
0.308823529411765,0.509153824748222,0,0.308823529411765,0.5,0,0,     167P    314
1,0,0,1;                                                             167P    315
508,2,0,151,5,0,1,0,165,0,151,6,0,1,0,167;                           169P    316
126,28,3,1,0,1,0,0,0,0,0,0.0384615384615385,0.0769230769230769,      171P    317
0.115384615384615,0.153846153846154,0.192307692307692,               171P    318
0.230769230769231,0.269230769230769,0.307692307692308,               171P    319
0.346153846153846,0.384615384615385,0.423076923076923,               171P    320
0.461538461538461,0.5,0.538461538461538,0.576923076923077,           171P    321
0.615384615384615,0.653846153846154,0.692307692307692,               171P    322
0.73076923076923,0.769230769230769,0.807692307692307,                171P    323
0.846153846153846,0.884615384615384,0.923076923076923,               171P    324
0.961538461538461,1,1,1,1,1,1,1,1,1,1,1,1,1,1,1,1,1,1,1,1,1,1,1,     171P    325
1,1,1,1,1,1,1,1,1,1,0.661764705882353,0.500000000000001,0,           171P    326
0.661764705882353,0.490846175251779,0,0.661836361659273,             171P    327
0.472538563372117,0,0.66215724530154,0.44547756497176,0,             171P    328
0.662686849714622,0.419211634530544,0,0.663417452073612,             171P    329
0.394123778211703,0,0.664338398550942,0.370579836199328,0,           171P    330
0.665436259673181,0.348923131448504,0,0.666695026153001,             171P    331
0.329469467678305,0,0.668096342340628,0.312502523059509,0,           171P    332
0.66961977389056,0.298269713865044,0,0.671243105740328,              171P    333
0.28697858649867,0,0.672942666056139,0.278793791023807,0,            171P    334
0.67469367142151,0.273834680188763,0,0.676470588235294,              171P    335
0.272173568996529,0,0.678247505049078,0.273834680188762,0,           171P    336
0.67999851041445,0.278793791023808,0,0.68169807073026,               171P    337
0.28697858649867,0,0.683321402580028,0.298269713865044,0,            171P    338
0.68484483412996,0.312502523059508,0,0.686246150317587,              171P    339
0.329469467678304,0,0.687504916797407,0.348923131448504,0,           171P    340
0.688602777919647,0.370579836199328,0,0.689523724396977,             171P    341
0.394123778211703,0,0.690254326755966,0.419211634530544,0,           171P    342
0.690783931169048,0.445477564971759,0,0.691104814811315,             171P    343
0.472538563372117,0,0.691176470588235,0.490846175251779,0,           171P    344
0.691176470588235,0.500000000000001,0,0,1,0,0,1;                     171P    345
126,28,3,1,0,1,0,0,0,0,0,0.0384615384615385,0.0769230769230769,      173P    346
0.115384615384615,0.153846153846154,0.192307692307692,               173P    347
0.230769230769231,0.269230769230769,0.307692307692308,               173P    348
0.346153846153846,0.384615384615385,0.423076923076923,               173P    349
0.461538461538461,0.5,0.538461538461538,0.576923076923077,           173P    350
0.615384615384615,0.653846153846154,0.692307692307692,               173P    351
0.73076923076923,0.769230769230769,0.807692307692307,                173P    352
0.846153846153846,0.884615384615384,0.923076923076923,               173P    353
0.961538461538461,1,1,1,1,1,1,1,1,1,1,1,1,1,1,1,1,1,1,1,1,1,1,1,     173P    354
1,1,1,1,1,1,1,1,1,1,0.691176470588235,0.500000000000001,0,           173P    355
0.691176470588235,0.509153824748223,0,0.691104814811315,             173P    356
0.527461436627885,0,0.690783931169048,0.554522435028242,0,           173P    357
0.690254326755966,0.580788365469458,0,0.689523724396977,             173P    358
0.605876221788299,0,0.688602777919647,0.629420163800673,0,           173P    359
0.687504916797407,0.651076868551498,0,0.686246150317588,             173P    360
0.670530532321697,0,0.68484483412996,0.687497476940493,0,            173P    361
0.683321402580028,0.701730286134957,0,0.68169807073026,              173P    362
0.713021413501332,0,0.67999851041445,0.721206208976194,0,            173P    363
0.678247505049079,0.72616531981124,0,0.676470588235294,              173P    364
0.727826431003472,0,0.67469367142151,0.72616531981124,0,             173P    365
0.672942666056139,0.721206208976194,0,0.671243105740328,             173P    366
0.713021413501332,0,0.66961977389056,0.701730286134958,0,            173P    367
0.668096342340629,0.687497476940494,0,0.666695026153001,             173P    368
0.670530532321697,0,0.665436259673181,0.651076868551498,0,           173P    369
0.664338398550942,0.629420163800674,0,0.663417452073612,             173P    370
0.605876221788299,0,0.662686849714622,0.580788365469458,0,           173P    371
0.66215724530154,0.554522435028243,0,0.661836361659273,              173P    372
0.527461436627885,0,0.661764705882353,0.509153824748223,0,           173P    373
0.661764705882353,0.500000000000001,0,0,1,0,0,1;                     173P    374
508,2,0,151,7,0,1,0,171,0,151,8,0,1,0,173;                           175P    375
314,56.4705882352941,56.4705882352941,56.4705882352941,1H ;          177P    376
510,153,3,1,163,169,175;                                             179P    377
110,30,7.50000000000001,65,30,7.50000000000001,66;                   181P    378
110,32.5,7.50000000000001,65,32.5,7.50000000000001,70;               183P    379
120,181,183,0,6.28318530717959;                                      185P    380
126,1,1,1,0,1,0,0,0,1,1,1,1,1,0,0,1,3.14159265358979,0,0,1,0,0,      187P    381
1;                                                                   187P    382
126,1,1,1,0,1,0,0,0,1,1,1,1,0,3.14159265358979,0,1,                  189P    383
3.14159265358979,0,0,1,0,0,1;                                        189P    384
126,1,1,1,0,1,0,0,0,1,1,1,1,0,0,0,0,3.14159265358979,0,0,1,0,0,      191P    385
1;                                                                   191P    386
126,1,1,1,0,1,0,0,0,1,1,1,1,0,0,0,1,0,0,0,1,0,0,1;                   193P    387
508,4,0,151,8,1,1,0,187,0,151,9,0,1,0,189,0,151,10,0,1,0,191,0,      195P    388
151,11,1,1,0,193;                                                    195P    389
510,185,1,1,195;                                                     197P    390
110,-30,7.5,65,-30,7.5,66;                                           199P    391
110,-27.5,7.5,65,-27.5,7.5,70;                                       201P    392
120,199,201,0,6.28318530717959;                                      203P    393
126,1,1,1,0,1,0,0,0,1,1,1,1,1,0,0,1,3.14159265358979,0,0,1,0,0,      205P    394
1;                                                                   205P    395
126,1,1,1,0,1,0,0,0,1,1,1,1,0,3.14159265358979,0,1,                  207P    396
3.14159265358979,0,0,1,0,0,1;                                        207P    397
126,1,1,1,0,1,0,0,0,1,1,1,1,0,0,0,0,3.14159265358979,0,0,1,0,0,      209P    398
1;                                                                   209P    399
126,1,1,1,0,1,0,0,0,1,1,1,1,0,0,0,1,0,0,0,1,0,0,1;                   211P    400
508,4,0,151,6,1,1,0,205,0,151,12,0,1,0,207,0,151,13,0,1,0,209,0,     213P    401
151,14,1,1,0,211;                                                    213P    402
510,203,1,1,213;                                                     215P    403
128,1,1,1,1,0,0,1,0,0,0,0,1,1,0,0,1,1,1,1,1,1,-85,0,68,85,0,68,      217P    404
-85,0,-10,85,0,-10,0,1,0,1;                                          217P    405
126,1,1,1,0,1,0,0,0,1,1,1,1,0,0,0,1,0,0,0,1,0,0,1;                   219P    406
126,1,1,1,0,1,0,0,0,1,1,1,1,0,1,0,0,0,0,0,1,0,0,1;                   221P    407
126,1,1,1,0,1,0,0,0,1,1,1,1,1,1,0,0,1,0,0,1,0,0,1;                   223P    408
126,1,1,1,0,1,0,0,0,1,1,1,1,1,1,0,1,0,0,0,1,0,0,1;                   225P    409
508,4,0,151,15,0,1,0,219,0,151,16,0,1,0,221,0,151,17,0,1,0,223,      227P    410
0,151,18,1,1,0,225;                                                  227P    411
126,28,3,1,0,1,0,0,0,0,0,0.0384615384615385,0.0769230769230769,      229P    412
0.115384615384615,0.153846153846154,0.192307692307692,               229P    413
0.230769230769231,0.269230769230769,0.307692307692308,               229P    414
0.346153846153846,0.384615384615385,0.423076923076923,               229P    415
0.461538461538461,0.5,0.538461538461538,0.576923076923077,           229P    416
0.615384615384615,0.653846153846154,0.692307692307692,               229P    417
0.73076923076923,0.769230769230769,0.807692307692307,                229P    418
0.846153846153846,0.884615384615384,0.923076923076923,               229P    419
0.961538461538461,1,1,1,1,1,1,1,1,1,1,1,1,1,1,1,1,1,1,1,1,1,1,1,     229P    420
1,1,1,1,1,1,1,1,1,1,0.411764705882353,0.871794871794872,0,           229P    421
0.411764705882353,0.874376719800781,0,0.411621394328513,             229P    422
0.879540405202737,0,0.410979627043979,0.887172994495145,0,           229P    423
0.409920418217815,0.89458133385036,0,0.408459213499835,              229P    424
0.901657395889007,0,0.406617320545176,0.908297994918138,0,           229P    425
0.404421598300696,0.914406296258115,0,0.401904065341058,             229P    426
0.919893227065094,0,0.399101432965802,0.924678775547318,0,           229P    427
0.396054569865939,0.928693157627808,0,0.392807906166402,             229P    428
0.931877834577299,0,0.389408785534782,0.934186366634311,0,           229P    429
0.385906774804039,0.93558509020317,0,0.382352941176471,              229P    430
0.936053608744569,0,0.378799107548902,0.93558509020317,0,            229P    431
0.375297096818159,0.934186366634311,0,0.371897976186539,             229P    432
0.931877834577299,0,0.368651312487003,0.928693157627808,0,           229P    433
0.365604449387139,0.924678775547319,0,0.362801817011884,             229P    434
0.919893227065094,0,0.360284284052245,0.914406296258115,0,           229P    435
0.358088561807766,0.908297994918139,0,0.356246668853106,             229P    436
0.901657395889007,0,0.354785464135127,0.89458133385036,0,            229P    437
0.353726255308962,0.887172994495145,0,0.353084488024428,             229P    438
0.879540405202737,0,0.352941176470588,0.874376719800781,0,           229P    439
0.352941176470588,0.871794871794872,0,0,1,0,0,1;                     229P    440
126,28,3,1,0,1,0,0,0,0,0,0.0384615384615385,0.0769230769230769,      231P    441
0.115384615384615,0.153846153846154,0.192307692307692,               231P    442
0.230769230769231,0.269230769230769,0.307692307692308,               231P    443
0.346153846153846,0.384615384615385,0.423076923076923,               231P    444
0.461538461538461,0.5,0.538461538461538,0.576923076923077,           231P    445
0.615384615384615,0.653846153846154,0.692307692307692,               231P    446
0.73076923076923,0.769230769230769,0.807692307692307,                231P    447
0.846153846153846,0.884615384615384,0.923076923076923,               231P    448
0.961538461538461,1,1,1,1,1,1,1,1,1,1,1,1,1,1,1,1,1,1,1,1,1,1,1,     231P    449
1,1,1,1,1,1,1,1,1,1,0.352941176470588,0.871794871794872,0,           231P    450
0.352941176470588,0.869213023788963,0,0.353084488024428,             231P    451
0.864049338387007,0,0.353726255308962,0.856416749094599,0,           231P    452
0.354785464135127,0.849008409739384,0,0.356246668853106,             231P    453
0.841932347700737,0,0.358088561807766,0.835291748671605,0,           231P    454
0.360284284052245,0.829183447331629,0,0.362801817011884,             231P    455
0.82369651652465,0,0.365604449387139,0.818910968042425,0,            231P    456
0.368651312487002,0.814896585961935,0,0.371897976186539,             231P    457
0.811711909012445,0,0.375297096818159,0.809403376955433,0,           231P    458
0.378799107548902,0.808004653386574,0,0.382352941176471,             231P    459
0.807536134845175,0,0.385906774804039,0.808004653386574,0,           231P    460
0.389408785534782,0.809403376955433,0,0.392807906166402,             231P    461
0.811711909012445,0,0.396054569865939,0.814896585961935,0,           231P    462
0.399101432965802,0.818910968042425,0,0.401904065341058,             231P    463
0.82369651652465,0,0.404421598300696,0.829183447331629,0,            231P    464
0.406617320545176,0.835291748671605,0,0.408459213499835,             231P    465
0.841932347700736,0,0.409920418217815,0.849008409739384,0,           231P    466
0.410979627043979,0.856416749094599,0,0.411621394328513,             231P    467
0.864049338387007,0,0.411764705882353,0.869213023788963,0,           231P    468
0.411764705882353,0.871794871794872,0,0,1,0,0,1;                     231P    469
508,2,0,151,19,1,1,0,229,0,151,20,1,1,0,231;                         233P    470
126,28,3,1,0,1,0,0,0,0,0,0.0384615384615385,0.0769230769230769,      235P    471
0.115384615384615,0.153846153846154,0.192307692307692,               235P    472
0.230769230769231,0.269230769230769,0.307692307692308,               235P    473
0.346153846153846,0.384615384615385,0.423076923076923,               235P    474
0.461538461538461,0.5,0.538461538461538,0.576923076923077,           235P    475
0.615384615384615,0.653846153846154,0.692307692307692,               235P    476
0.73076923076923,0.769230769230769,0.807692307692307,                235P    477
0.846153846153846,0.884615384615384,0.923076923076923,               235P    478
0.961538461538461,1,1,1,1,1,1,1,1,1,1,1,1,1,1,1,1,1,1,1,1,1,1,1,     235P    479
1,1,1,1,1,1,1,1,1,1,0.647058823529412,0.871794871794872,0,           235P    480
0.647058823529412,0.874376719800781,0,0.646915511975572,             235P    481
0.879540405202737,0,0.646273744691038,0.887172994495145,0,           235P    482
0.645214535864874,0.89458133385036,0,0.643753331146894,              235P    483
0.901657395889007,0,0.641911438192234,0.908297994918138,0,           235P    484
0.639715715947755,0.914406296258115,0,0.637198182988116,             235P    485
0.919893227065094,0,0.634395550612861,0.924678775547318,0,           235P    486
0.631348687512998,0.928693157627808,0,0.628102023813461,             235P    487
0.931877834577299,0,0.624702903181841,0.934186366634311,0,           235P    488
0.621200892451098,0.93558509020317,0,0.617647058823529,              235P    489
0.936053608744569,0,0.614093225195961,0.93558509020317,0,            235P    490
0.610591214465218,0.934186366634311,0,0.607192093833598,             235P    491
0.931877834577299,0,0.603945430134061,0.928693157627808,0,           235P    492
0.600898567034198,0.924678775547319,0,0.598095934658942,             235P    493
0.919893227065094,0,0.595578401699304,0.914406296258115,0,           235P    494
0.593382679454824,0.908297994918139,0,0.591540786500165,             235P    495
0.901657395889007,0,0.590079581782185,0.89458133385036,0,            235P    496
0.589020372956021,0.887172994495145,0,0.588378605671487,             235P    497
0.879540405202737,0,0.588235294117647,0.874376719800781,0,           235P    498
0.588235294117647,0.871794871794872,0,0,1,0,0,1;                     235P    499
126,28,3,1,0,1,0,0,0,0,0,0.0384615384615385,0.0769230769230769,      237P    500
0.115384615384615,0.153846153846154,0.192307692307692,               237P    501
0.230769230769231,0.269230769230769,0.307692307692308,               237P    502
0.346153846153846,0.384615384615385,0.423076923076923,               237P    503
0.461538461538461,0.5,0.538461538461538,0.576923076923077,           237P    504
0.615384615384615,0.653846153846154,0.692307692307692,               237P    505
0.73076923076923,0.769230769230769,0.807692307692307,                237P    506
0.846153846153846,0.884615384615384,0.923076923076923,               237P    507
0.961538461538461,1,1,1,1,1,1,1,1,1,1,1,1,1,1,1,1,1,1,1,1,1,1,1,     237P    508
1,1,1,1,1,1,1,1,1,1,0.588235294117647,0.871794871794872,0,           237P    509
0.588235294117647,0.869213023788963,0,0.588378605671487,             237P    510
0.864049338387007,0,0.589020372956021,0.856416749094599,0,           237P    511
0.590079581782185,0.849008409739384,0,0.591540786500165,             237P    512
0.841932347700737,0,0.593382679454824,0.835291748671605,0,           237P    513
0.595578401699304,0.829183447331629,0,0.598095934658942,             237P    514
0.82369651652465,0,0.600898567034198,0.818910968042425,0,            237P    515
0.603945430134061,0.814896585961935,0,0.607192093833598,             237P    516
0.811711909012445,0,0.610591214465218,0.809403376955433,0,           237P    517
0.614093225195961,0.808004653386574,0,0.617647058823529,             237P    518
0.807536134845175,0,0.621200892451098,0.808004653386574,0,           237P    519
0.624702903181841,0.809403376955433,0,0.628102023813461,             237P    520
0.811711909012445,0,0.631348687512998,0.814896585961935,0,           237P    521
0.634395550612861,0.818910968042425,0,0.637198182988116,             237P    522
0.82369651652465,0,0.639715715947755,0.829183447331629,0,            237P    523
0.641911438192234,0.835291748671605,0,0.643753331146894,             237P    524
0.841932347700736,0,0.645214535864874,0.849008409739384,0,           237P    525
0.646273744691038,0.856416749094599,0,0.646915511975572,             237P    526
0.864049338387007,0,0.647058823529412,0.869213023788963,0,           237P    527
0.647058823529412,0.871794871794872,0,0,1,0,0,1;                     237P    528
508,2,0,151,21,1,1,0,235,0,151,22,1,1,0,237;                         239P    529
510,217,3,1,227,233,239;                                             241P    530
128,1,1,1,1,0,0,1,0,0,0,0,1,1,0,0,1,1,1,1,1,1,85,0,70,85,0,-10,      243P    531
85,15,70,85,15,-10,0,1,0,1;                                          243P    532
126,16,3,1,0,1,0,0,0,0,0,0.0714285714285714,0.142857142857143,       245P    533
0.214285714285714,0.285714285714286,0.357142857142857,               245P    534
0.428571428571429,0.5,0.571428571428571,0.642857142857143,           245P    535
0.714285714285714,0.785714285714286,0.857142857142857,               245P    536
0.928571428571429,1,1,1,1,1,1,1,1,1,1,1,1,1,1,1,1,1,1,1,1,1,         245P    537
0.0249999999999999,1,0,0.0240650021864315,1,0,                       245P    538
0.0221950094152208,0.99943991141736,0,0.0194252923515834,            245P    539
0.996930077953832,0,0.0167256810849965,0.992782106512769,0,          245P    540
0.0141301240151553,0.987048160241783,0,0.0116712619867463,           245P    541
0.979800346842033,0,0.00938001656055798,0.971129811772712,0,         245P    542
0.00728520149221057,0.961145592041542,0,0.00541316029261618,         245P    543
0.949973245010356,0,0.00378743496711864,0.93775326940402,0,          245P    544
0.0024284699546655,0.924639338585835,0,0.0013533550288557,           245P    545
0.910796367546686,0,0.000575610383656389,0.896398440791552,0,        245P    546
0.000105016609244668,0.881626616452156,0,0,0.871653321672365,0,      245P    547
0,0.866666666666667,0,0,1,0,0,1;                                     245P    548
126,1,1,1,0,1,0,0,0,1,1,1,1,0,0.133333333333333,0,0,                 247P    549
0.866666666666667,0,0,1,0,0,1;                                       247P    550
126,16,3,1,0,1,0,0,0,0,0,0.0714285714285714,0.142857142857143,       249P    551
0.214285714285714,0.285714285714286,0.357142857142857,               249P    552
0.428571428571429,0.5,0.571428571428572,0.642857142857143,           249P    553
0.714285714285714,0.785714285714286,0.857142857142857,               249P    554
0.928571428571429,1,1,1,1,1,1,1,1,1,1,1,1,1,1,1,1,1,1,1,1,1,0,       249P    555
0.133333333333333,0,0,0.128346678327635,0,0.00010501660924489,       249P    556
0.118373383547844,0,0.0005756103836565,0.103601559208448,0,          249P    557
0.00135335502885559,0.0892036324533136,0,0.0024284699546655,         249P    558
0.075360661414165,0,0.00378743496711875,0.0622467305959807,0,        249P    559
0.00541316029261629,0.0500267549896439,0,0.00728520149221079,        249P    560
0.0388544079584578,0,0.00938001656055787,0.0288701882272881,0,       249P    561
0.0116712619867458,0.0201996531579672,0,0.0141301240151558,          249P    562
0.012951839758217,0,0.0167256810849963,0.00721789348723047,0,        249P    563
0.0194252923515839,0.00306992204616794,0,0.0221950094152206,         249P    564
0.000560088582639516,0,0.0240650021864315,0,0,                       249P    565
0.0249999999999999,0,0,0,1,0,0,1;                                    249P    566
126,1,1,1,0,1,0,0,0,1,1,1,1,1,0,0,0.0249999999999999,0,0,0,1,0,      251P    567
0,1;                                                                 251P    568
126,1,1,1,0,1,0,0,0,1,1,1,1,1,0,0,1,0.333333333333333,0,0,1,0,0,     253P    569
1;                                                                   253P    570
126,1,1,1,0,1,0,0,0,1,1,1,1,1,0.333333333333333,0,0.1875,            255P    571
0.333333333333333,0,0,1,0,0,1;                                       255P    572
126,1,1,1,0,1,0,0,0,1,1,1,1,0.1875,0.333333333333333,0,0.1875,1,     257P    573
0,0,1,0,0,1;                                                         257P    574
126,1,1,1,0,1,0,0,0,1,1,1,1,0.0249999999999999,1,0,0.1875,1,0,0,     259P    575
1,0,0,1;                                                             259P    576
508,8,0,151,23,1,1,0,245,0,151,4,0,1,0,247,0,151,24,1,1,0,249,0,     261P    577
151,18,0,1,0,251,0,151,25,1,1,0,253,0,151,26,1,1,0,255,0,151,27,     261P    578
1,1,0,257,0,151,28,0,1,0,259;                                        261P    579
510,243,1,1,261;                                                     263P    580
128,1,1,1,1,0,0,1,0,0,0,0,1,1,0,0,1,1,1,1,1,1,-85,15,68,85,15,       265P    581
68,-85,15,55,85,15,55,0,1,0,1;                                       265P    582
126,1,1,1,0,1,0,0,0,1,1,1,1,1,0,0,0,0,0,0,1,0,0,1;                   267P    583
126,1,1,1,0,1,0,0,0,1,1,1,1,1,0,0,1,1,0,0,1,0,0,1;                   269P    584
126,1,1,1,0,1,0,0,0,1,1,1,1,1,1,0,0,1,0,0,1,0,0,1;                   271P    585
126,1,1,1,0,1,0,0,0,1,1,1,1,0,1,0,0,0,0,0,1,0,0,1;                   273P    586
508,4,0,151,29,0,1,0,267,0,151,28,1,1,0,269,0,151,30,1,1,0,271,      275P    587
0,151,31,1,1,0,273;                                                  275P    588
510,265,1,1,275;                                                     277P    589
128,1,1,1,1,0,0,1,0,0,0,0,1,1,0,0,1,1,1,1,1,1,-85,0,-10,-85,0,       279P    590
70,-85,15,-10,-85,15,70,0,1,0,1;                                     279P    591
126,16,3,1,0,1,0,0,0,0,0,0.0714285714285714,0.142857142857143,       281P    592
0.214285714285714,0.285714285714286,0.357142857142857,               281P    593
0.428571428571429,0.5,0.571428571428571,0.642857142857143,           281P    594
0.714285714285714,0.785714285714286,0.857142857142857,               281P    595
0.928571428571429,1,1,1,1,1,1,1,1,1,1,1,1,1,1,1,1,1,1,1,1,1,1,       281P    596
0.866666666666667,0,1,0.871653321672365,0,0.999894983390755,         281P    597
0.881626616452156,0,0.999424389616344,0.896398440791552,0,           281P    598
0.998646644971144,0.910796367546687,0,0.997571530045334,             281P    599
0.924639338585835,0,0.996212565032881,0.937753269404019,0,           281P    600
0.994586839707384,0.949973245010356,0,0.992714798507789,             281P    601
0.961145592041543,0,0.990619983439442,0.971129811772712,0,           281P    602
0.988328738013254,0.979800346842033,0,0.985869875984844,             281P    603
0.987048160241783,0,0.983274318915004,0.99278210651277,0,            281P    604
0.980574707648416,0.996930077953832,0,0.977804990584779,             281P    605
0.999439911417361,0,0.975934997813568,1,0,0.975,1,0,0,1,0,0,1;       281P    606
126,1,1,1,0,1,0,0,0,1,1,1,1,0.8125,1,0,0.975,1,0,0,1,0,0,1;          283P    607
126,1,1,1,0,1,0,0,0,1,1,1,1,0.8125,0.333333333333333,0,0.8125,1,     285P    608
0,0,1,0,0,1;                                                         285P    609
126,1,1,1,0,1,0,0,0,1,1,1,1,0,0.333333333333333,0,0.8125,            287P    610
0.333333333333333,0,0,1,0,0,1;                                       287P    611
126,1,1,1,0,1,0,0,0,1,1,1,1,0,0.333333333333333,0,0,0,0,0,1,0,0,     289P    612
1;                                                                   289P    613
126,1,1,1,0,1,0,0,0,1,1,1,1,0,0,0,0.975,0,0,0,1,0,0,1;               291P    614
126,16,3,1,0,1,0,0,0,0,0,0.0714285714285714,0.142857142857143,       293P    615
0.214285714285714,0.285714285714286,0.357142857142857,               293P    616
0.428571428571429,0.5,0.571428571428571,0.642857142857143,           293P    617
0.714285714285714,0.785714285714286,0.857142857142857,               293P    618
0.928571428571429,1,1,1,1,1,1,1,1,1,1,1,1,1,1,1,1,1,1,1,1,1,         293P    619
0.975,0,0,0.975934997813568,0,0,0.977804990584779,                   293P    620
0.000560088582639748,0,0.980574707648416,0.00306992204616813,0,      293P    621
0.983274318915004,0.0072178934872306,0,0.985869875984844,            293P    622
0.0129518397582171,0,0.988328738013254,0.0201996531579672,0,         293P    623
0.990619983439442,0.0288701882272881,0,0.992714798507789,            293P    624
0.0388544079584578,0,0.994586839707384,0.050026754989644,0,          293P    625
0.996212565032881,0.0622467305959807,0,0.997571530045334,            293P    626
0.075360661414165,0,0.998646644971144,0.0892036324533135,0,          293P    627
0.999424389616344,0.103601559208448,0,0.999894983390755,             293P    628
0.118373383547844,0,1,0.128346678327635,0,1,0.133333333333333,0,     293P    629
0,1,0,0,1;                                                           293P    630
126,1,1,1,0,1,0,0,0,1,1,1,1,1,0.866666666666667,0,1,                 295P    631
0.133333333333333,0,0,1,0,0,1;                                       295P    632
508,8,0,151,32,1,1,0,281,0,151,31,0,1,0,283,0,151,33,0,1,0,285,      297P    633
0,151,34,0,1,0,287,0,151,35,1,1,0,289,0,151,16,1,1,0,291,0,151,      297P    634
36,1,1,0,293,0,151,2,0,1,0,295;                                      297P    635
510,279,1,1,297;                                                     299P    636
128,1,1,1,1,0,0,1,0,0,0,0,1,1,0,0,1,1,1,1,1,1,27.5,                  301P    637
5.00000000000001,65,32.5,5.00000000000001,65,27.5,10,65,32.5,10,     301P    638
65,0,1,0,1;                                                          301P    639
126,28,3,1,0,1,0,0,0,0,0,0.0384615384615385,0.0769230769230769,      303P    640
0.115384615384615,0.153846153846154,0.192307692307692,               303P    641
0.230769230769231,0.269230769230769,0.307692307692308,               303P    642
0.346153846153846,0.384615384615385,0.423076923076923,               303P    643
0.461538461538461,0.5,0.538461538461538,0.576923076923077,           303P    644
0.615384615384615,0.653846153846154,0.692307692307692,               303P    645
0.73076923076923,0.769230769230769,0.807692307692307,                303P    646
0.846153846153846,0.884615384615384,0.923076923076923,               303P    647
0.961538461538461,1,1,1,1,1,1,1,1,1,1,1,1,1,1,1,1,1,1,1,1,1,1,1,     303P    648
1,1,1,1,1,1,1,1,1,1,1,0.5,0,1,0.520138414446088,0,                   303P    649
0.997563703584721,0.560415160581344,0,0.986653659747647,             303P    650
0.619949357062131,0,0.968647109702849,0.677734404032805,0,           303P    651
0.9438066294972,0.732927687934254,0,0.912494449267983,               303P    652
0.78472436036148,0,0.875167171111833,0.832369110813293,0,            303P    653
0.83236911079798,0.875167171107731,0,0.784724360418632,              303P    654
0.912494449269083,0,0.732927687720959,0.943806629496904,0,           303P    655
0.67773440482884,0.968647109702928,0,0.619949354091291,              303P    656
0.986653659747626,0,0.56041517166867,0.997563703584725,0,0.5,        303P    657
1.00121814820764,0,0.439584828331332,0.997563703584724,0,            303P    658
0.380050645908709,0.986653659747626,0,0.322265595171163,             303P    659
0.968647109702929,0,0.267072312279042,0.943806629496904,0,           303P    660
0.215275639581368,0.912494449269084,0,0.167630889202022,             303P    661
0.875167171107732,0,0.124832828888167,0.832369110813294,0,           303P    662
0.0875055507320175,0.78472436036148,0,0.0561933705028022,            303P    663
0.732927687934256,0,0.0313528902971525,0.677734404032806,0,          303P    664
0.0133463402523537,0.619949357062131,0,0.00243629641528287,          303P    665
0.560415160581345,0,0,0.520138414446089,0,0,0.5,0,0,1,0,0,1;         303P    666
126,28,3,1,0,1,0,0,0,0,0,0.0384615384615385,0.0769230769230769,      305P    667
0.115384615384615,0.153846153846154,0.192307692307692,               305P    668
0.230769230769231,0.269230769230769,0.307692307692308,               305P    669
0.346153846153846,0.384615384615385,0.423076923076923,               305P    670
0.461538461538461,0.5,0.538461538461538,0.576923076923077,           305P    671
0.615384615384615,0.653846153846154,0.692307692307692,               305P    672
0.73076923076923,0.769230769230769,0.807692307692307,                305P    673
0.846153846153846,0.884615384615384,0.923076923076923,               305P    674
0.961538461538461,1,1,1,1,1,1,1,1,1,1,1,1,1,1,1,1,1,1,1,1,1,1,1,     305P    675
1,1,1,1,1,1,1,1,1,1,0,0.5,0,0,0.479861585553911,0,                   305P    676
0.00243629641528287,0.439584839418655,0,0.0133463402523546,          305P    677
0.380050642937869,0,0.0313528902971481,0.322265595967194,0,          305P    678
0.0561933705028013,0.267072312065745,0,0.0875055507320166,           305P    679
0.21527563963852,0,0.124832828888163,0.167630889186706,0,            305P    680
0.16763088920202,0.124832828892268,0,0.215275639581368,              305P    681
0.0875055507309168,0,0.267072312279041,0.0561933705030953,0,         305P    682
0.322265595171162,0.0313528902970714,0,0.380050645908709,            305P    683
0.0133463402523744,0,0.439584828331332,0.0024362964152751,0,0.5,     305P    684
-0.00121814820763777,0,0.560415171668669,0.00243629641527532,0,      305P    685
0.619949354091291,0.0133463402523741,0,0.67773440482884,             305P    686
0.0313528902970712,0,0.732927687720959,0.0561933705030957,0,         305P    687
0.784724360418633,0.0875055507309164,0,0.83236911079798,             305P    688
0.124832828892268,0,0.875167171111837,0.167630889186706,0,           305P    689
0.912494449267985,0.21527563963852,0,0.943806629497201,              305P    690
0.267072312065744,0,0.968647109702849,0.322265595967194,0,           305P    691
0.986653659747649,0.380050642937868,0,0.997563703584719,             305P    692
0.439584839418655,0,1,0.479861585553911,0,1,0.5,0,0,1,0,0,1;         305P    693
508,2,0,151,10,1,1,0,303,0,151,37,1,1,0,305;                         307P    694
510,301,1,1,307;                                                     309P    695
128,1,1,1,1,0,0,1,0,0,0,0,1,1,0,0,1,1,1,1,1,1,-32.5,5,65,-27.5,      311P    696
5,65,-32.5,10,65,-27.5,10,65,0,1,0,1;                                311P    697
126,28,3,1,0,1,0,0,0,0,0,0.0384615384615385,0.0769230769230769,      313P    698
0.115384615384615,0.153846153846154,0.192307692307692,               313P    699
0.230769230769231,0.269230769230769,0.307692307692308,               313P    700
0.346153846153846,0.384615384615385,0.423076923076923,               313P    701
0.461538461538461,0.5,0.538461538461538,0.576923076923077,           313P    702
0.615384615384615,0.653846153846154,0.692307692307692,               313P    703
0.73076923076923,0.769230769230769,0.807692307692307,                313P    704
0.846153846153846,0.884615384615384,0.923076923076923,               313P    705
0.961538461538461,1,1,1,1,1,1,1,1,1,1,1,1,1,1,1,1,1,1,1,1,1,1,1,     313P    706
1,1,1,1,1,1,1,1,1,1,1,0.5,0,1,0.520138414446088,0,                   313P    707
0.997563703584717,0.560415160581344,0,0.986653659747645,             313P    708
0.619949357062131,0,0.968647109702852,0.677734404032805,0,           313P    709
0.943806629497199,0.732927687934255,0,0.912494449267983,             313P    710
0.78472436036148,0,0.875167171111838,0.832369110813293,0,            313P    711
0.832369110797978,0.875167171107731,0,0.784724360418632,             313P    712
0.912494449269083,0,0.732927687720959,0.943806629496904,0,           313P    713
0.677734404828838,0.968647109702929,0,0.619949354091291,             313P    714
0.986653659747626,0,0.560415171668668,0.997563703584725,0,0.5,       313P    715
1.00121814820764,0,0.439584828331331,0.997563703584725,0,            313P    716
0.380050645908709,0.986653659747626,0,0.32226559517116,              313P    717
0.968647109702929,0,0.267072312279041,0.943806629496905,0,           313P    718
0.215275639581367,0.912494449269084,0,0.16763088920202,              313P    719
0.875167171107732,0,0.124832828888163,0.832369110813294,0,           313P    720
0.0875055507320148,0.784724360361481,0,0.0561933705027995,           313P    721
0.732927687934256,0,0.0313528902971498,0.677734404032806,0,          313P    722
0.013346340252351,0.619949357062131,0,0.00243629641528109,           313P    723
0.560415160581346,0,0,0.520138414446089,0,0,0.5,0,0,1,0,0,1;         313P    724
126,28,3,1,0,1,0,0,0,0,0,0.0384615384615385,0.0769230769230769,      315P    725
0.115384615384615,0.153846153846154,0.192307692307692,               315P    726
0.230769230769231,0.269230769230769,0.307692307692308,               315P    727
0.346153846153846,0.384615384615385,0.423076923076923,               315P    728
0.461538461538461,0.5,0.538461538461538,0.576923076923077,           315P    729
0.615384615384615,0.653846153846154,0.692307692307692,               315P    730
0.73076923076923,0.769230769230769,0.807692307692307,                315P    731
0.846153846153846,0.884615384615384,0.923076923076923,               315P    732
0.961538461538461,1,1,1,1,1,1,1,1,1,1,1,1,1,1,1,1,1,1,1,1,1,1,1,     315P    733
1,1,1,1,1,1,1,1,1,1,0,0.5,0,0,0.479861585553912,0,                   315P    734
0.00243629641527932,0.439584839418656,0,0.0133463402523528,          315P    735
0.380050642937869,0,0.0313528902971507,0.322265595967195,0,          315P    736
0.0561933705028004,0.267072312065745,0,0.0875055507320166,           315P    737
0.215275639638521,0,0.124832828888167,0.167630889186706,0,           315P    738
0.16763088920202,0.124832828892268,0,0.215275639581368,              315P    739
0.0875055507309167,0,0.267072312279041,0.0561933705030954,0,         315P    740
0.32226559517116,0.0313528902970713,0,0.380050645908709,             315P    741
0.0133463402523747,0,0.43958482833133,0.00243629641527521,0,0.5,     315P    742
-0.00121814820763766,0,0.560415171668668,0.00243629641527543,0,      315P    743
0.619949354091291,0.013346340252374,0,0.677734404828838,             315P    744
0.0313528902970711,0,0.732927687720957,0.0561933705030958,0,         315P    745
0.784724360418632,0.0875055507309165,0,0.832369110797977,            315P    746
0.124832828892268,0,0.875167171111833,0.167630889186706,0,           315P    747
0.912494449267983,0.21527563963852,0,0.943806629497198,              315P    748
0.267072312065744,0,0.968647109702848,0.322265595967194,0,           315P    749
0.986653659747646,0.380050642937868,0,0.997563703584717,             315P    750
0.439584839418655,0,1,0.479861585553911,0,1,0.5,0,0,1,0,0,1;         315P    751
508,2,0,151,13,1,1,0,313,0,151,38,1,1,0,315;                         317P    752
510,311,1,1,317;                                                     319P    753
128,1,1,1,1,0,0,1,0,0,0,0,1,1,0,0,1,1,1,1,1,1,85,0,-10,-85,0,        321P    754
-10,85,5,-10,-85,5,-10,0,1,0,1;                                      321P    755
126,1,1,1,0,1,0,0,0,1,1,1,1,0.294117647058824,1,0,                   323P    756
0.705882352941177,1,0,0,1,0,0,1;                                     323P    757
126,1,1,1,0,1,0,0,0,1,1,1,1,0,1,0,0.294117647058823,1,0,0,1,0,0,     325P    758
1;                                                                   325P    759
126,1,1,1,0,1,0,0,0,1,1,1,1,0,0,0,0,1,0,0,1,0,0,1;                   327P    760
126,1,1,1,0,1,0,0,0,1,1,1,1,0,0,0,1,0,0,0,1,0,0,1;                   329P    761
126,1,1,1,0,1,0,0,0,1,1,1,1,1,1,0,1,0,0,0,1,0,0,1;                   331P    762
126,1,1,1,0,1,0,0,0,1,1,1,1,0.705882352941177,1,0,1,1,0,0,1,0,0,     333P    763
1;                                                                   333P    764
508,6,0,151,39,0,1,0,323,0,151,40,0,1,0,325,0,151,25,0,1,0,327,      335P    765
0,151,17,1,1,0,329,0,151,35,0,1,0,331,0,151,41,0,1,0,333;            335P    766
510,321,1,1,335;                                                     337P    767
110,20,0,0,20,1,6.12323399573677E-17;                                339P    768
110,25,0,0,25,12.5,7.65404249467096E-16;                             341P    769
120,339,341,0,6.28318530717959;                                      343P    770
126,16,3,1,0,1,0,0,0,0,0,0.0714285714285714,0.142857142857143,       345P    771
0.214285714285714,0.285714285714286,0.357142857142857,               345P    772
0.428571428571429,0.5,0.571428571428571,0.642857142857143,           345P    773
0.714285714285714,0.785714285714286,0.857142857142857,               345P    774
0.928571428571429,1,1,1,1,1,1,1,1,1,1,1,1,1,1,1,1,1,1,1,1,1,1,0,     345P    775
0,0.977560052474359,0.0747998250854712,0,0.932681259039964,          345P    776
0.224399475256414,0,0.868737833527224,0.448798950512827,0,           345P    777
0.811376676439537,0.673198425769241,0,0.763473817368909,             345P    778
0.897597901025655,0,0.727431385642374,1.12199737628207,0,            345P    779
0.705056677837241,1.34639685153848,0,0.69747166108138,               345P    780
1.5707963267949,0,0.705056677837241,1.79519580205131,0,              345P    781
0.727431385642374,2.01959527730772,0,0.763473817368909,              345P    782
2.24399475256414,0,0.811376676439537,2.46839422782055,0,             345P    783
0.868737833527224,2.69279370307697,0,0.932681259039964,              345P    784
2.91719317833338,0,0.977560052474359,3.06679282850432,0,1,           345P    785
3.14159265358979,0,0,1,0,0,1;                                        345P    786
126,1,1,1,0,1,0,0,0,1,1,1,1,0,3.14159265358979,0,1,                  347P    787
3.14159265358979,0,0,1,0,0,1;                                        347P    788
126,1,1,1,0,1,0,0,0,1,1,1,1,0,0,0,0,3.14159265358979,0,0,1,0,0,      349P    789
1;                                                                   349P    790
126,1,1,1,0,1,0,0,0,1,1,1,1,0,0,0,1,0,0,0,1,0,0,1;                   351P    791
508,4,0,151,42,1,1,0,345,0,151,43,0,1,0,347,0,151,21,0,1,0,349,      353P    792
0,151,44,1,1,0,351;                                                  353P    793
510,343,1,1,353;                                                     355P    794
110,-20,1.49975978266186E-31,-2.44929359829471E-15,-20,1,            357P    795
-2.38806125833734E-15;                                               357P    796
110,-15,1.49975978266186E-31,-2.44929359829471E-15,-15,12.5,         359P    797
-1.68388934882761E-15;                                               359P    798
120,357,359,0,6.28318530717959;                                      361P    799
126,16,3,1,0,1,0,0,0,0,0,0.0714285714285714,0.142857142857143,       363P    800
0.214285714285714,0.285714285714286,0.357142857142857,               363P    801
0.428571428571429,0.5,0.571428571428571,0.642857142857143,           363P    802
0.714285714285714,0.785714285714286,0.857142857142857,               363P    803
0.928571428571429,1,1,1,1,1,1,1,1,1,1,1,1,1,1,1,1,1,1,1,1,1,1,0,     363P    804
0,0.977560052474359,0.0747998250854712,0,0.932681259039964,          363P    805
0.224399475256414,0,0.868737833527224,0.448798950512827,0,           363P    806
0.811376676439537,0.673198425769241,0,0.763473817368909,             363P    807
0.897597901025655,0,0.727431385642374,1.12199737628207,0,            363P    808
0.705056677837241,1.34639685153848,0,0.69747166108138,               363P    809
1.5707963267949,0,0.705056677837241,1.79519580205131,0,              363P    810
0.727431385642374,2.01959527730772,0,0.763473817368909,              363P    811
2.24399475256414,0,0.811376676439537,2.46839422782055,0,             363P    812
0.868737833527224,2.69279370307697,0,0.932681259039964,              363P    813
2.91719317833338,0,0.977560052474359,3.06679282850432,0,1,           363P    814
3.14159265358979,0,0,1,0,0,1;                                        363P    815
126,1,1,1,0,1,0,0,0,1,1,1,1,0,3.14159265358979,0,1,                  365P    816
3.14159265358979,0,0,1,0,0,1;                                        365P    817
126,1,1,1,0,1,0,0,0,1,1,1,1,0,0,0,0,3.14159265358979,0,0,1,0,0,      367P    818
1;                                                                   367P    819
126,1,1,1,0,1,0,0,0,1,1,1,1,0,0,0,1,0,0,0,1,0,0,1;                   369P    820
508,4,0,151,45,1,1,0,363,0,151,46,0,1,0,365,0,151,19,0,1,0,367,      371P    821
0,151,47,1,1,0,369;                                                  371P    822
510,361,1,1,371;                                                     373P    823
128,1,1,1,1,0,0,1,0,0,0,0,1,1,0,0,1,1,1,1,1,1,-85,5,55,85,5,55,      375P    824
-85,5,-10,85,5,-10,0,1,0,1;                                          375P    825
126,1,1,1,0,1,0,0,0,1,1,1,1,1,0,0,0,0,0,0,1,0,0,1;                   377P    826
126,1,1,1,0,1,0,0,0,1,1,1,1,1,1,0,1,0,0,0,1,0,0,1;                   379P    827
126,1,1,1,0,1,0,0,0,1,1,1,1,1,1,0,0.705882352941177,1,0,0,1,0,0,     381P    828
1;                                                                   381P    829
126,1,1,1,0,1,0,0,0,1,1,1,1,0.705882352941176,0.692307692307692,     383P    830
0,0.705882352941176,1,0,0,1,0,0,1;                                   383P    831
126,1,1,1,0,1,0,0,0,1,1,1,1,0.705882352941176,0.692307692307692,     385P    832
0,0.294117647058823,0.692307692307692,0,0,1,0,0,1;                   385P    833
126,1,1,1,0,1,0,0,0,1,1,1,1,0.294117647058824,1,0,                   387P    834
0.294117647058824,0.692307692307692,0,0,1,0,0,1;                     387P    835
126,1,1,1,0,1,0,0,0,1,1,1,1,0.294117647058823,1,0,0,1,0,0,1,0,0,     389P    836
1;                                                                   389P    837
126,1,1,1,0,1,0,0,0,1,1,1,1,0,1,0,0,0,0,0,1,0,0,1;                   391P    838
508,8,0,151,48,0,1,0,377,0,151,26,0,1,0,379,0,151,40,1,1,0,381,      393P    839
0,151,49,0,1,0,383,0,151,50,1,1,0,385,0,151,51,0,1,0,387,0,151,      393P    840
41,1,1,0,389,0,151,34,1,1,0,391;                                     393P    841
510,375,1,1,393;                                                     395P    842
128,1,1,1,1,0,0,1,0,0,0,0,1,1,0,0,1,1,1,1,1,1,85,5,55,-85,5,55,      397P    843
85,15,55,-85,15,55,0,1,0,1;                                          397P    844
126,1,1,1,0,1,0,0,0,1,1,1,1,0,0,0,1,0,0,0,1,0,0,1;                   399P    845
126,1,1,1,0,1,0,0,0,1,1,1,1,1,0,0,1,1,0,0,1,0,0,1;                   401P    846
126,1,1,1,0,1,0,0,0,1,1,1,1,0,1,0,1,1,0,0,1,0,0,1;                   403P    847
126,1,1,1,0,1,0,0,0,1,1,1,1,0,0,0,0,1,0,0,1,0,0,1;                   405P    848
508,4,0,151,48,1,1,0,399,0,151,33,1,1,0,401,0,151,30,0,1,0,403,      407P    849
0,151,27,0,1,0,405;                                                  407P    850
510,397,1,1,407;                                                     409P    851
128,1,1,1,1,0,0,1,0,0,0,0,1,1,0,0,1,1,1,1,1,1,-35,20,10,-35,5,       411P    852
-10,35,20,10,35,5,-10,0,1,0,1;                                       411P    853
126,1,1,1,0,1,0,0,0,1,1,1,1,0,0,0,0,1,0,0,1,0,0,1;                   413P    854
126,1,1,1,0,1,0,0,0,1,1,1,1,0,1,0,1,1,0,0,1,0,0,1;                   415P    855
126,1,1,1,0,1,0,0,0,1,1,1,1,1,1,0,1,0,0,0,1,0,0,1;                   417P    856
126,1,1,1,0,1,0,0,0,1,1,1,1,1,0,0,0,0,0,0,1,0,0,1;                   419P    857
508,4,0,151,52,1,1,0,413,0,151,53,1,1,0,415,0,151,39,1,1,0,417,      421P    858
0,151,54,1,1,0,419;                                                  421P    859
126,28,3,1,0,1,0,0,0,0,0,0.0384615384615385,0.0769230769230769,      423P    860
0.115384615384615,0.153846153846154,0.192307692307692,               423P    861
0.230769230769231,0.269230769230769,0.307692307692308,               423P    862
0.346153846153846,0.384615384615385,0.423076923076923,               423P    863
0.461538461538461,0.5,0.538461538461538,0.576923076923077,           423P    864
0.615384615384615,0.653846153846154,0.692307692307692,               423P    865
0.73076923076923,0.769230769230769,0.807692307692307,                423P    866
0.846153846153846,0.884615384615384,0.923076923076923,               423P    867
0.961538461538461,1,1,1,1,1,1,1,1,1,1,1,1,1,1,1,1,1,1,1,1,1,1,1,     423P    868
1,1,1,1,1,1,1,1,1,1,0.5,0.714285714285714,0,0.489930792776956,       423P    869
0.714285714285714,0,0.469792419709328,0.714633756630755,0,           423P    870
0.440025321468935,0.716192334321765,0,0.411132797983597,             423P    871
0.718764698613878,0,0.383536156032873,0.722313338643257,0,           423P    872
0.35763781981926,0.726786507247431,0,0.333815444593353,              423P    873
0.732118975555452,0,0.312416414446134,0.738232984171717,0,           423P    874
0.293752775365458,0.745039377083053,0,0.278096685251548,             423P    875
0.752438901754149,0,0.265676445148536,0.760323656453023,0,           423P    876
0.256673170126187,0.768578663701244,0,0.251218148207638,             423P    877
0.777083546904476,0,0.249390925896181,0.785714285714285,0,           423P    878
0.251218148207638,0.794345024524096,0,0.256673170126187,             423P    879
0.802849907727327,0,0.265676445148536,0.811104914975549,0,           423P    880
0.278096685251548,0.818989669674423,0,0.293752775365458,             423P    881
0.826389194345519,0,0.312416414446134,0.833195587256854,0,           423P    882
0.333815444593353,0.83930959587312,0,0.35763781981926,               423P    883
0.844642064181141,0,0.383536156032872,0.849115232785314,0,           423P    884
0.411132797983597,0.852663872814693,0,0.440025321468934,             423P    885
0.855236237106807,0,0.469792419709328,0.856794814797817,0,           423P    886
0.489930792776956,0.857142857142857,0,0.5,0.857142857142857,0,0,     423P    887
1,0,0,1;                                                             423P    888
126,28,3,1,0,1,0,0,0,0,0,0.0384615384615385,0.0769230769230769,      425P    889
0.115384615384615,0.153846153846154,0.192307692307692,               425P    890
0.230769230769231,0.269230769230769,0.307692307692308,               425P    891
0.346153846153846,0.384615384615385,0.423076923076923,               425P    892
0.461538461538461,0.5,0.538461538461538,0.576923076923077,           425P    893
0.615384615384615,0.653846153846154,0.692307692307692,               425P    894
0.73076923076923,0.769230769230769,0.807692307692307,                425P    895
0.846153846153846,0.884615384615384,0.923076923076923,               425P    896
0.961538461538461,1,1,1,1,1,1,1,1,1,1,1,1,1,1,1,1,1,1,1,1,1,1,1,     425P    897
1,1,1,1,1,1,1,1,1,1,0.5,0.857142857142857,0,0.510069207223044,       425P    898
0.857142857142857,0,0.530207580290672,0.856794814797817,0,           425P    899
0.559974678531066,0.855236237106807,0,0.588867202016402,             425P    900
0.852663872814693,0,0.616463843967128,0.849115232785314,0,           425P    901
0.64236218018074,0.84464206418114,0,0.666184555406647,               425P    902
0.839309595873119,0,0.687583585553866,0.833195587256854,0,           425P    903
0.706247224634542,0.826389194345519,0,0.721903314748452,             425P    904
0.818989669674423,0,0.734323554851465,0.811104914975549,0,           425P    905
0.743326829873813,0.802849907727327,0,0.748781851792363,             425P    906
0.794345024524096,0,0.750609074103819,0.785714285714285,0,           425P    907
0.748781851792363,0.777083546904476,0,0.743326829873813,             425P    908
0.768578663701244,0,0.734323554851465,0.760323656453023,0,           425P    909
0.721903314748452,0.752438901754149,0,0.706247224634542,             425P    910
0.745039377083053,0,0.687583585553866,0.738232984171717,0,           425P    911
0.666184555406647,0.732118975555452,0,0.64236218018074,              425P    912
0.726786507247431,0,0.616463843967128,0.722313338643257,0,           425P    913
0.588867202016403,0.718764698613879,0,0.559974678531066,             425P    914
0.716192334321765,0,0.530207580290672,0.714633756630755,0,           425P    915
0.510069207223045,0.714285714285714,0,0.5,0.714285714285714,0,0,     425P    916
1,0,0,1;                                                             425P    917
508,2,0,151,55,0,1,0,423,0,151,42,0,1,0,425;                         427P    918
126,28,3,1,0,1,0,0,0,0,0,0.0384615384615385,0.0769230769230769,      429P    919
0.115384615384615,0.153846153846154,0.192307692307692,               429P    920
0.230769230769231,0.269230769230769,0.307692307692308,               429P    921
0.346153846153846,0.384615384615385,0.423076923076923,               429P    922
0.461538461538461,0.5,0.538461538461538,0.576923076923077,           429P    923
0.615384615384615,0.653846153846154,0.692307692307692,               429P    924
0.73076923076923,0.769230769230769,0.807692307692307,                429P    925
0.846153846153846,0.884615384615384,0.923076923076923,               429P    926
0.961538461538461,1,1,1,1,1,1,1,1,1,1,1,1,1,1,1,1,1,1,1,1,1,1,1,     429P    927
1,1,1,1,1,1,1,1,1,1,0.5,0.142857142857143,0,0.489930792776956,       429P    928
0.142857142857143,0,0.469792419709328,0.143205185202184,0,           429P    929
0.440025321468935,0.144763762893193,0,0.411132797983597,             429P    930
0.147336127185307,0,0.383536156032873,0.150884767214686,0,           429P    931
0.35763781981926,0.15535793581886,0,0.333815444593353,               429P    932
0.160690404126881,0,0.312416414446134,0.166804412743146,0,           429P    933
0.293752775365458,0.173610805654481,0,0.278096685251548,             429P    934
0.181010330325577,0,0.265676445148536,0.188895085024452,0,           429P    935
0.256673170126187,0.197150092272673,0,0.251218148207638,             429P    936
0.205654975475905,0,0.249390925896181,0.214285714285714,0,           429P    937
0.251218148207638,0.222916453095524,0,0.256673170126187,             429P    938
0.231421336298756,0,0.265676445148536,0.239676343546977,0,           429P    939
0.278096685251548,0.247561098245852,0,0.293752775365458,             429P    940
0.254960622916948,0,0.312416414446134,0.261767015828283,0,           429P    941
0.333815444593353,0.267881024444548,0,0.35763781981926,              429P    942
0.273213492752569,0,0.383536156032872,0.277686661356743,0,           429P    943
0.411132797983597,0.281235301386122,0,0.440025321468934,             429P    944
0.283807665678236,0,0.469792419709328,0.285366243369246,0,           429P    945
0.489930792776956,0.285714285714286,0,0.5,0.285714285714286,0,0,     429P    946
1,0,0,1;                                                             429P    947
126,28,3,1,0,1,0,0,0,0,0,0.0384615384615385,0.0769230769230769,      431P    948
0.115384615384615,0.153846153846154,0.192307692307692,               431P    949
0.230769230769231,0.269230769230769,0.307692307692308,               431P    950
0.346153846153846,0.384615384615385,0.423076923076923,               431P    951
0.461538461538461,0.5,0.538461538461538,0.576923076923077,           431P    952
0.615384615384615,0.653846153846154,0.692307692307692,               431P    953
0.73076923076923,0.769230769230769,0.807692307692307,                431P    954
0.846153846153846,0.884615384615384,0.923076923076923,               431P    955
0.961538461538461,1,1,1,1,1,1,1,1,1,1,1,1,1,1,1,1,1,1,1,1,1,1,1,     431P    956
1,1,1,1,1,1,1,1,1,1,0.5,0.285714285714286,0,0.510069207223044,       431P    957
0.285714285714286,0,0.530207580290672,0.285366243369246,0,           431P    958
0.559974678531066,0.283807665678235,0,0.588867202016402,             431P    959
0.281235301386121,0,0.616463843967128,0.277686661356743,0,           431P    960
0.64236218018074,0.273213492752569,0,0.666184555406647,              431P    961
0.267881024444548,0,0.687583585553866,0.261767015828283,0,           431P    962
0.706247224634542,0.254960622916948,0,0.721903314748452,             431P    963
0.247561098245851,0,0.734323554851465,0.239676343546977,0,           431P    964
0.743326829873813,0.231421336298756,0,0.748781851792363,             431P    965
0.222916453095525,0,0.750609074103819,0.214285714285714,0,           431P    966
0.748781851792363,0.205654975475905,0,0.743326829873813,             431P    967
0.197150092272673,0,0.734323554851465,0.188895085024452,0,           431P    968
0.721903314748452,0.181010330325578,0,0.706247224634542,             431P    969
0.173610805654482,0,0.687583585553866,0.166804412743146,0,           431P    970
0.666184555406647,0.160690404126881,0,0.64236218018074,              431P    971
0.15535793581886,0,0.616463843967128,0.150884767214686,0,            431P    972
0.588867202016403,0.147336127185308,0,0.559974678531066,             431P    973
0.144763762893193,0,0.530207580290672,0.143205185202183,0,           431P    974
0.510069207223045,0.142857142857143,0,0.5,0.142857142857143,0,0,     431P    975
1,0,0,1;                                                             431P    976
508,2,0,151,56,0,1,0,429,0,151,45,0,1,0,431;                         433P    977
510,411,3,1,421,427,433;                                             435P    978
128,1,1,1,1,0,0,1,0,0,0,0,1,1,0,0,1,1,1,1,1,1,35,5,10,35,5,-10,      437P    979
35,20,10,35,20,-10,0,1,0,1;                                          437P    980
126,1,1,1,0,1,0,0,0,1,1,1,1,0,1,0,1,0,0,0,1,0,0,1;                   439P    981
126,1,1,1,0,1,0,0,0,1,1,1,1,0,0,0,0,1,0,0,1,0,0,1;                   441P    982
126,1,1,1,0,1,0,0,0,1,1,1,1,0,0,0,1,0,0,0,1,0,0,1;                   443P    983
508,3,0,151,53,0,1,0,439,0,151,57,0,1,0,441,0,151,49,1,1,0,443;      445P    984
510,437,1,1,445;                                                     447P    985
128,1,1,1,1,0,0,1,0,0,0,0,1,1,0,0,1,1,1,1,1,1,-35,5,10,35,5,10,      449P    986
-35,20,10,35,20,10,0,1,0,1;                                          449P    987
126,1,1,1,0,1,0,0,0,1,1,1,1,0,1,0,1,1,0,0,1,0,0,1;                   451P    988
126,1,1,1,0,1,0,0,0,1,1,1,1,0,0,0,0,1,0,0,1,0,0,1;                   453P    989
126,1,1,1,0,1,0,0,0,1,1,1,1,1,0,0,0,0,0,0,1,0,0,1;                   455P    990
126,1,1,1,0,1,0,0,0,1,1,1,1,1,0,0,1,1,0,0,1,0,0,1;                   457P    991
508,4,0,151,52,0,1,0,451,0,151,58,0,1,0,453,0,151,50,0,1,0,455,      459P    992
0,151,57,1,1,0,457;                                                  459P    993
510,449,1,1,459;                                                     461P    994
128,1,1,1,1,0,0,1,0,0,0,0,1,1,0,0,1,1,1,1,1,1,-35,5,-10,-35,5,       463P    995
10,-35,20,-10,-35,20,10,0,1,0,1;                                     463P    996
126,1,1,1,0,1,0,0,0,1,1,1,1,0,0,0,1,1,0,0,1,0,0,1;                   465P    997
126,1,1,1,0,1,0,0,0,1,1,1,1,0,0,0,1,0,0,0,1,0,0,1;                   467P    998
126,1,1,1,0,1,0,0,0,1,1,1,1,1,0,0,1,1,0,0,1,0,0,1;                   469P    999
508,3,0,151,54,0,1,0,465,0,151,51,1,1,0,467,0,151,58,1,1,0,469;      471P   1000
510,463,1,1,471;                                                     473P   1001
110,-93,2,68,-92,2,68;                                               475P   1002
110,-85,2,70,85,2,70;                                                477P   1003
120,475,477,0,6.28318530717959;                                      479P   1004
126,1,1,1,0,1,0,0,0,1,1,1,1,0,1.5707963267949,0,1,                   481P   1005
1.5707963267949,0,0,1,0,0,1;                                         481P   1006
126,1,1,1,0,1,0,0,0,1,1,1,1,1,0,0,1,1.5707963267949,0,0,1,0,0,1;     483P   1007
126,1,1,1,0,1,0,0,0,1,1,1,1,0,0,0,1,0,0,0,1,0,0,1;                   485P   1008
126,1,1,1,0,1,0,0,0,1,1,1,1,0,1.5707963267949,0,0,0,0,0,1,0,0,1;     487P   1009
508,4,0,151,15,1,1,0,481,0,151,24,0,1,0,483,0,151,3,0,1,0,485,0,     489P   1010
151,36,0,1,0,487;                                                    489P   1011
510,479,1,1,489;                                                     491P   1012
110,93,13,68,92,13,68;                                               493P   1013
110,85,13,70,-85,13,70;                                              495P   1014
120,493,495,0,6.28318530717959;                                      497P   1015
126,1,1,1,0,1,0,0,0,1,1,1,1,0,1.5707963267949,0,1,                   499P   1016
1.5707963267949,0,0,1,0,0,1;                                         499P   1017
126,1,1,1,0,1,0,0,0,1,1,1,1,1,0,0,1,1.5707963267949,0,0,1,0,0,1;     501P   1018
126,1,1,1,0,1,0,0,0,1,1,1,1,0,0,0,1,0,0,0,1,0,0,1;                   503P   1019
126,1,1,1,0,1,0,0,0,1,1,1,1,0,1.5707963267949,0,0,0,0,0,1,0,0,1;     505P   1020
508,4,0,151,29,1,1,0,499,0,151,32,0,1,0,501,0,151,1,0,1,0,503,0,     507P   1021
151,23,0,1,0,505;                                                    507P   1022
510,497,1,1,507;                                                     509P   1023
110,30,7.50000000000001,65,30,7.50000000000001,66;                   511P   1024
110,27.5,7.50000000000001,65,27.5,7.50000000000001,70;               513P   1025
120,511,513,0,6.28318530717959;                                      515P   1026
126,1,1,1,0,1,0,0,0,1,1,1,1,0,3.14159265358979,0,1,                  517P   1027
3.14159265358979,0,0,1,0,0,1;                                        517P   1028
126,1,1,1,0,1,0,0,0,1,1,1,1,0,0,0,0,3.14159265358979,0,0,1,0,0,      519P   1029
1;                                                                   519P   1030
126,1,1,1,0,1,0,0,0,1,1,1,1,0,0,0,1,0,0,0,1,0,0,1;                   521P   1031
126,1,1,1,0,1,0,0,0,1,1,1,1,1,0,0,1,3.14159265358979,0,0,1,0,0,      523P   1032
1;                                                                   523P   1033
508,4,0,151,11,0,1,0,517,0,151,37,0,1,0,519,0,151,9,1,1,0,521,0,     525P   1034
151,7,1,1,0,523;                                                     525P   1035
510,515,1,1,525;                                                     527P   1036
110,-30,7.5,65,-30,7.5,66;                                           529P   1037
110,-32.5,7.5,65,-32.5,7.5,70;                                       531P   1038
120,529,531,0,6.28318530717959;                                      533P   1039
126,1,1,1,0,1,0,0,0,1,1,1,1,0,3.14159265358979,0,1,                  535P   1040
3.14159265358979,0,0,1,0,0,1;                                        535P   1041
126,1,1,1,0,1,0,0,0,1,1,1,1,0,0,0,0,3.14159265358979,0,0,1,0,0,      537P   1042
1;                                                                   537P   1043
126,1,1,1,0,1,0,0,0,1,1,1,1,0,0,0,1,0,0,0,1,0,0,1;                   539P   1044
126,1,1,1,0,1,0,0,0,1,1,1,1,1,0,0,1,3.14159265358979,0,0,1,0,0,      541P   1045
1;                                                                   541P   1046
508,4,0,151,14,0,1,0,535,0,151,38,0,1,0,537,0,151,12,1,1,0,539,      543P   1047
0,151,5,1,1,0,541;                                                   543P   1048
510,533,1,1,543;                                                     545P   1049
110,20,0,0,20,1,6.12323399573677E-17;                                547P   1050
110,15,3.74939945665464E-32,-6.12323399573677E-16,15,16.25,          549P   1051
3.82702124733548E-16;                                                549P   1052
120,547,549,0,6.28318530717959;                                      551P   1053
126,1,1,1,0,1,0,0,0,1,1,1,1,0,3.14159265358979,0,                    553P   1054
0.769230769230769,3.14159265358979,0,0,1,0,0,1;                      553P   1055
126,1,1,1,0,1,0,0,0,1,1,1,1,0,0,0,0,3.14159265358979,0,0,1,0,0,      555P   1056
1;                                                                   555P   1057
126,1,1,1,0,1,0,0,0,1,1,1,1,0,0,0,0.769230769230769,0,0,0,1,0,0,     557P   1058
1;                                                                   557P   1059
126,16,3,1,0,1,0,0,0,0,0,0.0714285714285714,0.142857142857143,       559P   1060
0.214285714285714,0.285714285714286,0.357142857142857,               559P   1061
0.428571428571429,0.5,0.571428571428571,0.642857142857143,           559P   1062
0.714285714285714,0.785714285714286,0.857142857142857,               559P   1063
0.928571428571429,1,1,1,1,1,1,1,1,1,1,1,1,1,1,1,1,1,1,1,1,1,         559P   1064
0.769230769230769,0,0,0.786492267327417,0.0747998250854711,0,        559P   1065
0.821014416123105,0.224399475256415,0,0.87020166651752,              559P   1066
0.448798950512827,0,0.914325633508049,0.673198425769242,0,           559P   1067
0.951173986639301,0.897597901025655,0,0.978898934121251,             559P   1068
1.12199737628207,0,0.996110247817507,1.34639685153848,0,             559P   1069
1.00194487609125,1.5707963267949,0,0.996110247817507,                559P   1070
1.79519580205131,0,0.978898934121251,2.01959527730772,0,             559P   1071
0.951173986639301,2.24399475256414,0,0.914325633508049,              559P   1072
2.46839422782055,0,0.87020166651752,2.69279370307697,0,              559P   1073
0.821014416123105,2.91719317833338,0,0.786492267327417,              559P   1074
3.06679282850432,0,0.769230769230769,3.14159265358979,0,0,1,0,0,     559P   1075
1;                                                                   559P   1076
508,4,0,151,44,0,1,0,553,0,151,22,0,1,0,555,0,151,43,1,1,0,557,      561P   1077
0,151,55,1,1,0,559;                                                  561P   1078
510,551,1,1,561;                                                     563P   1079
110,-20,1.49975978266186E-31,-2.44929359829471E-15,-20,1,            565P   1080
-2.38806125833734E-15;                                               565P   1081
110,-25,1.87469972832732E-31,-3.06161699786838E-15,-25,16.25,        567P   1082
-2.06659147356116E-15;                                               567P   1083
120,565,567,0,6.28318530717959;                                      569P   1084
126,1,1,1,0,1,0,0,0,1,1,1,1,0,3.14159265358979,0,                    571P   1085
0.769230769230769,3.14159265358979,0,0,1,0,0,1;                      571P   1086
126,1,1,1,0,1,0,0,0,1,1,1,1,0,0,0,0,3.14159265358979,0,0,1,0,0,      573P   1087
1;                                                                   573P   1088
126,1,1,1,0,1,0,0,0,1,1,1,1,0,0,0,0.769230769230769,0,0,0,1,0,0,     575P   1089
1;                                                                   575P   1090
126,16,3,1,0,1,0,0,0,0,0,0.0714285714285714,0.142857142857143,       577P   1091
0.214285714285714,0.285714285714286,0.357142857142857,               577P   1092
0.428571428571429,0.5,0.571428571428571,0.642857142857143,           577P   1093
0.714285714285714,0.785714285714286,0.857142857142857,               577P   1094
0.928571428571429,1,1,1,1,1,1,1,1,1,1,1,1,1,1,1,1,1,1,1,1,1,         577P   1095
0.769230769230769,0,0,0.786492267327417,0.0747998250854711,0,        577P   1096
0.821014416123105,0.224399475256415,0,0.87020166651752,              577P   1097
0.448798950512827,0,0.914325633508049,0.673198425769242,0,           577P   1098
0.951173986639301,0.897597901025655,0,0.978898934121251,             577P   1099
1.12199737628207,0,0.996110247817507,1.34639685153848,0,             577P   1100
1.00194487609125,1.5707963267949,0,0.996110247817507,                577P   1101
1.79519580205131,0,0.978898934121251,2.01959527730772,0,             577P   1102
0.951173986639301,2.24399475256414,0,0.914325633508049,              577P   1103
2.46839422782055,0,0.87020166651752,2.69279370307697,0,              577P   1104
0.821014416123105,2.91719317833338,0,0.786492267327417,              577P   1105
3.06679282850432,0,0.769230769230769,3.14159265358979,0,0,1,0,0,     577P   1106
1;                                                                   577P   1107
508,4,0,151,47,0,1,0,571,0,151,20,0,1,0,573,0,151,46,1,1,0,575,      579P   1108
0,151,56,1,1,0,577;                                                  579P   1109
510,569,1,1,579;                                                     581P   1110
514,24,179,1,197,1,215,1,241,0,263,1,277,1,299,1,309,1,319,1,        583P   1111
337,1,355,1,373,1,395,1,409,1,435,0,447,1,461,1,473,1,491,0,509,     583P   1112
0,527,1,545,1,563,1,581,1;                                           583P   1113
186,583,1,0;                                                         585P   1114
S      2G      3D    586P   1114                                        T      1
