IGES file generated by C3D Converter 1.8                                S      1
translator by C3D Labs., translator version IGESOUT-5.1.                S      2
1H,,1H;,7H Деталь,38HE:\Сдача задания\Модели\IGES\Плечо.igs,0H,3H1.0,32,G      1
38,6,308,15,7Hunknown,1,2,2HMM,1000,1,16H-17740206:063247,1E-6,50000,5HnG      2
o1se,7Hunknown,0,0,13H260306:063248;                                    G      3
     502       1       0       0       0       0       0       000010000D      1
     502       0       0      38       1                               0D      2
     110      39       0       0       0       0       0       000010000D      3
     110       1       0       1       0                               0D      4
     110      40       0       0       0       0       0       000010000D      5
     110       1       0       1       0                               0D      6
     110      41       0       0       0       0       0       000010000D      7
     110       1       0       1       0                               0D      8
     110      42       0       0       0       0       0       000010000D      9
     110       1       0       1       0                               0D     10
     110      43       0       0       0       0       0       000010000D     11
     110       1       0       1       0                               0D     12
     110      44       0       0       0       0       0       000010000D     13
     110       1       0       1       0                               0D     14
     110      45       0       0       0       0       0       000010000D     15
     110       1       0       1       0                               0D     16
     124      46       0       0       0       0       0       001020201D     17
     124       1       0       2       0                               0D     18
     100      48       0       0       0       0      17       000010000D     19
     100       1       0       1       0                               0D     20
     124      49       0       0       0       0       0       001020201D     21
     124       1       0       2       0                               0D     22
     100      51       0       0       0       0      21       000010000D     23
     100       1       0       1       0                               0D     24
     124      52       0       0       0       0       0       001020201D     25
     124       1       0       2       0                               0D     26
     100      54       0       0       0       0      25       000010000D     27
     100       1       0       1       0                               0D     28
     124      55       0       0       0       0       0       001020201D     29
     124       1       0       1       0                               0D     30
     100      56       0       0       0       0      29       000010000D     31
     100       1       0       1       0                               0D     32
     110      57       0       0       0       0       0       000010000D     33
     110       1       0       1       0                               0D     34
     110      58       0       0       0       0       0       000010000D     35
     110       1       0       1       0                               0D     36
     110      59       0       0       0       0       0       000010000D     37
     110       1       0       1       0                               0D     38
     110      60       0       0       0       0       0       000010000D     39
     110       1       0       1       0                               0D     40
     110      61       0       0       0       0       0       000010000D     41
     110       1       0       1       0                               0D     42
     124      62       0       0       0       0       0       001020201D     43
     124       1       0       2       0                               0D     44
     100      64       0       0       0       0      43       000010000D     45
     100       1       0       1       0                               0D     46
     110      65       0       0       0       0       0       000010000D     47
     110       1       0       1       0                               0D     48
     110      66       0       0       0       0       0       000010000D     49
     110       1       0       1       0                               0D     50
     110      67       0       0       0       0       0       000010000D     51
     110       1       0       1       0                               0D     52
     110      68       0       0       0       0       0       000010000D     53
     110       1       0       1       0                               0D     54
     110      69       0       0       0       0       0       000010000D     55
     110       1       0       1       0                               0D     56
     110      70       0       0       0       0       0       000010000D     57
     110       1       0       1       0                               0D     58
     110      71       0       0       0       0       0       000010000D     59
     110       1       0       1       0                               0D     60
     110      72       0       0       0       0       0       000010000D     61
     110       1       0       1       0                               0D     62
     110      73       0       0       0       0       0       000010000D     63
     110       1       0       1       0                               0D     64
     110      74       0       0       0       0       0       000010000D     65
     110       1       0       1       0                               0D     66
     110      75       0       0       0       0       0       000010000D     67
     110       1       0       1       0                               0D     68
     110      76       0       0       0       0       0       000010000D     69
     110       1       0       1       0                               0D     70
     110      77       0       0       0       0       0       000010000D     71
     110       1       0       1       0                               0D     72
     110      78       0       0       0       0       0       000010000D     73
     110       1       0       1       0                               0D     74
     110      79       0       0       0       0       0       000010000D     75
     110       1       0       1       0                               0D     76
     110      80       0       0       0       0       0       000010000D     77
     110       1       0       1       0                               0D     78
     110      81       0       0       0       0       0       000010000D     79
     110       1       0       1       0                               0D     80
     110      82       0       0       0       0       0       000010000D     81
     110       1       0       1       0                               0D     82
     110      83       0       0       0       0       0       000010000D     83
     110       1       0       1       0                               0D     84
     110      84       0       0       0       0       0       000010000D     85
     110       1       0       1       0                               0D     86
     110      85       0       0       0       0       0       000010000D     87
     110       1       0       1       0                               0D     88
     110      86       0       0       0       0       0       000010000D     89
     110       1       0       1       0                               0D     90
     110      87       0       0       0       0       0       000010000D     91
     110       1       0       1       0                               0D     92
     110      88       0       0       0       0       0       000010000D     93
     110       1       0       1       0                               0D     94
     110      89       0       0       0       0       0       000010000D     95
     110       1       0       1       0                               0D     96
     110      90       0       0       0       0       0       000010000D     97
     110       1       0       1       0                               0D     98
     110      91       0       0       0       0       0       000010000D     99
     110       1       0       1       0                               0D    100
     110      92       0       0       0       0       0       000010000D    101
     110       1       0       1       0                               0D    102
     110      93       0       0       0       0       0       000010000D    103
     110       1       0       1       0                               0D    104
     110      94       0       0       0       0       0       000010000D    105
     110       1       0       1       0                               0D    106
     124      95       0       0       0       0       0       001020201D    107
     124       1       0       2       0                               0D    108
     100      97       0       0       0       0     107       000010000D    109
     100       1       0       1       0                               0D    110
     110      98       0       0       0       0       0       000010000D    111
     110       1       0       1       0                               0D    112
     124      99       0       0       0       0       0       001020201D    113
     124       1       0       2       0                               0D    114
     100     101       0       0       0       0     113       000010000D    115
     100       1       0       1       0                               0D    116
     110     102       0       0       0       0       0       000010000D    117
     110       1       0       1       0                               0D    118
     110     103       0       0       0       0       0       000010000D    119
     110       1       0       1       0                               0D    120
     110     104       0       0       0       0       0       000010000D    121
     110       1       0       1       0                               0D    122
     110     105       0       0       0       0       0       000010000D    123
     110       1       0       1       0                               0D    124
     110     106       0       0       0       0       0       000010000D    125
     110       1       0       1       0                               0D    126
     110     107       0       0       0       0       0       000010000D    127
     110       1       0       1       0                               0D    128
     110     108       0       0       0       0       0       000010000D    129
     110       1       0       1       0                               0D    130
     110     109       0       0       0       0       0       000010000D    131
     110       1       0       1       0                               0D    132
     110     110       0       0       0       0       0       000010000D    133
     110       1       0       1       0                               0D    134
     110     111       0       0       0       0       0       000010000D    135
     110       1       0       1       0                               0D    136
     110     112       0       0       0       0       0       000010000D    137
     110       1       0       1       0                               0D    138
     110     113       0       0       0       0       0       000010000D    139
     110       1       0       2       0                               0D    140
     110     115       0       0       0       0       0       000010000D    141
     110       1       0       2       0                               0D    142
     110     117       0       0       0       0       0       000010000D    143
     110       1       0       1       0                               0D    144
     110     118       0       0       0       0       0       000010000D    145
     110       1       0       1       0                               0D    146
     110     119       0       0       0       0       0       000010000D    147
     110       1       0       1       0                               0D    148
     110     120       0       0       0       0       0       000010000D    149
     110       1       0       2       0                               0D    150
     110     122       0       0       0       0       0       000010000D    151
     110       1       0       2       0                               0D    152
     110     124       0       0       0       0       0       000010000D    153
     110       1       0       2       0                               0D    154
     110     126       0       0       0       0       0       000010000D    155
     110       1       0       1       0                               0D    156
     110     127       0       0       0       0       0       000010000D    157
     110       1       0       1       0                               0D    158
     124     128       0       0       0       0       0       001020201D    159
     124       1       0       2       0                               0D    160
     100     130       0       0       0       0     159       000010000D    161
     100       1       0       1       0                               0D    162
     124     131       0       0       0       0       0       001020201D    163
     124       1       0       2       0                               0D    164
     100     133       0       0       0       0     163       000010000D    165
     100       1       0       1       0                               0D    166
     110     134       0       0       0       0       0       000010000D    167
     110       1       0       1       0                               0D    168
     124     135       0       0       0       0       0       001020201D    169
     124       1       0       1       0                               0D    170
     100     136       0       0       0       0     169       000010000D    171
     100       1       0       2       0                               0D    172
     110     138       0       0       0       0       0       000010000D    173
     110       1       0       1       0                               0D    174
     110     139       0       0       0       0       0       000010000D    175
     110       1       0       1       0                               0D    176
     110     140       0       0       0       0       0       000010000D    177
     110       1       0       1       0                               0D    178
     110     141       0       0       0       0       0       000010000D    179
     110       1       0       1       0                               0D    180
     110     142       0       0       0       0       0       000010000D    181
     110       1       0       1       0                               0D    182
     110     143       0       0       0       0       0       000010000D    183
     110       1       0       2       0                               0D    184
     110     145       0       0       0       0       0       000010000D    185
     110       1       0       2       0                               0D    186
     110     147       0       0       0       0       0       000010000D    187
     110       1       0       2       0                               0D    188
     110     149       0       0       0       0       0       000010000D    189
     110       1       0       2       0                               0D    190
     110     151       0       0       0       0       0       000010000D    191
     110       1       0       2       0                               0D    192
     110     153       0       0       0       0       0       000010000D    193
     110       1       0       1       0                               0D    194
     124     154       0       0       0       0       0       001020201D    195
     124       1       0       2       0                               0D    196
     100     156       0       0       0       0     195       000010000D    197
     100       1       0       1       0                               0D    198
     110     157       0       0       0       0       0       000010000D    199
     110       1       0       1       0                               0D    200
     110     158       0       0       0       0       0       000010000D    201
     110       1       0       1       0                               0D    202
     110     159       0       0       0       0       0       000010000D    203
     110       1       0       1       0                               0D    204
     110     160       0       0       0       0       0       000010000D    205
     110       1       0       1       0                               0D    206
     110     161       0       0       0       0       0       000010000D    207
     110       1       0       1       0                               0D    208
     124     162       0       0       0       0       0       001020201D    209
     124       1       0       1       0                               0D    210
     100     163       0       0       0       0     209       000010000D    211
     100       1       0       2       0                               0D    212
     110     165       0       0       0       0       0       000010000D    213
     110       1       0       1       0                               0D    214
     110     166       0       0       0       0       0       000010000D    215
     110       1       0       1       0                               0D    216
     110     167       0       0       0       0       0       000010000D    217
     110       1       0       1       0                               0D    218
     124     168       0       0       0       0       0       001020201D    219
     124       1       0       2       0                               0D    220
     100     170       0       0       0       0     219       000010000D    221
     100       1       0       1       0                               0D    222
     124     171       0       0       0       0       0       001020201D    223
     124       1       0       3       0                               0D    224
     100     174       0       0       0       0     223       000010000D    225
     100       1       0       1       0                               0D    226
     124     175       0       0       0       0       0       001020201D    227
     124       1       0       3       0                               0D    228
     100     178       0       0       0       0     227       000010000D    229
     100       1       0       1       0                               0D    230
     124     179       0       0       0       0       0       001020201D    231
     124       1       0       2       0                               0D    232
     100     181       0       0       0       0     231       000010000D    233
     100       1       0       1       0                               0D    234
     110     182       0       0       0       0       0       000010000D    235
     110       1       0       1       0                               0D    236
     124     183       0       0       0       0       0       001020201D    237
     124       1       0       3       0                               0D    238
     100     186       0       0       0       0     237       000010000D    239
     100       1       0       1       0                               0D    240
     124     187       0       0       0       0       0       001020201D    241
     124       1       0       3       0                               0D    242
     100     190       0       0       0       0     241       000010000D    243
     100       1       0       1       0                               0D    244
     124     191       0       0       0       0       0       001020201D    245
     124       1       0       1       0                               0D    246
     100     192       0       0       0       0     245       000010000D    247
     100       1       0       2       0                               0D    248
     124     194       0       0       0       0       0       001020201D    249
     124       1       0       2       0                               0D    250
     100     196       0       0       0       0     249       000010000D    251
     100       1       0       1       0                               0D    252
     110     197       0       0       0       0       0       000010000D    253
     110       1       0       1       0                               0D    254
     110     198       0       0       0       0       0       000010000D    255
     110       1       0       1       0                               0D    256
     110     199       0       0       0       0       0       000010000D    257
     110       1       0       1       0                               0D    258
     110     200       0       0       0       0       0       000010000D    259
     110       1       0       2       0                               0D    260
     110     202       0       0       0       0       0       000010000D    261
     110       1       0       2       0                               0D    262
     110     204       0       0       0       0       0       000010000D    263
     110       1       0       2       0                               0D    264
     110     206       0       0       0       0       0       000010000D    265
     110       1       0       2       0                               0D    266
     110     208       0       0       0       0       0       000010000D    267
     110       1       0       1       0                               0D    268
     110     209       0       0       0       0       0       000010000D    269
     110       1       0       1       0                               0D    270
     110     210       0       0       0       0       0       000010000D    271
     110       1       0       1       0                               0D    272
     110     211       0       0       0       0       0       000010000D    273
     110       1       0       1       0                               0D    274
     110     212       0       0       0       0       0       000010000D    275
     110       1       0       1       0                               0D    276
     110     213       0       0       0       0       0       000010000D    277
     110       1       0       1       0                               0D    278
     110     214       0       0       0       0       0       000010000D    279
     110       1       0       1       0                               0D    280
     110     215       0       0       0       0       0       000010000D    281
     110       1       0       2       0                               0D    282
     110     217       0       0       0       0       0       000010000D    283
     110       1       0       2       0                               0D    284
     110     219       0       0       0       0       0       000010000D    285
     110       1       0       2       0                               0D    286
     110     221       0       0       0       0       0       000010000D    287
     110       1       0       2       0                               0D    288
     110     223       0       0       0       0       0       000010000D    289
     110       1       0       2       0                               0D    290
     110     225       0       0       0       0       0       000010000D    291
     110       1       0       1       0                               0D    292
     110     226       0       0       0       0       0       000010000D    293
     110       1       0       1       0                               0D    294
     110     227       0       0       0       0       0       000010000D    295
     110       1       0       1       0                               0D    296
     110     228       0       0       0       0       0       000010000D    297
     110       1       0       1       0                               0D    298
     110     229       0       0       0       0       0       000010000D    299
     110       1       0       1       0                               0D    300
     110     230       0       0       0       0       0       000010000D    301
     110       1       0       2       0                               0D    302
     110     232       0       0       0       0       0       000010000D    303
     110       1       0       2       0                               0D    304
     110     234       0       0       0       0       0       000010000D    305
     110       1       0       2       0                               0D    306
     110     236       0       0       0       0       0       000010000D    307
     110       1       0       2       0                               0D    308
     110     238       0       0       0       0       0       000010000D    309
     110       1       0       2       0                               0D    310
     110     240       0       0       0       0       0       000010000D    311
     110       1       0       2       0                               0D    312
     110     242       0       0       0       0       0       000010000D    313
     110       1       0       2       0                               0D    314
     110     244       0       0       0       0       0       000010000D    315
     110       1       0       2       0                               0D    316
     110     246       0       0       0       0       0       000010000D    317
     110       1       0       2       0                               0D    318
     110     248       0       0       0       0       0       000010000D    319
     110       1       0       1       0                               0D    320
     110     249       0       0       0       0       0       000010000D    321
     110       1       0       1       0                               0D    322
     110     250       0       0       0       0       0       000010000D    323
     110       1       0       1       0                               0D    324
     110     251       0       0       0       0       0       000010000D    325
     110       1       0       1       0                               0D    326
     110     252       0       0       0       0       0       000010000D    327
     110       1       0       1       0                               0D    328
     110     253       0       0       0       0       0       000010000D    329
     110       1       0       1       0                               0D    330
     504     254       0       0       0       0       0       000010000D    331
     504       1       0      31       1                               0D    332
     128     285       0       0       0       0       0       000010000D    333
     128       1       0       3       0                               0D    334
     126     288       0       0       0       0       0       001010500D    335
     126       1       0       2       0                               0D    336
     126     290       0       0       0       0       0       001010500D    337
     126       1       0       2       0                               0D    338
     126     292       0       0       0       0       0       001010500D    339
     126       1       0       2       0                               0D    340
     126     294       0       0       0       0       0       001010500D    341
     126       1       0       2       0                               0D    342
     126     296       0       0       0       0       0       001010500D    343
     126       1       0       2       0                               0D    344
     126     298       0       0       0       0       0       001010500D    345
     126       1       0       2       0                               0D    346
     126     300       0       0       0       0       0       001010500D    347
     126       1       0       2       0                               0D    348
     126     302       0       0       0       0       0       001010500D    349
     126       1       0      28       0                               0D    350
     508     330       0       0       0       0       0       000010000D    351
     508       1       0       3       1                               0D    352
     126     333       0       0       0       0       0       001010500D    353
     126       1       0      29       0                               0D    354
     126     362       0       0       0       0       0       001010500D    355
     126       1       0      29       0                               0D    356
     508     391       0       0       0       0       0       000010000D    357
     508       1       0       1       1                               0D    358
     314     392       0       0       0       0       0       001000200D    359
     314       1       0       1       0                               0D    360
     510     393       0       0       0       0       0       000010000D    361
     510       1    -359       1       1                               0D    362
     128     394       0       0       0       0       0       000010000D    363
     128       1       0       2       0                               0D    364
     126     396       0       0       0       0       0       001010500D    365
     126       1       0      16       0                               0D    366
     126     412       0       0       0       0       0       001010500D    367
     126       1       0       1       0                               0D    368
     126     413       0       0       0       0       0       001010500D    369
     126       1       0       2       0                               0D    370
     126     415       0       0       0       0       0       001010500D    371
     126       1       0       2       0                               0D    372
     126     417       0       0       0       0       0       001010500D    373
     126       1       0       3       0                               0D    374
     126     420       0       0       0       0       0       001010500D    375
     126       1       0       2       0                               0D    376
     126     422       0       0       0       0       0       001010500D    377
     126       1       0       2       0                               0D    378
     126     424       0       0       0       0       0       001010500D    379
     126       1       0       2       0                               0D    380
     126     426       0       0       0       0       0       001010500D    381
     126       1       0      15       0                               0D    382
     126     441       0       0       0       0       0       001010500D    383
     126       1       0       2       0                               0D    384
     508     443       0       0       0       0       0       000010000D    385
     508       1       0       4       1                               0D    386
     510     447       0       0       0       0       0       000010000D    387
     510       1    -359       1       1                               0D    388
     128     448       0       0       0       0       0       000010000D    389
     128       1       0       2       0                               0D    390
     126     450       0       0       0       0       0       001010500D    391
     126       1       0       1       0                               0D    392
     126     451       0       0       0       0       0       001010500D    393
     126       1       0       1       0                               0D    394
     126     452       0       0       0       0       0       001010500D    395
     126       1       0       1       0                               0D    396
     126     453       0       0       0       0       0       001010500D    397
     126       1       0       1       0                               0D    398
     508     454       0       0       0       0       0       000010000D    399
     508       1       0       2       1                               0D    400
     126     456       0       0       0       0       0       001010500D    401
     126       1       0       3       0                               0D    402
     126     459       0       0       0       0       0       001010500D    403
     126       1       0       3       0                               0D    404
     126     462       0       0       0       0       0       001010500D    405
     126       1       0       3       0                               0D    406
     126     465       0       0       0       0       0       001010500D    407
     126       1       0       2       0                               0D    408
     508     467       0       0       0       0       0       000010000D    409
     508       1       0       2       1                               0D    410
     510     469       0       0       0       0       0       000010000D    411
     510       1    -359       1       1                               0D    412
     128     470       0       0       0       0       0       000010000D    413
     128       1       0       2       0                               0D    414
     126     472       0       0       0       0       0       001010500D    415
     126       1       0       1       0                               0D    416
     126     473       0       0       0       0       0       001010500D    417
     126       1       0       1       0                               0D    418
     126     474       0       0       0       0       0       001010500D    419
     126       1       0       1       0                               0D    420
     126     475       0       0       0       0       0       001010500D    421
     126       1       0       1       0                               0D    422
     508     476       0       0       0       0       0       000010000D    423
     508       1       0       2       1                               0D    424
     510     478       0       0       0       0       0       000010000D    425
     510       1    -359       1       1                               0D    426
     128     479       0       0       0       0       0       000010000D    427
     128       1       0       2       0                               0D    428
     126     481       0       0       0       0       0       001010500D    429
     126       1       0       1       0                               0D    430
     126     482       0       0       0       0       0       001010500D    431
     126       1       0       1       0                               0D    432
     126     483       0       0       0       0       0       001010500D    433
     126       1       0       1       0                               0D    434
     126     484       0       0       0       0       0       001010500D    435
     126       1       0       1       0                               0D    436
     508     485       0       0       0       0       0       000010000D    437
     508       1       0       2       1                               0D    438
     510     487       0       0       0       0       0       000010000D    439
     510       1    -359       1       1                               0D    440
     128     488       0       0       0       0       0       000010000D    441
     128       1       0       3       0                               0D    442
     126     491       0       0       0       0       0       001010500D    443
     126       1       0       1       0                               0D    444
     126     492       0       0       0       0       0       001010500D    445
     126       1       0       1       0                               0D    446
     126     493       0       0       0       0       0       001010500D    447
     126       1       0       1       0                               0D    448
     126     494       0       0       0       0       0       001010500D    449
     126       1       0       1       0                               0D    450
     508     495       0       0       0       0       0       000010000D    451
     508       1       0       2       1                               0D    452
     510     497       0       0       0       0       0       000010000D    453
     510       1    -359       1       1                               0D    454
     128     498       0       0       0       0       0       000010000D    455
     128       1       0       2       0                               0D    456
     126     500       0       0       0       0       0       001010500D    457
     126       1       0       2       0                               0D    458
     126     502       0       0       0       0       0       001010500D    459
     126       1       0       2       0                               0D    460
     126     504       0       0       0       0       0       001010500D    461
     126       1       0       2       0                               0D    462
     126     506       0       0       0       0       0       001010500D    463
     126       1       0       2       0                               0D    464
     126     508       0       0       0       0       0       001010500D    465
     126       1       0       2       0                               0D    466
     126     510       0       0       0       0       0       001010500D    467
     126       1       0       2       0                               0D    468
     126     512       0       0       0       0       0       001010500D    469
     126       1       0       2       0                               0D    470
     126     514       0       0       0       0       0       001010500D    471
     126       1       0       2       0                               0D    472
     126     516       0       0       0       0       0       001010500D    473
     126       1       0       2       0                               0D    474
     126     518       0       0       0       0       0       001010500D    475
     126       1       0       2       0                               0D    476
     126     520       0       0       0       0       0       001010500D    477
     126       1       0       2       0                               0D    478
     126     522       0       0       0       0       0       001010500D    479
     126       1       0       2       0                               0D    480
     508     524       0       0       0       0       0       000010000D    481
     508       1       0       4       1                               0D    482
     510     528       0       0       0       0       0       000010000D    483
     510       1    -359       1       1                               0D    484
     128     529       0       0       0       0       0       000010000D    485
     128       1       0       2       0                               0D    486
     126     531       0       0       0       0       0       001010500D    487
     126       1       0       2       0                               0D    488
     126     533       0       0       0       0       0       001010500D    489
     126       1       0       2       0                               0D    490
     126     535       0       0       0       0       0       001010500D    491
     126       1       0       2       0                               0D    492
     126     537       0       0       0       0       0       001010500D    493
     126       1       0       2       0                               0D    494
     126     539       0       0       0       0       0       001010500D    495
     126       1       0       2       0                               0D    496
     126     541       0       0       0       0       0       001010500D    497
     126       1       0       2       0                               0D    498
     126     543       0       0       0       0       0       001010500D    499
     126       1       0       2       0                               0D    500
     126     545       0       0       0       0       0       001010500D    501
     126       1       0       2       0                               0D    502
     126     547       0       0       0       0       0       001010500D    503
     126       1       0       2       0                               0D    504
     126     549       0       0       0       0       0       001010500D    505
     126       1       0       2       0                               0D    506
     126     551       0       0       0       0       0       001010500D    507
     126       1       0       2       0                               0D    508
     126     553       0       0       0       0       0       001010500D    509
     126       1       0       2       0                               0D    510
     508     555       0       0       0       0       0       000010000D    511
     508       1       0       4       1                               0D    512
     510     559       0       0       0       0       0       000010000D    513
     510       1    -359       1       1                               0D    514
     110     560       0       0       0       0       0       001010000D    515
     110       1       0       1       0                               0D    516
     110     561       0       0       0       0       0       001010001D    517
     110       1       0       1       0                               0D    518
     120     562       0       0       0       0       0       000010000D    519
     120       1       0       1       0                               0D    520
     126     563       0       0       0       0       0       001010500D    521
     126       1       0       2       0                               0D    522
     126     565       0       0       0       0       0       001010500D    523
     126       1       0       2       0                               0D    524
     126     567       0       0       0       0       0       001010500D    525
     126       1       0       2       0                               0D    526
     126     569       0       0       0       0       0       001010500D    527
     126       1       0       2       0                               0D    528
     508     571       0       0       0       0       0       000010000D    529
     508       1       0       2       1                               0D    530
     510     573       0       0       0       0       0       000010000D    531
     510       1    -359       1       1                               0D    532
     110     574       0       0       0       0       0       001010000D    533
     110       1       0       1       0                               0D    534
     110     575       0       0       0       0       0       001010001D    535
     110       1       0       1       0                               0D    536
     120     576       0       0       0       0       0       000010000D    537
     120       1       0       1       0                               0D    538
     126     577       0       0       0       0       0       001010500D    539
     126       1       0       2       0                               0D    540
     126     579       0       0       0       0       0       001010500D    541
     126       1       0       2       0                               0D    542
     126     581       0       0       0       0       0       001010500D    543
     126       1       0       1       0                               0D    544
     126     582       0       0       0       0       0       001010500D    545
     126       1       0       2       0                               0D    546
     508     584       0       0       0       0       0       000010000D    547
     508       1       0       2       1                               0D    548
     510     586       0       0       0       0       0       000010000D    549
     510       1    -359       1       1                               0D    550
     128     587       0       0       0       0       0       000010000D    551
     128       1       0       2       0                               0D    552
     126     589       0       0       0       0       0       001010500D    553
     126       1       0       1       0                               0D    554
     126     590       0       0       0       0       0       001010500D    555
     126       1       0       1       0                               0D    556
     126     591       0       0       0       0       0       001010500D    557
     126       1       0       1       0                               0D    558
     126     592       0       0       0       0       0       001010500D    559
     126       1       0       1       0                               0D    560
     508     593       0       0       0       0       0       000010000D    561
     508       1       0       2       1                               0D    562
     510     595       0       0       0       0       0       000010000D    563
     510       1    -359       1       1                               0D    564
     128     596       0       0       0       0       0       000010000D    565
     128       1       0       2       0                               0D    566
     126     598       0       0       0       0       0       001010500D    567
     126       1       0       1       0                               0D    568
     126     599       0       0       0       0       0       001010500D    569
     126       1       0       1       0                               0D    570
     126     600       0       0       0       0       0       001010500D    571
     126       1       0       1       0                               0D    572
     126     601       0       0       0       0       0       001010500D    573
     126       1       0       1       0                               0D    574
     508     602       0       0       0       0       0       000010000D    575
     508       1       0       2       1                               0D    576
     510     604       0       0       0       0       0       000010000D    577
     510       1    -359       1       1                               0D    578
     128     605       0       0       0       0       0       000010000D    579
     128       1       0       2       0                               0D    580
     126     607       0       0       0       0       0       001010500D    581
     126       1       0       1       0                               0D    582
     126     608       0       0       0       0       0       001010500D    583
     126       1       0       1       0                               0D    584
     126     609       0       0       0       0       0       001010500D    585
     126       1       0       1       0                               0D    586
     126     610       0       0       0       0       0       001010500D    587
     126       1       0       1       0                               0D    588
     508     611       0       0       0       0       0       000010000D    589
     508       1       0       2       1                               0D    590
     510     613       0       0       0       0       0       000010000D    591
     510       1    -359       1       1                               0D    592
     128     614       0       0       0       0       0       000010000D    593
     128       1       0       2       0                               0D    594
     126     616       0       0       0       0       0       001010500D    595
     126       1       0       1       0                               0D    596
     126     617       0       0       0       0       0       001010500D    597
     126       1       0       1       0                               0D    598
     126     618       0       0       0       0       0       001010500D    599
     126       1       0       1       0                               0D    600
     126     619       0       0       0       0       0       001010500D    601
     126       1       0       1       0                               0D    602
     508     620       0       0       0       0       0       000010000D    603
     508       1       0       2       1                               0D    604
     126     622       0       0       0       0       0       001010500D    605
     126       1       0       2       0                               0D    606
     126     624       0       0       0       0       0       001010500D    607
     126       1       0       3       0                               0D    608
     126     627       0       0       0       0       0       001010500D    609
     126       1       0       3       0                               0D    610
     126     630       0       0       0       0       0       001010500D    611
     126       1       0       3       0                               0D    612
     126     633       0       0       0       0       0       001010500D    613
     126       1       0       3       0                               0D    614
     126     636       0       0       0       0       0       001010500D    615
     126       1       0       3       0                               0D    616
     126     639       0       0       0       0       0       001010500D    617
     126       1       0       2       0                               0D    618
     126     641       0       0       0       0       0       001010500D    619
     126       1       0       2       0                               0D    620
     508     643       0       0       0       0       0       000010000D    621
     508       1       0       3       1                               0D    622
     510     646       0       0       0       0       0       000010000D    623
     510       1    -359       1       1                               0D    624
     128     647       0       0       0       0       0       000010000D    625
     128       1       0       2       0                               0D    626
     126     649       0       0       0       0       0       001010500D    627
     126       1       0       1       0                               0D    628
     126     650       0       0       0       0       0       001010500D    629
     126       1       0       1       0                               0D    630
     126     651       0       0       0       0       0       001010500D    631
     126       1       0       1       0                               0D    632
     126     652       0       0       0       0       0       001010500D    633
     126       1       0       1       0                               0D    634
     508     653       0       0       0       0       0       000010000D    635
     508       1       0       2       1                               0D    636
     510     655       0       0       0       0       0       000010000D    637
     510       1    -359       1       1                               0D    638
     128     656       0       0       0       0       0       000010000D    639
     128       1       0       2       0                               0D    640
     126     658       0       0       0       0       0       001010500D    641
     126       1       0      27       0                               0D    642
     126     685       0       0       0       0       0       001010500D    643
     126       1       0       1       0                               0D    644
     126     686       0       0       0       0       0       001010500D    645
     126       1       0       1       0                               0D    646
     126     687       0       0       0       0       0       001010500D    647
     126       1       0       1       0                               0D    648
     508     688       0       0       0       0       0       000010000D    649
     508       1       0       2       1                               0D    650
     126     690       0       0       0       0       0       001010500D    651
     126       1       0      28       0                               0D    652
     126     718       0       0       0       0       0       001010500D    653
     126       1       0      28       0                               0D    654
     508     746       0       0       0       0       0       000010000D    655
     508       1       0       1       1                               0D    656
     510     747       0       0       0       0       0       000010000D    657
     510       1    -359       1       1                               0D    658
     128     748       0       0       0       0       0       000010000D    659
     128       1       0       2       0                               0D    660
     126     750       0       0       0       0       0       001010500D    661
     126       1       0      15       0                               0D    662
     126     765       0       0       0       0       0       001010500D    663
     126       1       0       1       0                               0D    664
     126     766       0       0       0       0       0       001010500D    665
     126       1       0      15       0                               0D    666
     126     781       0       0       0       0       0       001010500D    667
     126       1       0       1       0                               0D    668
     126     782       0       0       0       0       0       001010500D    669
     126       1       0       1       0                               0D    670
     126     783       0       0       0       0       0       001010500D    671
     126       1       0       1       0                               0D    672
     508     784       0       0       0       0       0       000010000D    673
     508       1       0       2       1                               0D    674
     510     786       0       0       0       0       0       000010000D    675
     510       1    -359       1       1                               0D    676
     128     787       0       0       0       0       0       000010000D    677
     128       1       0       2       0                               0D    678
     126     789       0       0       0       0       0       001010500D    679
     126       1       0       1       0                               0D    680
     126     790       0       0       0       0       0       001010500D    681
     126       1       0       1       0                               0D    682
     126     791       0       0       0       0       0       001010500D    683
     126       1       0       1       0                               0D    684
     126     792       0       0       0       0       0       001010500D    685
     126       1       0       1       0                               0D    686
     508     793       0       0       0       0       0       000010000D    687
     508       1       0       2       1                               0D    688
     126     795       0       0       0       0       0       001010500D    689
     126       1       0       2       0                               0D    690
     126     797       0       0       0       0       0       001010500D    691
     126       1       0       3       0                               0D    692
     126     800       0       0       0       0       0       001010500D    693
     126       1       0       3       0                               0D    694
     126     803       0       0       0       0       0       001010500D    695
     126       1       0       2       0                               0D    696
     126     805       0       0       0       0       0       001010500D    697
     126       1       0       2       0                               0D    698
     126     807       0       0       0       0       0       001010500D    699
     126       1       0       2       0                               0D    700
     126     809       0       0       0       0       0       001010500D    701
     126       1       0       3       0                               0D    702
     126     812       0       0       0       0       0       001010500D    703
     126       1       0       3       0                               0D    704
     508     815       0       0       0       0       0       000010000D    705
     508       1       0       3       1                               0D    706
     510     818       0       0       0       0       0       000010000D    707
     510       1    -359       1       1                               0D    708
     128     819       0       0       0       0       0       000010000D    709
     128       1       0       2       0                               0D    710
     126     821       0       0       0       0       0       001010500D    711
     126       1       0      16       0                               0D    712
     126     837       0       0       0       0       0       001010500D    713
     126       1       0       2       0                               0D    714
     126     839       0       0       0       0       0       001010500D    715
     126       1       0       2       0                               0D    716
     126     841       0       0       0       0       0       001010500D    717
     126       1       0       2       0                               0D    718
     126     843       0       0       0       0       0       001010500D    719
     126       1       0       2       0                               0D    720
     126     845       0       0       0       0       0       001010500D    721
     126       1       0       2       0                               0D    722
     126     847       0       0       0       0       0       001010500D    723
     126       1       0       2       0                               0D    724
     126     849       0       0       0       0       0       001010500D    725
     126       1       0       1       0                               0D    726
     126     850       0       0       0       0       0       001010500D    727
     126       1       0      15       0                               0D    728
     126     865       0       0       0       0       0       001010500D    729
     126       1       0       2       0                               0D    730
     508     867       0       0       0       0       0       000010000D    731
     508       1       0       4       1                               0D    732
     510     871       0       0       0       0       0       000010000D    733
     510       1    -359       1       1                               0D    734
     128     872       0       0       0       0       0       000010000D    735
     128       1       0       2       0                               0D    736
     126     874       0       0       0       0       0       001010500D    737
     126       1       0       2       0                               0D    738
     126     876       0       0       0       0       0       001010500D    739
     126       1       0       2       0                               0D    740
     126     878       0       0       0       0       0       001010500D    741
     126       1       0       2       0                               0D    742
     126     880       0       0       0       0       0       001010500D    743
     126       1       0       2       0                               0D    744
     126     882       0       0       0       0       0       001010500D    745
     126       1       0       2       0                               0D    746
     126     884       0       0       0       0       0       001010500D    747
     126       1       0       2       0                               0D    748
     126     886       0       0       0       0       0       001010500D    749
     126       1       0       2       0                               0D    750
     126     888       0       0       0       0       0       001010500D    751
     126       1       0      28       0                               0D    752
     508     916       0       0       0       0       0       000010000D    753
     508       1       0       3       1                               0D    754
     126     919       0       0       0       0       0       001010500D    755
     126       1       0      29       0                               0D    756
     126     948       0       0       0       0       0       001010500D    757
     126       1       0      29       0                               0D    758
     508     977       0       0       0       0       0       000010000D    759
     508       1       0       1       1                               0D    760
     510     978       0       0       0       0       0       000010000D    761
     510       1    -359       1       1                               0D    762
     110     979       0       0       0       0       0       001010000D    763
     110       1       0       1       0                               0D    764
     110     980       0       0       0       0       0       001010001D    765
     110       1       0       1       0                               0D    766
     120     981       0       0       0       0       0       000010000D    767
     120       1       0       1       0                               0D    768
     126     982       0       0       0       0       0       001010500D    769
     126       1       0       2       0                               0D    770
     126     984       0       0       0       0       0       001010500D    771
     126       1       0       2       0                               0D    772
     126     986       0       0       0       0       0       001010500D    773
     126       1       0       1       0                               0D    774
     126     987       0       0       0       0       0       001010500D    775
     126       1       0       2       0                               0D    776
     508     989       0       0       0       0       0       000010000D    777
     508       1       0       2       1                               0D    778
     510     991       0       0       0       0       0       000010000D    779
     510       1    -359       1       1                               0D    780
     128     992       0       0       0       0       0       000010000D    781
     128       1       0       2       0                               0D    782
     126     994       0       0       0       0       0       001010500D    783
     126       1       0      27       0                               0D    784
     126    1021       0       0       0       0       0       001010500D    785
     126       1       0       1       0                               0D    786
     126    1022       0       0       0       0       0       001010500D    787
     126       1       0       1       0                               0D    788
     126    1023       0       0       0       0       0       001010500D    789
     126       1       0       1       0                               0D    790
     508    1024       0       0       0       0       0       000010000D    791
     508       1       0       2       1                               0D    792
     126    1026       0       0       0       0       0       001010500D    793
     126       1       0      27       0                               0D    794
     126    1053       0       0       0       0       0       001010500D    795
     126       1       0      27       0                               0D    796
     508    1080       0       0       0       0       0       000010000D    797
     508       1       0       1       1                               0D    798
     510    1081       0       0       0       0       0       000010000D    799
     510       1    -359       1       1                               0D    800
     128    1082       0       0       0       0       0       000010000D    801
     128       1       0       2       0                               0D    802
     126    1084       0       0       0       0       0       001010500D    803
     126       1       0      16       0                               0D    804
     126    1100       0       0       0       0       0       001010500D    805
     126       1       0       2       0                               0D    806
     126    1102       0       0       0       0       0       001010500D    807
     126       1       0      15       0                               0D    808
     126    1117       0       0       0       0       0       001010500D    809
     126       1       0       2       0                               0D    810
     126    1119       0       0       0       0       0       001010500D    811
     126       1       0       1       0                               0D    812
     126    1120       0       0       0       0       0       001010500D    813
     126       1       0       1       0                               0D    814
     508    1121       0       0       0       0       0       000010000D    815
     508       1       0       2       1                               0D    816
     510    1123       0       0       0       0       0       000010000D    817
     510       1    -359       1       1                               0D    818
     128    1124       0       0       0       0       0       000010000D    819
     128       1       0       2       0                               0D    820
     126    1126       0       0       0       0       0       001010500D    821
     126       1       0       1       0                               0D    822
     126    1127       0       0       0       0       0       001010500D    823
     126       1       0       1       0                               0D    824
     126    1128       0       0       0       0       0       001010500D    825
     126       1       0       1       0                               0D    826
     126    1129       0       0       0       0       0       001010500D    827
     126       1       0       1       0                               0D    828
     508    1130       0       0       0       0       0       000010000D    829
     508       1       0       2       1                               0D    830
     126    1132       0       0       0       0       0       001010500D    831
     126       1       0       2       0                               0D    832
     126    1134       0       0       0       0       0       001010500D    833
     126       1       0       2       0                               0D    834
     126    1136       0       0       0       0       0       001010500D    835
     126       1       0       3       0                               0D    836
     126    1139       0       0       0       0       0       001010500D    837
     126       1       0       2       0                               0D    838
     508    1141       0       0       0       0       0       000010000D    839
     508       1       0       2       1                               0D    840
     510    1143       0       0       0       0       0       000010000D    841
     510       1    -359       1       1                               0D    842
     128    1144       0       0       0       0       0       000010000D    843
     128       1       0       4       0                               0D    844
     126    1148       0       0       0       0       0       001010500D    845
     126       1       0       2       0                               0D    846
     126    1150       0       0       0       0       0       001010500D    847
     126       1       0       2       0                               0D    848
     126    1152       0       0       0       0       0       001010500D    849
     126       1       0       1       0                               0D    850
     126    1153       0       0       0       0       0       001010500D    851
     126       1       0       1       0                               0D    852
     508    1154       0       0       0       0       0       000010000D    853
     508       1       0       2       1                               0D    854
     510    1156       0       0       0       0       0       000010000D    855
     510       1    -359       1       1                               0D    856
     128    1157       0       0       0       0       0       000010000D    857
     128       1       0       4       0                               0D    858
     126    1161       0       0       0       0       0       001010500D    859
     126       1       0       1       0                               0D    860
     126    1162       0       0       0       0       0       001010500D    861
     126       1       0       1       0                               0D    862
     126    1163       0       0       0       0       0       001010500D    863
     126       1       0       1       0                               0D    864
     126    1164       0       0       0       0       0       001010500D    865
     126       1       0       1       0                               0D    866
     508    1165       0       0       0       0       0       000010000D    867
     508       1       0       2       1                               0D    868
     510    1167       0       0       0       0       0       000010000D    869
     510       1    -359       1       1                               0D    870
     128    1168       0       0       0       0       0       000010000D    871
     128       1       0       3       0                               0D    872
     126    1171       0       0       0       0       0       001010500D    873
     126       1       0       1       0                               0D    874
     126    1172       0       0       0       0       0       001010500D    875
     126       1       0       1       0                               0D    876
     126    1173       0       0       0       0       0       001010500D    877
     126       1       0       1       0                               0D    878
     126    1174       0       0       0       0       0       001010500D    879
     126       1       0       1       0                               0D    880
     508    1175       0       0       0       0       0       000010000D    881
     508       1       0       2       1                               0D    882
     510    1177       0       0       0       0       0       000010000D    883
     510       1    -359       1       1                               0D    884
     128    1178       0       0       0       0       0       000010000D    885
     128       1       0       3       0                               0D    886
     126    1181       0       0       0       0       0       001010500D    887
     126       1       0       1       0                               0D    888
     126    1182       0       0       0       0       0       001010500D    889
     126       1       0       1       0                               0D    890
     126    1183       0       0       0       0       0       001010500D    891
     126       1       0       1       0                               0D    892
     126    1184       0       0       0       0       0       001010500D    893
     126       1       0       1       0                               0D    894
     508    1185       0       0       0       0       0       000010000D    895
     508       1       0       2       1                               0D    896
     510    1187       0       0       0       0       0       000010000D    897
     510       1    -359       1       1                               0D    898
     128    1188       0       0       0       0       0       000010000D    899
     128       1       0       3       0                               0D    900
     126    1191       0       0       0       0       0       001010500D    901
     126       1       0       1       0                               0D    902
     126    1192       0       0       0       0       0       001010500D    903
     126       1       0       1       0                               0D    904
     126    1193       0       0       0       0       0       001010500D    905
     126       1       0       1       0                               0D    906
     126    1194       0       0       0       0       0       001010500D    907
     126       1       0       1       0                               0D    908
     508    1195       0       0       0       0       0       000010000D    909
     508       1       0       2       1                               0D    910
     510    1197       0       0       0       0       0       000010000D    911
     510       1    -359       1       1                               0D    912
     128    1198       0       0       0       0       0       000010000D    913
     128       1       0       4       0                               0D    914
     126    1202       0       0       0       0       0       001010500D    915
     126       1       0       1       0                               0D    916
     126    1203       0       0       0       0       0       001010500D    917
     126       1       0       1       0                               0D    918
     126    1204       0       0       0       0       0       001010500D    919
     126       1       0       1       0                               0D    920
     126    1205       0       0       0       0       0       001010500D    921
     126       1       0       1       0                               0D    922
     508    1206       0       0       0       0       0       000010000D    923
     508       1       0       2       1                               0D    924
     510    1208       0       0       0       0       0       000010000D    925
     510       1    -359       1       1                               0D    926
     128    1209       0       0       0       0       0       000010000D    927
     128       1       0       4       0                               0D    928
     126    1213       0       0       0       0       0       001010500D    929
     126       1       0       1       0                               0D    930
     126    1214       0       0       0       0       0       001010500D    931
     126       1       0       1       0                               0D    932
     126    1215       0       0       0       0       0       001010500D    933
     126       1       0       2       0                               0D    934
     126    1217       0       0       0       0       0       001010500D    935
     126       1       0       1       0                               0D    936
     508    1218       0       0       0       0       0       000010000D    937
     508       1       0       2       1                               0D    938
     510    1220       0       0       0       0       0       000010000D    939
     510       1    -359       1       1                               0D    940
     128    1221       0       0       0       0       0       000010000D    941
     128       1       0       4       0                               0D    942
     126    1225       0       0       0       0       0       001010500D    943
     126       1       0       1       0                               0D    944
     126    1226       0       0       0       0       0       001010500D    945
     126       1       0       1       0                               0D    946
     126    1227       0       0       0       0       0       001010500D    947
     126       1       0       1       0                               0D    948
     126    1228       0       0       0       0       0       001010500D    949
     126       1       0       1       0                               0D    950
     508    1229       0       0       0       0       0       000010000D    951
     508       1       0       2       1                               0D    952
     510    1231       0       0       0       0       0       000010000D    953
     510       1    -359       1       1                               0D    954
     128    1232       0       0       0       0       0       000010000D    955
     128       1       0       3       0                               0D    956
     126    1235       0       0       0       0       0       001010500D    957
     126       1       0       1       0                               0D    958
     126    1236       0       0       0       0       0       001010500D    959
     126       1       0       1       0                               0D    960
     126    1237       0       0       0       0       0       001010500D    961
     126       1       0       1       0                               0D    962
     126    1238       0       0       0       0       0       001010500D    963
     126       1       0       1       0                               0D    964
     508    1239       0       0       0       0       0       000010000D    965
     508       1       0       2       1                               0D    966
     510    1241       0       0       0       0       0       000010000D    967
     510       1    -359       1       1                               0D    968
     128    1242       0       0       0       0       0       000010000D    969
     128       1       0       3       0                               0D    970
     126    1245       0       0       0       0       0       001010500D    971
     126       1       0       1       0                               0D    972
     126    1246       0       0       0       0       0       001010500D    973
     126       1       0       1       0                               0D    974
     126    1247       0       0       0       0       0       001010500D    975
     126       1       0       1       0                               0D    976
     126    1248       0       0       0       0       0       001010500D    977
     126       1       0       1       0                               0D    978
     508    1249       0       0       0       0       0       000010000D    979
     508       1       0       2       1                               0D    980
     510    1251       0       0       0       0       0       000010000D    981
     510       1    -359       1       1                               0D    982
     128    1252       0       0       0       0       0       000010000D    983
     128       1       0       4       0                               0D    984
     126    1256       0       0       0       0       0       001010500D    985
     126       1       0       1       0                               0D    986
     126    1257       0       0       0       0       0       001010500D    987
     126       1       0       1       0                               0D    988
     126    1258       0       0       0       0       0       001010500D    989
     126       1       0       1       0                               0D    990
     126    1259       0       0       0       0       0       001010500D    991
     126       1       0       1       0                               0D    992
     508    1260       0       0       0       0       0       000010000D    993
     508       1       0       2       1                               0D    994
     510    1262       0       0       0       0       0       000010000D    995
     510       1    -359       1       1                               0D    996
     128    1263       0       0       0       0       0       000010000D    997
     128       1       0       4       0                               0D    998
     126    1267       0       0       0       0       0       001010500D    999
     126       1       0       1       0                               0D   1000
     126    1268       0       0       0       0       0       001010500D   1001
     126       1       0       1       0                               0D   1002
     126    1269       0       0       0       0       0       001010500D   1003
     126       1       0       1       0                               0D   1004
     126    1270       0       0       0       0       0       001010500D   1005
     126       1       0       1       0                               0D   1006
     508    1271       0       0       0       0       0       000010000D   1007
     508       1       0       2       1                               0D   1008
     510    1273       0       0       0       0       0       000010000D   1009
     510       1    -359       1       1                               0D   1010
     128    1274       0       0       0       0       0       000010000D   1011
     128       1       0       4       0                               0D   1012
     126    1278       0       0       0       0       0       001010500D   1013
     126       1       0       1       0                               0D   1014
     126    1279       0       0       0       0       0       001010500D   1015
     126       1       0       1       0                               0D   1016
     126    1280       0       0       0       0       0       001010500D   1017
     126       1       0       1       0                               0D   1018
     126    1281       0       0       0       0       0       001010500D   1019
     126       1       0       1       0                               0D   1020
     508    1282       0       0       0       0       0       000010000D   1021
     508       1       0       2       1                               0D   1022
     510    1284       0       0       0       0       0       000010000D   1023
     510       1    -359       1       1                               0D   1024
     128    1285       0       0       0       0       0       000010000D   1025
     128       1       0       4       0                               0D   1026
     126    1289       0       0       0       0       0       001010500D   1027
     126       1       0       1       0                               0D   1028
     126    1290       0       0       0       0       0       001010500D   1029
     126       1       0       1       0                               0D   1030
     126    1291       0       0       0       0       0       001010500D   1031
     126       1       0       1       0                               0D   1032
     126    1292       0       0       0       0       0       001010500D   1033
     126       1       0       1       0                               0D   1034
     508    1293       0       0       0       0       0       000010000D   1035
     508       1       0       2       1                               0D   1036
     510    1295       0       0       0       0       0       000010000D   1037
     510       1    -359       1       1                               0D   1038
     128    1296       0       0       0       0       0       000010000D   1039
     128       1       0       4       0                               0D   1040
     126    1300       0       0       0       0       0       001010500D   1041
     126       1       0       1       0                               0D   1042
     126    1301       0       0       0       0       0       001010500D   1043
     126       1       0       1       0                               0D   1044
     126    1302       0       0       0       0       0       001010500D   1045
     126       1       0       1       0                               0D   1046
     126    1303       0       0       0       0       0       001010500D   1047
     126       1       0       1       0                               0D   1048
     508    1304       0       0       0       0       0       000010000D   1049
     508       1       0       2       1                               0D   1050
     510    1306       0       0       0       0       0       000010000D   1051
     510       1    -359       1       1                               0D   1052
     128    1307       0       0       0       0       0       000010000D   1053
     128       1       0       3       0                               0D   1054
     126    1310       0       0       0       0       0       001010500D   1055
     126       1       0       1       0                               0D   1056
     126    1311       0       0       0       0       0       001010500D   1057
     126       1       0       1       0                               0D   1058
     126    1312       0       0       0       0       0       001010500D   1059
     126       1       0       1       0                               0D   1060
     126    1313       0       0       0       0       0       001010500D   1061
     126       1       0       1       0                               0D   1062
     508    1314       0       0       0       0       0       000010000D   1063
     508       1       0       2       1                               0D   1064
     510    1316       0       0       0       0       0       000010000D   1065
     510       1    -359       1       1                               0D   1066
     128    1317       0       0       0       0       0       000010000D   1067
     128       1       0       2       0                               0D   1068
     126    1319       0       0       0       0       0       001010500D   1069
     126       1       0       1       0                               0D   1070
     126    1320       0       0       0       0       0       001010500D   1071
     126       1       0       1       0                               0D   1072
     126    1321       0       0       0       0       0       001010500D   1073
     126       1       0       1       0                               0D   1074
     126    1322       0       0       0       0       0       001010500D   1075
     126       1       0       1       0                               0D   1076
     508    1323       0       0       0       0       0       000010000D   1077
     508       1       0       2       1                               0D   1078
     510    1325       0       0       0       0       0       000010000D   1079
     510       1    -359       1       1                               0D   1080
     128    1326       0       0       0       0       0       000010000D   1081
     128       1       0       2       0                               0D   1082
     126    1328       0       0       0       0       0       001010500D   1083
     126       1       0       1       0                               0D   1084
     126    1329       0       0       0       0       0       001010500D   1085
     126       1       0       1       0                               0D   1086
     126    1330       0       0       0       0       0       001010500D   1087
     126       1       0       1       0                               0D   1088
     126    1331       0       0       0       0       0       001010500D   1089
     126       1       0       1       0                               0D   1090
     508    1332       0       0       0       0       0       000010000D   1091
     508       1       0       2       1                               0D   1092
     510    1334       0       0       0       0       0       000010000D   1093
     510       1    -359       1       1                               0D   1094
     128    1335       0       0       0       0       0       000010000D   1095
     128       1       0       2       0                               0D   1096
     126    1337       0       0       0       0       0       001010500D   1097
     126       1       0       1       0                               0D   1098
     126    1338       0       0       0       0       0       001010500D   1099
     126       1       0       1       0                               0D   1100
     126    1339       0       0       0       0       0       001010500D   1101
     126       1       0       1       0                               0D   1102
     126    1340       0       0       0       0       0       001010500D   1103
     126       1       0       1       0                               0D   1104
     508    1341       0       0       0       0       0       000010000D   1105
     508       1       0       2       1                               0D   1106
     510    1343       0       0       0       0       0       000010000D   1107
     510       1    -359       1       1                               0D   1108
     110    1344       0       0       0       0       0       001010000D   1109
     110       1       0       2       0                               0D   1110
     110    1346       0       0       0       0       0       001010001D   1111
     110       1       0       1       0                               0D   1112
     120    1347       0       0       0       0       0       000010000D   1113
     120       1       0       1       0                               0D   1114
     126    1348       0       0       0       0       0       001010500D   1115
     126       1       0       2       0                               0D   1116
     126    1350       0       0       0       0       0       001010500D   1117
     126       1       0       2       0                               0D   1118
     126    1352       0       0       0       0       0       001010500D   1119
     126       1       0       1       0                               0D   1120
     126    1353       0       0       0       0       0       001010500D   1121
     126       1       0       2       0                               0D   1122
     508    1355       0       0       0       0       0       000010000D   1123
     508       1       0       2       1                               0D   1124
     510    1357       0       0       0       0       0       000010000D   1125
     510       1    -359       1       1                               0D   1126
     128    1358       0       0       0       0       0       000010000D   1127
     128       1       0       4       0                               0D   1128
     126    1362       0       0       0       0       0       001010500D   1129
     126       1       0       2       0                               0D   1130
     126    1364       0       0       0       0       0       001010500D   1131
     126       1       0       2       0                               0D   1132
     126    1366       0       0       0       0       0       001010500D   1133
     126       1       0       2       0                               0D   1134
     126    1368       0       0       0       0       0       001010500D   1135
     126       1       0       2       0                               0D   1136
     126    1370       0       0       0       0       0       001010500D   1137
     126       1       0       2       0                               0D   1138
     126    1372       0       0       0       0       0       001010500D   1139
     126       1       0       2       0                               0D   1140
     126    1374       0       0       0       0       0       001010500D   1141
     126       1       0       2       0                               0D   1142
     126    1376       0       0       0       0       0       001010500D   1143
     126       1       0       2       0                               0D   1144
     508    1378       0       0       0       0       0       000010000D   1145
     508       1       0       3       1                               0D   1146
     126    1381       0       0       0       0       0       001010500D   1147
     126       1       0       3       0                               0D   1148
     126    1384       0       0       0       0       0       001010500D   1149
     126       1       0       3       0                               0D   1150
     126    1387       0       0       0       0       0       001010500D   1151
     126       1       0       2       0                               0D   1152
     126    1389       0       0       0       0       0       001010500D   1153
     126       1       0       3       0                               0D   1154
     126    1392       0       0       0       0       0       001010500D   1155
     126       1       0       2       0                               0D   1156
     126    1394       0       0       0       0       0       001010500D   1157
     126       1       0       2       0                               0D   1158
     126    1396       0       0       0       0       0       001010500D   1159
     126       1       0       2       0                               0D   1160
     126    1398       0       0       0       0       0       001010500D   1161
     126       1       0       2       0                               0D   1162
     508    1400       0       0       0       0       0       000010000D   1163
     508       1       0       3       1                               0D   1164
     510    1403       0       0       0       0       0       000010000D   1165
     510       1    -359       1       1                               0D   1166
     110    1404       0       0       0       0       0       001010000D   1167
     110       1       0       1       0                               0D   1168
     110    1405       0       0       0       0       0       001010001D   1169
     110       1       0       1       0                               0D   1170
     120    1406       0       0       0       0       0       000010000D   1171
     120       1       0       1       0                               0D   1172
     126    1407       0       0       0       0       0       001010500D   1173
     126       1       0       2       0                               0D   1174
     126    1409       0       0       0       0       0       001010500D   1175
     126       1       0       1       0                               0D   1176
     126    1410       0       0       0       0       0       001010500D   1177
     126       1       0       1       0                               0D   1178
     126    1411       0       0       0       0       0       001010500D   1179
     126       1       0       1       0                               0D   1180
     508    1412       0       0       0       0       0       000010000D   1181
     508       1       0       2       1                               0D   1182
     510    1414       0       0       0       0       0       000010000D   1183
     510       1    -359       1       1                               0D   1184
     110    1415       0       0       0       0       0       001010000D   1185
     110       1       0       1       0                               0D   1186
     110    1416       0       0       0       0       0       001010001D   1187
     110       1       0       1       0                               0D   1188
     120    1417       0       0       0       0       0       000010000D   1189
     120       1       0       1       0                               0D   1190
     126    1418       0       0       0       0       0       001010500D   1191
     126       1       0       2       0                               0D   1192
     126    1420       0       0       0       0       0       001010500D   1193
     126       1       0       1       0                               0D   1194
     126    1421       0       0       0       0       0       001010500D   1195
     126       1       0       1       0                               0D   1196
     126    1422       0       0       0       0       0       001010500D   1197
     126       1       0       1       0                               0D   1198
     508    1423       0       0       0       0       0       000010000D   1199
     508       1       0       2       1                               0D   1200
     510    1425       0       0       0       0       0       000010000D   1201
     510       1    -359       1       1                               0D   1202
     110    1426       0       0       0       0       0       001010000D   1203
     110       1       0       1       0                               0D   1204
     110    1427       0       0       0       0       0       001010001D   1205
     110       1       0       1       0                               0D   1206
     120    1428       0       0       0       0       0       000010000D   1207
     120       1       0       1       0                               0D   1208
     126    1429       0       0       0       0       0       001010500D   1209
     126       1       0       2       0                               0D   1210
     126    1431       0       0       0       0       0       001010500D   1211
     126       1       0       1       0                               0D   1212
     126    1432       0       0       0       0       0       001010500D   1213
     126       1       0       1       0                               0D   1214
     126    1433       0       0       0       0       0       001010500D   1215
     126       1       0       1       0                               0D   1216
     508    1434       0       0       0       0       0       000010000D   1217
     508       1       0       2       1                               0D   1218
     510    1436       0       0       0       0       0       000010000D   1219
     510       1    -359       1       1                               0D   1220
     110    1437       0       0       0       0       0       001010000D   1221
     110       1       0       1       0                               0D   1222
     110    1438       0       0       0       0       0       001010001D   1223
     110       1       0       1       0                               0D   1224
     120    1439       0       0       0       0       0       000010000D   1225
     120       1       0       1       0                               0D   1226
     126    1440       0       0       0       0       0       001010500D   1227
     126       1       0       2       0                               0D   1228
     126    1442       0       0       0       0       0       001010500D   1229
     126       1       0       1       0                               0D   1230
     126    1443       0       0       0       0       0       001010500D   1231
     126       1       0       1       0                               0D   1232
     126    1444       0       0       0       0       0       001010500D   1233
     126       1       0       1       0                               0D   1234
     508    1445       0       0       0       0       0       000010000D   1235
     508       1       0       2       1                               0D   1236
     510    1447       0       0       0       0       0       000010000D   1237
     510       1    -359       1       1                               0D   1238
     110    1448       0       0       0       0       0       001010000D   1239
     110       1       0       1       0                               0D   1240
     110    1449       0       0       0       0       0       001010001D   1241
     110       1       0       1       0                               0D   1242
     120    1450       0       0       0       0       0       000010000D   1243
     120       1       0       1       0                               0D   1244
     126    1451       0       0       0       0       0       001010500D   1245
     126       1       0       2       0                               0D   1246
     126    1453       0       0       0       0       0       001010500D   1247
     126       1       0       2       0                               0D   1248
     126    1455       0       0       0       0       0       001010500D   1249
     126       1       0       2       0                               0D   1250
     126    1457       0       0       0       0       0       001010500D   1251
     126       1       0       1       0                               0D   1252
     508    1458       0       0       0       0       0       000010000D   1253
     508       1       0       2       1                               0D   1254
     510    1460       0       0       0       0       0       000010000D   1255
     510       1    -359       1       1                               0D   1256
     110    1461       0       0       0       0       0       001010000D   1257
     110       1       0       2       0                               0D   1258
     110    1463       0       0       0       0       0       001010001D   1259
     110       1       0       1       0                               0D   1260
     120    1464       0       0       0       0       0       000010000D   1261
     120       1       0       1       0                               0D   1262
     126    1465       0       0       0       0       0       001010500D   1263
     126       1       0       2       0                               0D   1264
     126    1467       0       0       0       0       0       001010500D   1265
     126       1       0       2       0                               0D   1266
     126    1469       0       0       0       0       0       001010500D   1267
     126       1       0       2       0                               0D   1268
     126    1471       0       0       0       0       0       001010500D   1269
     126       1       0       1       0                               0D   1270
     508    1472       0       0       0       0       0       000010000D   1271
     508       1       0       2       1                               0D   1272
     510    1474       0       0       0       0       0       000010000D   1273
     510       1    -359       1       1                               0D   1274
     514    1475       0       0       0       0       0       000010000D   1275
     514       1       0       6       1                               0D   1276
     186    1481       0       0       0       0       0       000010000D   1277
     186       1       0       1       0                               0D   1278
502,96,30,5.00000000000001,202,30,5.00000000000004,222,28,             1P      1
5.00000000000001,202,28,5.00000000000001,200,-28,5,200,-28,5,          1P      2
202,-30,5,202,-30,5,222,-5.00000000000001,5,227,                       1P      3
4.99999999999999,5,227,-30,27,202,-27,30,202,-22,28,202,22,28,         1P      4
202,30,27,202,27,30,202,-29,29,200,29,29,200,29,-29,200,-29,-29,       1P      5
200,22,28,200,-22,28,200,30,27,-202,30,4.50212443845799E-14,222,       1P      6
30,4.48130100471448E-15,202,30,-27,202,30,-27,-202,30,-5,-202,         1P      7
30,-5,-222,30,2.40888469208085E-15,-222,30,4.52170991092833E-15,       1P      8
-202,-30,-27,-202,-30,-27,202,-30,-3.0010036385476E-15,202,-30,        1P      9
-2.02044531069264E-17,222,-30,27,-202,-30,-3.04141254476146E-15,       1P     10
-202,-30,-1.22464679914735E-15,-222,-30,-5,-222,-30,-5,-202,           1P     11
4.99999999999999,1.53080849893419E-16,227,-5.00000000000001,0,         1P     12
227,-27,30,-202,27,30,-202,-29,29,-200,29,29,-200,29,-29,-200,         1P     13
-29,-29,-200,-19.9999999999999,-29,189.177226364086,                   1P     14
-23.9999999999999,-29,185.177226364086,-24,-29,                        1P     15
-184.822773635914,-20,-29,-188.822773635914,20,-29,                    1P     16
-188.822773635914,24,-29,-184.822773635914,24.0000000000001,-29,       1P     17
185.177226364086,20.0000000000001,-29,189.177226364086,-27,-30,        1P     18
202,27,-30,202,-27,-30,-202,27,-30,-202,20,-30,                        1P     19
-189.822773635914,-20,-30,-189.822773635914,-25,-30,                   1P     20
-184.822773635914,-24.9999999999999,-30,185.177226364086,              1P     21
-19.9999999999999,-30,190.177226364086,20.0000000000001,-30,           1P     22
190.177226364086,25.0000000000001,-30,185.177226364086,25,-30,         1P     23
-184.822773635914,-28,-5.00000000000001,-202,-22,-28,-202,22,          1P     24
-28,-202,28,-5,-202,28,-5,-200,-28,-5,-200,                            1P     25
-2.33301872474585E-15,-5,-232,-3.86135130113369E-15,-5,-222,           1P     26
-2.94534212431953E-15,-3.60700380494178E-31,-232,                      1P     27
-4.16751300092053E-15,-3.94430452610506E-31,-222,22,-28,-200,          1P     28
-22,-28,-200,-23.9999999999999,-29.5,185.177226364086,                 1P     29
-19.9999999999999,-29.5,189.177226364086,-24,-29.5,                    1P     30
-184.822773635914,-20,-29.5,-188.822773635914,20,-29.5,                1P     31
-188.822773635914,24,-29.5,-184.822773635914,24.0000000000001,         1P     32
-29.5,185.177226364086,20.0000000000001,-29.5,189.177226364086,        1P     33
20,-29.5,-189.822773635914,-20,-29.5,-189.822773635914,-25,            1P     34
-29.5,-184.822773635914,-24.9999999999999,-29.5,                       1P     35
185.177226364086,-19.9999999999999,-29.5,190.177226364086,             1P     36
20.0000000000001,-29.5,190.177226364086,25.0000000000001,-29.5,        1P     37
185.177226364086,25,-29.5,-184.822773635914;                           1P     38
110,30,5.00000000000001,202,30,5.00000000000001,222;                   3P     39
110,30,5.00000000000001,202,28,5.00000000000001,202;                   5P     40
110,28,5.00000000000001,200,28,5.00000000000001,202;                   7P     41
110,-28,5,200,28,5.00000000000001,200;                                 9P     42
110,-28,5.00000000000001,200,-28,5.00000000000001,202;                11P     43
110,-28,5,202,-30,5,202;                                              13P     44
110,-30,5,202,-30,5,222;                                              15P     45
124,-1,0,-5.9211894646675E-17,3.5527136788005E-15,                    17P     46
-5.9211894646675E-17,0,1,5,0,1,0,222;                                 17P     47
100,0,0,0,30,0,-30,2.43482113716476E-13;                              19P     48
124,1,0,-5.9211894646675E-17,-7.105427357601E-15,                     21P     49
5.9211894646675E-17,0,1,5,0,-1,0,227;                                 21P     50
100,0,0,0,5,0,-5,6.12323399573677E-16;                                23P     51
124,-1,0,-5.9211894646675E-17,-7.105427357601E-15,                    25P     52
-5.9211894646675E-17,0,1,5,0,1,0,227;                                 25P     53
100,0,0,0,5,0,-5,6.12323399573677E-16;                                27P     54
124,0,-1,0,-27,1,0,0,27,0,0,1,202;                                    29P     55
100,0,0,0,3,0,1.83697019872103E-16,3;                                 31P     56
110,-30,27,202,-30,5,202;                                             33P     57
110,-22,28,202,-28,5,202;                                             35P     58
110,22,28,202,-22,28,202;                                             37P     59
110,28,5.00000000000001,202,22,28,202;                                39P     60
110,30,5.00000000000001,202,30,27,202;                                41P     61
124,1,-3.5527136788005E-15,0,27,3.5527136788005E-15,1,0,27,0,0,       43P     62
1,202;                                                                43P     63
100,0,0,0,3,0,1.3506373315374E-14,3;                                  45P     64
110,27,30,202,-27,30,202;                                             47P     65
110,-29,29,200,29,29,200;                                             49P     66
110,29,29,200,29,-29,200;                                             51P     67
110,29,-29,200,-29,-29,200;                                           53P     68
110,-29,-29,200,-29,29,200;                                           55P     69
110,22,28,200,-22,28,200;                                             57P     70
110,-22,28,200,-28,5,200;                                             59P     71
110,28,5.00000000000001,200,22,28,200;                                61P     72
110,22,28,200,22,28,202;                                              63P     73
110,-22,28,200,-22,28,202;                                            65P     74
110,30,27,-202,30,27,202;                                             67P     75
110,30,8.17124146124115E-14,222,30,5.00000000000008,222;              69P     76
110,30,1.83697019872103E-15,202,30,1.83697019872103E-15,222;          71P     77
110,30,-27,202,30,7.105427357601E-15,202;                             73P     78
110,30,-27,-202,30,-27,202;                                           75P     79
110,30,-5,-202,30,-27,-202;                                           77P     80
110,30,-5,-202,30,-5,-222;                                            79P     81
110,30,-7.105427357601E-15,-222,30,-5,-222;                           81P     82
110,30,3.67394039744206E-15,-202,30,3.67394039744206E-15,-222;        83P     83
110,30,27,-202,30,7.105427357601E-15,-202;                            85P     84
110,-30,-27,-202,-30,-27,202;                                         87P     85
110,-30,-3.5527136788005E-15,202,-30,-27,202;                         89P     86
110,-30,0,202,-30,0,222;                                              91P     87
110,-30,5,222,-30,3.5527136788005E-15,222;                            93P     88
110,-30,27,-202,-30,27,202;                                           95P     89
110,-30,-3.5527136788005E-15,-202,-30,27,-202;                        97P     90
110,-30,0,-202,-30,0,-222;                                            99P     91
110,-30,-4.99999999999999,-222,-30,0,-222;                           101P     92
110,-30,-5,-202,-30,-5,-222;                                         103P     93
110,-30,-27,-202,-30,-5,-202;                                        105P     94
124,1,0,6.12323399573677E-17,3.5527136788005E-15,                    107P     95
6.12323399573677E-17,0,-1,3.94430452610506E-31,0,1,0,222;            107P     96
100,0,0,0,30,0,-30,3.67394039744206E-15;                             109P     97
110,4.99999999999999,0,227,4.99999999999999,5,227;                   111P     98
124,-1,0,-6.12323399573677E-17,-7.105427357601E-15,                  113P     99
-6.12323399573677E-17,0,1,-3.94430452610506E-31,0,1,0,227;           113P    100
100,0,0,0,5,0,-5,6.12323399573677E-16;                               115P    101
110,-5.00000000000001,0,227,-5.00000000000001,5,227;                 117P    102
110,-27,30,-202,-27,30,202;                                          119P    103
110,27,30,-202,27,30,202;                                            121P    104
110,-27,30,-202,27,30,-202;                                          123P    105
110,-29,29,-200,-29,29,200;                                          125P    106
110,29,29,-200,-29,29,-200;                                          127P    107
110,29,29,-200,29,29,200;                                            129P    108
110,29,-29,-200,29,29,-200;                                          131P    109
110,29,-29,-200,29,-29,200;                                          133P    110
110,-29,-29,-200,29,-29,-200;                                        135P    111
110,-29,-29,-200,-29,-29,200;                                        137P    112
110,-19.9999999999999,-29,189.177226364086,-23.9999999999999,        139P    113
-29,185.177226364086;                                                139P    114
110,-23.9999999999999,-29,185.177226364086,-24,-29,                  141P    115
-184.822773635914;                                                   141P    116
110,-24,-29,-184.822773635914,-20,-29,-188.822773635914;             143P    117
110,-20,-29,-188.822773635914,20,-29,-188.822773635914;              145P    118
110,20,-29,-188.822773635914,24,-29,-184.822773635914;               147P    119
110,24,-29,-184.822773635914,24.0000000000001,-29,                   149P    120
185.177226364086;                                                    149P    121
110,24.0000000000001,-29,185.177226364086,20.0000000000001,-29,      151P    122
189.177226364086;                                                    151P    123
110,20.0000000000001,-29,189.177226364086,-19.9999999999999,-29,     153P    124
189.177226364086;                                                    153P    125
110,-29,29,-200,-29,-29,-200;                                        155P    126
110,-30,-1.83697019872103E-15,202,30,1.83697019872103E-15,202;       157P    127
124,1,0,-6.12323399573677E-17,-7.105427357601E-15,                   159P    128
6.12323399573677E-17,0,1,-3.94430452610506E-31,0,-1,0,227;           159P    129
100,0,0,0,5,0,-5,6.12323399573677E-16;                               161P    130
124,-1,3.5527136788005E-15,0,-27,-3.5527136788005E-15,-1,0,-27,      163P    131
0,0,1,202;                                                           163P    132
100,0,0,0,3,0,1.08418380562736E-14,3;                                165P    133
110,-27,-30,202,27,-30,202;                                          167P    134
124,0,1,0,27,-1,0,0,-27,0,0,1,202;                                   169P    135
100,0,0,0,3.00000000000001,0,3.51436609374758E-15,                   171P    136
3.00000000000001;                                                    171P    137
110,-27,-30,-202,-27,-30,202;                                        173P    138
110,27,-30,-202,-27,-30,-202;                                        175P    139
110,27,-30,-202,27,-30,202;                                          177P    140
110,-20,-30,-189.822773635914,20,-30,-189.822773635914;              179P    141
110,-25,-30,-184.822773635914,-20,-30,-189.822773635914;             181P    142
110,-24.9999999999999,-30,185.177226364086,-25,-30,                  183P    143
-184.822773635914;                                                   183P    144
110,-19.9999999999999,-30,190.177226364086,-24.9999999999999,        185P    145
-30,185.177226364086;                                                185P    146
110,20.0000000000001,-30,190.177226364086,-19.9999999999999,-30,     187P    147
190.177226364086;                                                    187P    148
110,25.0000000000001,-30,185.177226364086,20.0000000000001,-30,      189P    149
190.177226364086;                                                    189P    150
110,25,-30,-184.822773635914,25.0000000000001,-30,                   191P    151
185.177226364086;                                                    191P    152
110,20,-30,-189.822773635914,25,-30,-184.822773635914;               193P    153
124,-4.736951571734E-15,-1,0,-27,-1,4.736951571734E-15,0,-27,0,      195P    154
0,-1,-202;                                                           195P    155
100,0,0,0,3,0,1.75031762040245E-14,3;                                197P    156
110,-28,-5,-202,-30,-5,-202;                                         199P    157
110,-22,-28,-202,-28,-5.00000000000001,-202;                         201P    158
110,22,-28,-202,-22,-28,-202;                                        203P    159
110,28,-5,-202,22,-28,-202;                                          205P    160
110,30,-5,-202,28,-5,-202;                                           207P    161
124,1,0,0,27,0,-1,0,-27,0,0,-1,-202;                                 209P    162
100,0,0,0,3.00000000000001,0,6.84503516762306E-15,                   211P    163
3.00000000000001;                                                    211P    164
110,28,-5,-200,28,-5,-202;                                           213P    165
110,-28,-5,-200,28,-5,-200;                                          215P    166
110,-28,-5.00000000000001,-200,-28,-5.00000000000001,-202;           217P    167
124,-1,0,8.88178419700125E-17,-3.5527136788005E-15,                  219P    168
-8.88178419700125E-17,0,-1,-5,0,-1,0,-222;                           219P    169
100,0,0,0,30,0,-30,3.67394039744206E-15;                             221P    170
124,6.12323399573677E-17,-1,-8.88178419700125E-17,                   223P    171
-3.5527136788005E-15,5.43852429378756E-33,-8.88178419700125E-17,     223P    172
1,-5,-1,-6.12323399573677E-17,0,-227;                                223P    173
100,0,0,0,5,0,-5,6.12323399573677E-16;                               225P    174
124,-1.83697019872103E-16,1,-8.88178419700125E-17,                   227P    175
-3.5527136788005E-15,-1.63155728813627E-32,8.88178419700125E-17,     227P    176
1,-5,1,1.83697019872103E-16,0,-227;                                  227P    177
100,0,0,0,5,0,-5,6.12323399573677E-16;                               229P    178
124,1,0,-1.22464679914735E-16,-1.06581410364015E-14,                 231P    179
1.22464679914735E-16,0,1,-1.57772181044202E-30,0,-1,0,-222;          231P    180
100,0,0,0,30,0,-30,3.67394039744206E-15;                             233P    181
110,-30,-3.67394039744206E-15,-202,30,3.67394039744206E-15,-202;     235P    182
124,-1.83697019872103E-16,1,-1.22464679914735E-16,                   237P    183
-3.5527136788005E-15,-2.24963967399279E-32,1.22464679914735E-16,     237P    184
1,-7.88860905221012E-31,1,1.83697019872103E-16,0,-227;               237P    185
100,0,0,0,5,0,-5,6.12323399573677E-16;                               239P    186
124,6.12323399573677E-17,-1,-1.22464679914735E-16,                   241P    187
-3.5527136788005E-15,7.49879891330929E-33,-1.22464679914735E-16,     241P    188
1,-7.88860905221012E-31,-1,-6.12323399573677E-17,0,-227;             241P    189
100,0,0,0,5,0,-5,6.12323399573677E-16;                               243P    190
124,-1,0,0,-27,0,1,0,27,0,0,-1,-202;                                 245P    191
100,0,0,0,3.00000000000001,0,-2.48083823922828E-15,                  247P    192
3.00000000000001;                                                    247P    193
124,1.1842378929335E-15,1,0,27,1,-1.1842378929335E-15,0,27,0,0,      249P    194
-1,-202;                                                             249P    195
100,0,0,0,3,0,5.51276753807285E-15,3;                                251P    196
110,22,-28,-200,-22,-28,-200;                                        253P    197
110,-22,-28,-200,-28,-5,-200;                                        255P    198
110,28,-5,-200,22,-28,-200;                                          257P    199
110,-19.9999999999999,-29.5,189.177226364086,-23.9999999999999,      259P    200
-29.5,185.177226364086;                                              259P    201
110,-23.9999999999999,-29,185.177226364086,-23.9999999999999,        261P    202
-29.5,185.177226364086;                                              261P    203
110,-19.9999999999999,-29,189.177226364086,-19.9999999999999,        263P    204
-29.5,189.177226364086;                                              263P    205
110,-23.9999999999999,-29.5,185.177226364086,-24,-29.5,              265P    206
-184.822773635914;                                                   265P    207
110,-24,-29,-184.822773635914,-24,-29.5,-184.822773635914;           267P    208
110,-24,-29.5,-184.822773635914,-20,-29.5,-188.822773635914;         269P    209
110,-20,-29,-188.822773635914,-20,-29.5,-188.822773635914;           271P    210
110,-20,-29.5,-188.822773635914,20,-29.5,-188.822773635914;          273P    211
110,20,-29,-188.822773635914,20,-29.5,-188.822773635914;             275P    212
110,20,-29.5,-188.822773635914,24,-29.5,-184.822773635914;           277P    213
110,24,-29,-184.822773635914,24,-29.5,-184.822773635914;             279P    214
110,24,-29.5,-184.822773635914,24.0000000000001,-29.5,               281P    215
185.177226364086;                                                    281P    216
110,24.0000000000001,-29,185.177226364086,24.0000000000001,          283P    217
-29.5,185.177226364086;                                              283P    218
110,24.0000000000001,-29.5,185.177226364086,20.0000000000001,        285P    219
-29.5,189.177226364086;                                              285P    220
110,20.0000000000001,-29,189.177226364086,20.0000000000001,          287P    221
-29.5,189.177226364086;                                              287P    222
110,20.0000000000001,-29.5,189.177226364086,-19.9999999999999,       289P    223
-29.5,189.177226364086;                                              289P    224
110,20,-29.5,-189.822773635914,20,-30,-189.822773635914;             291P    225
110,-20,-29.5,-189.822773635914,20,-29.5,-189.822773635914;          293P    226
110,-20,-29.5,-189.822773635914,-20,-30,-189.822773635914;           295P    227
110,-25,-29.5,-184.822773635914,-20,-29.5,-189.822773635914;         297P    228
110,-25,-29.5,-184.822773635914,-25,-30,-184.822773635914;           299P    229
110,-24.9999999999999,-29.5,185.177226364086,-25,-29.5,              301P    230
-184.822773635914;                                                   301P    231
110,-24.9999999999999,-29.5,185.177226364086,-24.9999999999999,      303P    232
-30,185.177226364086;                                                303P    233
110,-19.9999999999999,-29.5,190.177226364086,-24.9999999999999,      305P    234
-29.5,185.177226364086;                                              305P    235
110,-19.9999999999999,-29.5,190.177226364086,-19.9999999999999,      307P    236
-30,190.177226364086;                                                307P    237
110,20.0000000000001,-29.5,190.177226364086,-19.9999999999999,       309P    238
-29.5,190.177226364086;                                              309P    239
110,20.0000000000001,-29.5,190.177226364086,20.0000000000001,        311P    240
-30,190.177226364086;                                                311P    241
110,25.0000000000001,-29.5,185.177226364086,20.0000000000001,        313P    242
-29.5,190.177226364086;                                              313P    243
110,25.0000000000001,-29.5,185.177226364086,25.0000000000001,        315P    244
-30,185.177226364086;                                                315P    245
110,25,-29.5,-184.822773635914,25.0000000000001,-29.5,               317P    246
185.177226364086;                                                    317P    247
110,25,-29.5,-184.822773635914,25,-30,-184.822773635914;             319P    248
110,20,-29.5,-189.822773635914,25,-29.5,-184.822773635914;           321P    249
110,-22,-28,-200,-22,-28,-202;                                       323P    250
110,22,-28,-200,22,-28,-202;                                         325P    251
110,-4.16998892346688E-15,-5,-222,-4.78231232304056E-15,0,-222;      327P    252
110,-2.94534212431953E-15,-5,-232,-3.55766552389321E-15,0,-232;      329P    253
504,144,3,1,1,1,2,5,1,1,1,3,7,1,4,1,3,9,1,5,1,4,11,1,5,1,6,13,1,     331P    254
6,1,7,15,1,7,1,8,19,1,8,1,2,23,1,10,1,9,27,1,9,1,10,31,1,12,1,       331P    255
11,33,1,11,1,7,35,1,13,1,6,37,1,14,1,13,39,1,3,1,14,41,1,1,1,15,     331P    256
45,1,15,1,16,47,1,16,1,12,49,1,17,1,18,51,1,18,1,19,53,1,19,1,       331P    257
20,55,1,20,1,17,57,1,21,1,22,59,1,22,1,5,61,1,4,1,21,63,1,21,1,      331P    258
14,65,1,22,1,13,67,1,23,1,15,69,1,24,1,2,71,1,25,1,24,73,1,26,1,     331P    259
25,75,1,27,1,26,77,1,28,1,27,79,1,28,1,29,81,1,30,1,29,83,1,31,      331P    260
1,30,85,1,23,1,31,87,1,32,1,33,89,1,34,1,33,91,1,34,1,35,93,1,8,     331P    261
1,35,95,1,36,1,11,97,1,37,1,36,99,1,37,1,38,101,1,39,1,38,103,1,     331P    262
40,1,39,105,1,32,1,40,109,1,24,1,35,111,1,41,1,10,115,1,42,1,41,     331P    263
117,1,42,1,9,119,1,43,1,12,121,1,44,1,16,123,1,43,1,44,125,1,45,     331P    264
1,17,127,1,46,1,45,129,1,46,1,18,131,1,47,1,46,133,1,47,1,19,        331P    265
135,1,48,1,47,137,1,48,1,20,139,1,49,1,50,141,1,50,1,51,143,1,       331P    266
51,1,52,145,1,52,1,53,147,1,53,1,54,149,1,54,1,55,151,1,55,1,56,     331P    267
153,1,56,1,49,155,1,45,1,48,157,1,34,1,25,161,1,41,1,42,165,1,       331P    268
33,1,57,167,1,57,1,58,171,1,58,1,26,173,1,59,1,57,175,1,60,1,59,     331P    269
177,1,60,1,58,179,1,62,1,61,181,1,63,1,62,183,1,64,1,63,185,1,       331P    270
65,1,64,187,1,66,1,65,189,1,67,1,66,191,1,68,1,67,193,1,61,1,68,     331P    271
197,1,59,1,32,199,1,69,1,40,201,1,70,1,69,203,1,71,1,70,205,1,       331P    272
72,1,71,207,1,28,1,72,211,1,27,1,60,213,1,73,1,72,215,1,74,1,73,     331P    273
217,1,74,1,69,221,1,39,1,29,225,1,75,1,76,229,1,76,1,75,233,1,       331P    274
30,1,38,235,1,37,1,31,239,1,78,1,77,243,1,77,1,78,247,1,36,1,43,     331P    275
251,1,44,1,23,253,1,79,1,80,255,1,80,1,74,257,1,73,1,79,259,1,       331P    276
82,1,81,261,1,50,1,81,263,1,49,1,82,265,1,81,1,83,267,1,51,1,83,     331P    277
269,1,83,1,84,271,1,52,1,84,273,1,84,1,85,275,1,53,1,85,277,1,       331P    278
85,1,86,279,1,54,1,86,281,1,86,1,87,283,1,55,1,87,285,1,87,1,88,     331P    279
287,1,56,1,88,289,1,88,1,82,291,1,89,1,61,293,1,90,1,89,295,1,       331P    280
90,1,62,297,1,91,1,90,299,1,91,1,63,301,1,92,1,91,303,1,92,1,64,     331P    281
305,1,93,1,92,307,1,93,1,65,309,1,94,1,93,311,1,94,1,66,313,1,       331P    282
95,1,94,315,1,95,1,67,317,1,96,1,95,319,1,96,1,68,321,1,89,1,96,     331P    283
323,1,80,1,70,325,1,79,1,71,327,1,76,1,78,329,1,75,1,77;             331P    284
128,1,1,1,1,0,0,1,0,0,0,0,1,1,0,0,1,1,1,1,1,1,30,                    333P    285
5.00000000000001,200,-30,5,200,30,5.00000000000001,252,-30,5,        333P    286
252,0,1,0,1;                                                         333P    287
126,1,1,1,0,1,0,0,0,1,1,1,1,0,0.0384615384615385,0,0,                335P    288
0.423076923076923,0,0,1,0,0,1;                                       335P    289
126,1,1,1,0,1,0,0,0,1,1,1,1,0,0.0384615384615385,0,                  337P    290
0.0333333333333334,0.0384615384615385,0,0,1,0,0,1;                   337P    291
126,1,1,1,0,1,0,0,0,1,1,1,1,0.0333333333333333,0,0,                  339P    292
0.0333333333333333,0.0384615384615385,0,0,1,0,0,1;                   339P    293
126,1,1,1,0,1,0,0,0,1,1,1,1,0.966666666666667,0,0,                   341P    294
0.0333333333333333,0,0,0,1,0,0,1;                                    341P    295
126,1,1,1,0,1,0,0,0,1,1,1,1,0.966666666666667,0,0,                   343P    296
0.966666666666667,0.0384615384615385,0,0,1,0,0,1;                    343P    297
126,1,1,1,0,1,0,0,0,1,1,1,1,0.966666666666667,                       345P    298
0.0384615384615385,0,1,0.0384615384615385,0,0,1,0,0,1;               345P    299
126,1,1,1,0,1,0,0,0,1,1,1,1,1,0.0384615384615385,0,1,                347P    300
0.423076923076923,0,0,1,0,0,1;                                       347P    301
126,28,3,1,0,1,0,0,0,0,0,0.0384615384615385,0.0769230769230769,      349P    302
0.115384615384615,0.153846153846154,0.192307692307692,               349P    303
0.230769230769231,0.269230769230769,0.307692307692308,               349P    304
0.346153846153846,0.384615384615385,0.423076923076923,               349P    305
0.461538461538461,0.5,0.538461538461538,0.576923076923077,           349P    306
0.615384615384615,0.653846153846154,0.692307692307692,               349P    307
0.730769230769231,0.769230769230769,0.807692307692308,               349P    308
0.846153846153846,0.884615384615385,0.923076923076924,               349P    309
0.961538461538462,1,1,1,1,1,1,1,1,1,1,1,1,1,1,1,1,1,1,1,1,1,1,1,     349P    310
1,1,1,1,1,1,1,1,1,1,1,0.423076923076923,0,1,0.446313555130102,0,     349P    311
0.997563703584719,0.492786723747705,0,0.986653659747647,             349P    312
0.561480027379382,0,0.96864710970285,0.628155081576313,0,            349P    313
0.943806629497199,0.69183963992414,0,0.912494449267984,              349P    314
0.751605031186322,0,0.875167171111836,0.806579743246107,0,           349P    315
0.83236911079798,0.85596212050892,0,0.784724360418633,               349P    316
0.899032056848941,0,0.73292768772096,0.935161495573351,0,            349P    317
0.677734404828841,0.963823588118763,0,0.619949354091292,             349P    318
0.984600376631875,0,0.560415171668671,0.997188888751605,0,           349P    319
0.500000000000002,1.0014055556242,0,0.439584828331332,               349P    320
0.997188888751606,0,0.380050645908711,0.984600376631876,0,           349P    321
0.322265595171163,0.963823588118765,0,0.267072312279044,             349P    322
0.935161495573352,0,0.21527563958137,0.899032056848944,0,            349P    323
0.167630889202023,0.855962120508923,0,0.124832828888167,             349P    324
0.806579743246111,0,0.0875055507320178,0.751605031186326,0,          349P    325
0.0561933705028023,0.691839639924144,0,0.0313528902971514,           349P    326
0.628155081576317,0,0.0133463402523537,0.561480027379385,0,          349P    327
0.00243629641528189,0.492786723747709,0,0,0.446313555130106,0,0,     349P    328
0.423076923076928,0,0,1,0,0,1;                                       349P    329
508,8,0,331,1,0,1,0,335,0,331,2,1,1,0,337,0,331,3,0,1,0,339,0,       351P    330
331,4,0,1,0,341,0,331,5,1,1,0,343,0,331,6,1,1,0,345,0,331,7,1,1,     351P    331
0,347,0,331,8,1,1,0,349;                                             351P    332
126,28,3,1,0,1,0,0,0,0,0,0.0384615384615385,0.0769230769230769,      353P    333
0.115384615384615,0.153846153846154,0.192307692307692,               353P    334
0.230769230769231,0.269230769230769,0.307692307692308,               353P    335
0.346153846153846,0.384615384615385,0.423076923076923,               353P    336
0.461538461538461,0.5,0.538461538461538,0.576923076923077,           353P    337
0.615384615384615,0.653846153846154,0.692307692307692,               353P    338
0.73076923076923,0.769230769230769,0.807692307692307,                353P    339
0.846153846153846,0.884615384615384,0.923076923076923,               353P    340
0.961538461538461,1,1,1,1,1,1,1,1,1,1,1,1,1,1,1,1,1,1,1,1,1,1,1,     353P    341
1,1,1,1,1,1,1,1,1,1,0.416666666666667,0.519230769230769,0,           353P    342
0.416666666666667,0.515357997221906,0,0.417072716069214,             353P    343
0.507612469118972,0,0.418891056708726,0.49616358518036,0,            353P    344
0.421892148382859,0.485051076147537,0,0.426032228417133,             353P    345
0.474436983089566,0,0.431250925122003,0.464476084545869,0,           353P    346
0.437472138148028,0.455313632535905,0,0.444605148200337,             353P    347
0.447083236325436,0,0.452545939930228,0.439904913602099,0,           353P    348
0.461178718713174,0.433883340481364,0,0.470377599195194,             353P    349
0.429106325057129,0,0.480008440984785,0.42564352697161,0,            353P    350
0.489930804721889,0.423545441618322,0,0.5,0.422842663806223,0,       353P    351
0.510069195278112,0.423545441618322,0,0.519991559015215,             353P    352
0.42564352697161,0,0.529622400804807,0.429106325057129,0,            353P    353
0.538821281286827,0.433883340481365,0,0.547454060069772,             353P    354
0.439904913602099,0,0.555394851799663,0.447083236325436,0,           353P    355
0.562527861851973,0.455313632535905,0,0.568749074877998,             353P    356
0.464476084545869,0,0.573967771582867,0.474436983089566,0,           353P    357
0.578107851617142,0.485051076147537,0,0.581108943291274,             353P    358
0.496163585180359,0,0.582927283930787,0.507612469118972,0,           353P    359
0.583333333333333,0.515357997221906,0,0.583333333333333,             353P    360
0.519230769230769,0,0,1,0,0,1;                                       353P    361
126,28,3,1,0,1,0,0,0,0,0,0.0384615384615385,0.0769230769230769,      355P    362
0.115384615384615,0.153846153846154,0.192307692307692,               355P    363
0.230769230769231,0.269230769230769,0.307692307692308,               355P    364
0.346153846153846,0.384615384615385,0.423076923076923,               355P    365
0.461538461538461,0.5,0.538461538461538,0.576923076923077,           355P    366
0.615384615384615,0.653846153846154,0.692307692307692,               355P    367
0.73076923076923,0.769230769230769,0.807692307692307,                355P    368
0.846153846153846,0.884615384615384,0.923076923076923,               355P    369
0.961538461538461,1,1,1,1,1,1,1,1,1,1,1,1,1,1,1,1,1,1,1,1,1,1,1,     355P    370
1,1,1,1,1,1,1,1,1,1,0.583333333333333,0.519230769230769,0,           355P    371
0.583333333333333,0.523103541239632,0,0.582927283930787,             355P    372
0.530849069342566,0,0.581108943291275,0.542297953281179,0,           355P    373
0.578107851617142,0.553410462314001,0,0.573967771582867,             355P    374
0.564024555371972,0,0.568749074877998,0.573985453915669,0,           355P    375
0.562527861851973,0.583147905925633,0,0.555394851799663,             355P    376
0.591378302136102,0,0.547454060069772,0.598556624859439,0,           355P    377
0.538821281286826,0.604578197980174,0,0.529622400804807,             355P    378
0.609355213404409,0,0.519991559015215,0.612818011489928,0,           355P    379
0.510069195278112,0.614916096843216,0,0.5,0.615618874655315,0,       355P    380
0.489930804721889,0.614916096843216,0,0.480008440984785,             355P    381
0.612818011489928,0,0.470377599195194,0.609355213404409,0,           355P    382
0.461178718713174,0.604578197980174,0,0.452545939930228,             355P    383
0.598556624859439,0,0.444605148200337,0.591378302136102,0,           355P    384
0.437472138148028,0.583147905925633,0,0.431250925122003,             355P    385
0.573985453915669,0,0.426032228417134,0.564024555371972,0,           355P    386
0.421892148382859,0.553410462314001,0,0.418891056708726,             355P    387
0.542297953281179,0,0.417072716069214,0.530849069342566,0,           355P    388
0.416666666666667,0.523103541239633,0,0.416666666666667,             355P    389
0.519230769230769,0,0,1,0,0,1;                                       355P    390
508,2,0,331,9,0,1,0,353,0,331,10,0,1,0,355;                          357P    391
314,56.4705882352941,56.4705882352941,56.4705882352941,1H ;          359P    392
510,333,2,1,351,357;                                                 361P    393
128,1,1,1,1,0,0,1,0,0,0,0,1,1,0,0,1,1,1,1,1,1,-30,30,202,-30,        363P    394
4.99999999999999,202,30,30,202,30,5,202,0,1,0,1;                     363P    395
126,16,3,1,0,1,0,0,0,0,0,0.0714285714285714,0.142857142857143,       365P    396
0.214285714285714,0.285714285714286,0.357142857142857,               365P    397
0.428571428571429,0.5,0.571428571428571,0.642857142857143,           365P    398
0.714285714285714,0.785714285714286,0.857142857142857,               365P    399
0.928571428571429,1,1,1,1,1,1,1,1,1,1,1,1,1,1,1,1,1,1,1,1,1,0,       365P    400
0.0500000000000001,0,0,0.0481300043728634,0,                         365P    401
0.000504079724375606,0.0443900188304415,0,0.00276292984155102,       365P    402
0.0388505847031679,0,0.00649610413850765,0.0334513621699926,0,       365P    403
0.0116566557823954,0.0282602480303119,0,0.0181796878421705,          365P    404
0.0233425239734928,0,0.0259831694045591,0.0187600331211164,0,        365P    405
0.0349689671626121,0.0145704029844217,0,0.0450240794906793,          365P    406
0.0108263205852329,0,0.0560220575363828,0.00757486993423773,0,       365P    407
0.0678245952727485,0.00485693990933134,0,0.0802832692079825,         365P    408
0.00270671005771145,0,0.0932414032876034,0.00115122076731294,0,      365P    409
0.106536045193059,0.000210033218489614,0,0.115512010494872,0,0,      365P    410
0.12,0,0,0,1,0,0,1;                                                  365P    411
126,1,1,1,0,1,0,0,0,1,1,1,1,0.12,0,0,1,0,0,0,1,0,0,1;                367P    412
126,1,1,1,0,1,0,0,0,1,1,1,1,1,0.0333333333333334,0,1,0,0,0,1,0,      369P    413
0,1;                                                                 369P    414
126,1,1,1,0,1,0,0,0,1,1,1,1,0.0800000000000005,                      371P    415
0.133333333333333,0,1,0.0333333333333335,0,0,1,0,0,1;                371P    416
126,1,1,1,0,1,0,0,0,1,1,1,1,0.0799999999999998,                      373P    417
0.866666666666666,0,0.0800000000000003,0.133333333333333,0,0,1,      373P    418
0,0,1;                                                               373P    419
126,1,1,1,0,1,0,0,0,1,1,1,1,1,0.966666666666667,0,                   375P    420
0.0799999999999996,0.866666666666666,0,0,1,0,0,1;                    375P    421
126,1,1,1,0,1,0,0,0,1,1,1,1,1,1,0,1,0.966666666666667,0,0,1,0,0,     377P    422
1;                                                                   377P    423
126,1,1,1,0,1,0,0,0,1,1,1,1,0.999999999999999,1,0,0.12,1,0,0,1,      379P    424
0,0,1;                                                               379P    425
126,16,3,1,0,1,0,0,0,0,0,0.0714285714285714,0.142857142857143,       381P    426
0.214285714285714,0.285714285714286,0.357142857142857,               381P    427
0.428571428571429,0.5,0.571428571428571,0.642857142857143,           381P    428
0.714285714285714,0.785714285714286,0.857142857142857,               381P    429
0.928571428571429,1,1,1,1,1,1,1,1,1,1,1,1,1,1,1,1,1,1,1,1,1,         381P    430
0.12,1,0,0.115512010494872,1,0,0.106536045193059,                    381P    431
0.99978996678151,0,0.0932414032876025,0.998848779232687,0,           381P    432
0.0802832692079825,0.997293289942288,0,0.0678245952727481,           381P    433
0.995143060090669,0,0.0560220575363828,0.992425130065762,0,          381P    434
0.0450240794906795,0.989173679414767,0,0.0349689671626121,           381P    435
0.985429597015578,0,0.0259831694045594,0.981239966878883,0,          381P    436
0.0181796878421703,0.976657476026507,0,0.0116566557823956,           381P    437
0.971739751969688,0,0.00649610413850787,0.966548637830007,0,         381P    438
0.00276292984155146,0.961149415296832,0,0.000504079724375828,        381P    439
0.955609981169559,0,0,0.951869995627137,0,0,0.95,0,0,1,0,0,1;        381P    440
126,1,1,1,0,1,0,0,0,1,1,1,1,0,0.95,0,0,0.0500000000000001,0,0,1,     383P    441
0,0,1;                                                               383P    442
508,10,0,331,11,1,1,0,365,0,331,12,1,1,0,367,0,331,6,0,1,0,369,      385P    443
0,331,13,0,1,0,371,0,331,14,0,1,0,373,0,331,15,0,1,0,375,0,331,      385P    444
2,0,1,0,377,0,331,16,1,1,0,379,0,331,17,1,1,0,381,0,331,18,1,1,      385P    445
0,383;                                                               385P    446
510,363,1,1,385;                                                     387P    447
128,1,1,1,1,0,0,1,0,0,0,0,1,1,0,0,1,1,1,1,1,1,-29,29,200,-29,        389P    448
-29,200,29,29,200,29,-29,200,0,1,0,1;                                389P    449
126,1,1,1,0,1,0,0,0,1,1,1,1,0,0,0,0,1,0,0,1,0,0,1;                   391P    450
126,1,1,1,0,1,0,0,0,1,1,1,1,0,1,0,1,1,0,0,1,0,0,1;                   393P    451
126,1,1,1,0,1,0,0,0,1,1,1,1,1,1,0,1,0,0,0,1,0,0,1;                   395P    452
126,1,1,1,0,1,0,0,0,1,1,1,1,1,0,0,0,0,0,0,1,0,0,1;                   397P    453
508,4,0,331,19,1,1,0,391,0,331,20,1,1,0,393,0,331,21,1,1,0,395,      399P    454
0,331,22,1,1,0,397;                                                  399P    455
126,1,1,1,0,1,0,0,0,1,1,1,1,0.0172413793103446,                      401P    456
0.879310344827586,0,0.0172413793103449,0.120689655172414,0,0,1,      401P    457
0,0,1;                                                               401P    458
126,1,1,1,0,1,0,0,0,1,1,1,1,0.0172413793103449,                      403P    459
0.120689655172414,0,0.413793103448276,0.0172413793103449,0,0,1,      403P    460
0,0,1;                                                               403P    461
126,1,1,1,0,1,0,0,0,1,1,1,1,0.413793103448276,                       405P    462
0.0172413793103449,0,0.413793103448276,0.982758620689655,0,0,1,      405P    463
0,0,1;                                                               405P    464
126,1,1,1,0,1,0,0,0,1,1,1,1,0.413793103448276,0.982758620689655,     407P    465
0,0.0172413793103446,0.879310344827586,0,0,1,0,0,1;                  407P    466
508,4,0,331,23,1,1,0,401,0,331,24,1,1,0,403,0,331,4,1,1,0,405,0,     409P    467
331,25,1,1,0,407;                                                    409P    468
510,389,2,1,399,409;                                                 411P    469
128,1,1,1,1,0,0,1,0,0,0,0,1,1,0,0,1,1,1,1,1,1,22,28,200,-22,28,      413P    470
200,22,28,202,-22,28,202,0,1,0,1;                                    413P    471
126,1,1,1,0,1,0,0,0,1,1,1,1,0,0,0,1,0,0,0,1,0,0,1;                   415P    472
126,1,1,1,0,1,0,0,0,1,1,1,1,0,0,0,0,1,0,0,1,0,0,1;                   417P    473
126,1,1,1,0,1,0,0,0,1,1,1,1,0,1,0,1,1,0,0,1,0,0,1;                   419P    474
126,1,1,1,0,1,0,0,0,1,1,1,1,1,0,0,1,1,0,0,1,0,0,1;                   421P    475
508,4,0,331,23,0,1,0,415,0,331,26,1,1,0,417,0,331,14,1,1,0,419,      423P    476
0,331,27,0,1,0,421;                                                  423P    477
510,413,1,1,423;                                                     425P    478
128,1,1,1,1,0,0,1,0,0,0,0,1,1,0,0,1,1,1,1,1,1,-22,28,200,-28,5,      427P    479
200,-22,28,202,-28,5,202,0,1,0,1;                                    427P    480
126,1,1,1,0,1,0,0,0,1,1,1,1,0,0,0,1,0,0,0,1,0,0,1;                   429P    481
126,1,1,1,0,1,0,0,0,1,1,1,1,0,0,0,0,1,0,0,1,0,0,1;                   431P    482
126,1,1,1,0,1,0,0,0,1,1,1,1,0,1,0,1,1,0,0,1,0,0,1;                   433P    483
126,1,1,1,0,1,0,0,0,1,1,1,1,1,0,0,1,1,0,0,1,0,0,1;                   435P    484
508,4,0,331,24,0,1,0,429,0,331,27,1,1,0,431,0,331,13,1,1,0,433,      437P    485
0,331,5,0,1,0,435;                                                   437P    486
510,427,1,1,437;                                                     439P    487
128,1,1,1,1,0,0,1,0,0,0,0,1,1,0,0,1,1,1,1,1,1,28,                    441P    488
5.00000000000001,200,22,28,200,28,5.00000000000001,202,22,28,        441P    489
202,0,1,0,1;                                                         441P    490
126,1,1,1,0,1,0,0,0,1,1,1,1,0,0,0,1,0,0,0,1,0,0,1;                   443P    491
126,1,1,1,0,1,0,0,0,1,1,1,1,0,0,0,0,1,0,0,1,0,0,1;                   445P    492
126,1,1,1,0,1,0,0,0,1,1,1,1,0,1,0,1,1,0,0,1,0,0,1;                   447P    493
126,1,1,1,0,1,0,0,0,1,1,1,1,1,0,0,1,1,0,0,1,0,0,1;                   449P    494
508,4,0,331,25,0,1,0,443,0,331,3,1,1,0,445,0,331,15,1,1,0,447,0,     451P    495
331,26,0,1,0,449;                                                    451P    496
510,441,1,1,451;                                                     453P    497
128,1,1,1,1,0,0,1,0,0,0,0,1,1,0,0,1,1,1,1,1,1,30,-27,-222,30,27,     455P    498
-222,30,-27,222,30,27,222,0,1,0,1;                                   455P    499
126,1,1,1,0,1,0,0,0,1,1,1,1,1,0.045045045045045,0,1,                 457P    500
0.954954954954955,0,0,1,0,0,1;                                       457P    501
126,1,1,1,0,1,0,0,0,1,1,1,1,0.592592592592593,0.954954954954955,     459P    502
0,1,0.954954954954955,0,0,1,0,0,1;                                   459P    503
126,1,1,1,0,1,0,0,0,1,1,1,1,0.592592592592593,0.954954954954955,     461P    504
0,0.592592592592593,1,0,0,1,0,0,1;                                   461P    505
126,1,1,1,0,1,0,0,0,1,1,1,1,0.500000000000001,1,0,                   463P    506
0.592592592592594,1,0,0,1,0,0,1;                                     463P    507
126,1,1,1,0,1,0,0,0,1,1,1,1,0.5,0.954954954954955,0,0.5,1,0,0,1,     465P    508
0,0,1;                                                               465P    509
126,1,1,1,0,1,0,0,0,1,1,1,1,0,0.954954954954955,0,0.5,               467P    510
0.954954954954955,0,0,1,0,0,1;                                       467P    511
126,1,1,1,0,1,0,0,0,1,1,1,1,0,0.045045045045045,0,0,                 469P    512
0.954954954954955,0,0,1,0,0,1;                                       469P    513
126,1,1,1,0,1,0,0,0,1,1,1,1,0.407407407407407,0.045045045045045,     471P    514
0,0,0.045045045045045,0,0,1,0,0,1;                                   471P    515
126,1,1,1,0,1,0,0,0,1,1,1,1,0.407407407407407,0.045045045045045,     473P    516
0,0.407407407407407,0,0,0,1,0,0,1;                                   473P    517
126,1,1,1,0,1,0,0,0,1,1,1,1,0.5,0,0,0.407407407407407,0,0,0,1,0,     475P    518
0,1;                                                                 475P    519
126,1,1,1,0,1,0,0,0,1,1,1,1,0.5,0.045045045045045,0,0.5,0,0,0,1,     477P    520
0,0,1;                                                               477P    521
126,1,1,1,0,1,0,0,0,1,1,1,1,1,0.045045045045045,0,0.5,               479P    522
0.045045045045045,0,0,1,0,0,1;                                       479P    523
508,12,0,331,28,1,1,0,457,0,331,16,0,1,0,459,0,331,1,1,1,0,461,      481P    524
0,331,29,0,1,0,463,0,331,30,0,1,0,465,0,331,31,0,1,0,467,0,331,      481P    525
32,0,1,0,469,0,331,33,0,1,0,471,0,331,34,1,1,0,473,0,331,35,0,1,     481P    526
0,475,0,331,36,0,1,0,477,0,331,37,0,1,0,479;                         481P    527
510,455,1,1,481;                                                     483P    528
128,1,1,1,1,0,0,1,0,0,0,0,1,1,0,0,1,1,1,1,1,1,-30,27,-222,-30,       485P    529
-27,-222,-30,27,222,-30,-27,222,0,1,0,1;                             485P    530
126,1,1,1,0,1,0,0,0,1,1,1,1,1,0.045045045045045,0,1,                 487P    531
0.954954954954955,0,0,1,0,0,1;                                       487P    532
126,1,1,1,0,1,0,0,0,1,1,1,1,0.5,0.954954954954955,0,1,               489P    533
0.954954954954955,0,0,1,0,0,1;                                       489P    534
126,1,1,1,0,1,0,0,0,1,1,1,1,0.5,0.954954954954955,0,0.5,1,0,0,1,     491P    535
0,0,1;                                                               491P    536
126,1,1,1,0,1,0,0,0,1,1,1,1,0.407407407407408,1,0,0.5,1,0,0,1,0,     493P    537
0,1;                                                                 493P    538
126,1,1,1,0,1,0,0,0,1,1,1,1,0.407407407407407,0.954954954954955,     495P    539
0,0.407407407407407,1,0,0,1,0,0,1;                                   495P    540
126,1,1,1,0,1,0,0,0,1,1,1,1,0,0.954954954954955,0,                   497P    541
0.407407407407407,0.954954954954955,0,0,1,0,0,1;                     497P    542
126,1,1,1,0,1,0,0,0,1,1,1,1,0,0.045045045045045,0,0,                 499P    543
0.954954954954955,0,0,1,0,0,1;                                       499P    544
126,1,1,1,0,1,0,0,0,1,1,1,1,0.5,0.045045045045045,0,0,               501P    545
0.045045045045045,0,0,1,0,0,1;                                       501P    546
126,1,1,1,0,1,0,0,0,1,1,1,1,0.5,0.045045045045045,0,0.5,0,0,0,1,     503P    547
0,0,1;                                                               503P    548
126,1,1,1,0,1,0,0,0,1,1,1,1,0.592592592592592,0,0,0.5,0,0,0,1,0,     505P    549
0,1;                                                                 505P    550
126,1,1,1,0,1,0,0,0,1,1,1,1,0.592592592592593,0.045045045045045,     507P    551
0,0.592592592592593,0,0,0,1,0,0,1;                                   507P    552
126,1,1,1,0,1,0,0,0,1,1,1,1,1,0.045045045045045,0,                   509P    553
0.592592592592593,0.045045045045045,0,0,1,0,0,1;                     509P    554
508,12,0,331,38,1,1,0,487,0,331,39,0,1,0,489,0,331,40,1,1,0,491,     511P    555
0,331,41,0,1,0,493,0,331,7,0,1,0,495,0,331,12,0,1,0,497,0,331,       511P    556
42,0,1,0,499,0,331,43,0,1,0,501,0,331,44,1,1,0,503,0,331,45,0,1,     511P    557
0,505,0,331,46,0,1,0,507,0,331,47,0,1,0,509;                         511P    558
510,485,1,1,511;                                                     513P    559
110,0,-35.0000000000001,222,0,-34.0000000000001,222;                 515P    560
110,-30,2.1316282072803E-14,222,-30,5.00000000000009,222;            517P    561
120,515,517,0,6.28318530717959;                                      519P    562
126,1,1,1,0,1,0,0,0,1,1,1,1,0,3.14159265358979,0,1,                  521P    563
3.14159265358979,0,0,1,0,0,1;                                        521P    564
126,1,1,1,0,1,0,0,0,1,1,1,1,0.999999999999987,0,0,1,                 523P    565
3.14159265358979,0,0,1,0,0,1;                                        523P    566
126,1,1,1,0,1,0,0,0,1,1,1,1,0.999999999999987,0,0,0,0,0,0,1,0,0,     525P    567
1;                                                                   525P    568
126,1,1,1,0,1,0,0,0,1,1,1,1,0,3.14159265358979,0,0,0,0,0,1,0,0,      527P    569
1;                                                                   527P    570
508,4,0,331,29,1,1,0,521,0,331,8,0,1,0,523,0,331,41,1,1,0,525,0,     529P    571
331,48,0,1,0,527;                                                    529P    572
510,519,1,1,529;                                                     531P    573
110,-5.89108132137516E-15,-5,227,-5.95029321602183E-15,-4,227;       533P    574
110,-5.00000000000001,0,227,-5.00000000000001,5,227;                 535P    575
120,533,535,0,6.28318530717959;                                      537P    576
126,1,1,1,0,1,0,0,0,1,1,1,1,0,3.14159265358979,0,1,                  539P    577
3.14159265358979,0,0,1,0,0,1;                                        539P    578
126,1,1,1,0,1,0,0,0,1,1,1,1,0,0,0,0,3.14159265358979,0,0,1,0,0,      541P    579
1;                                                                   541P    580
126,1,1,1,0,1,0,0,0,1,1,1,1,0,0,0,1,0,0,0,1,0,0,1;                   543P    581
126,1,1,1,0,1,0,0,0,1,1,1,1,1,0,0,1,3.14159265358979,0,0,1,0,0,      545P    582
1;                                                                   545P    583
508,4,0,331,49,0,1,0,539,0,331,50,0,1,0,541,0,331,51,1,1,0,543,      547P    584
0,331,10,1,1,0,545;                                                  547P    585
510,537,1,1,547;                                                     549P    586
128,1,1,1,1,0,0,1,0,0,0,0,1,1,0,0,1,1,1,1,1,1,27,30,-202,-27,30,     551P    587
-202,27,30,202,-27,30,202,0,1,0,1;                                   551P    588
126,1,1,1,0,1,0,0,0,1,1,1,1,1,0,0,1,1,0,0,1,0,0,1;                   553P    589
126,1,1,1,0,1,0,0,0,1,1,1,1,0,1,0,1,1,0,0,1,0,0,1;                   555P    590
126,1,1,1,0,1,0,0,0,1,1,1,1,0,0,0,0,1,0,0,1,0,0,1;                   557P    591
126,1,1,1,0,1,0,0,0,1,1,1,1,1,0,0,0,0,0,0,1,0,0,1;                   559P    592
508,4,0,331,52,1,1,0,553,0,331,18,0,1,0,555,0,331,53,0,1,0,557,      561P    593
0,331,54,0,1,0,559;                                                  561P    594
510,551,1,1,561;                                                     563P    595
128,1,1,1,1,0,0,1,0,0,0,0,1,1,0,0,1,1,1,1,1,1,29,29,-200,-29,29,     565P    596
-200,29,29,200,-29,29,200,0,1,0,1;                                   565P    597
126,1,1,1,0,1,0,0,0,1,1,1,1,1,1,0,0,1,0,0,1,0,0,1;                   567P    598
126,1,1,1,0,1,0,0,0,1,1,1,1,1,0,0,1,1,0,0,1,0,0,1;                   569P    599
126,1,1,1,0,1,0,0,0,1,1,1,1,0,0,0,1,0,0,0,1,0,0,1;                   571P    600
126,1,1,1,0,1,0,0,0,1,1,1,1,0,0,0,0,1,0,0,1,0,0,1;                   573P    601
508,4,0,331,19,0,1,0,567,0,331,55,0,1,0,569,0,331,56,0,1,0,571,      575P    602
0,331,57,1,1,0,573;                                                  575P    603
510,565,1,1,575;                                                     577P    604
128,1,1,1,1,0,0,1,0,0,0,0,1,1,0,0,1,1,1,1,1,1,29,-29,-200,29,29,     579P    605
-200,29,-29,200,29,29,200,0,1,0,1;                                   579P    606
126,1,1,1,0,1,0,0,0,1,1,1,1,1,1,0,0,1,0,0,1,0,0,1;                   581P    607
126,1,1,1,0,1,0,0,0,1,1,1,1,1,0,0,1,1,0,0,1,0,0,1;                   583P    608
126,1,1,1,0,1,0,0,0,1,1,1,1,0,0,0,1,0,0,0,1,0,0,1;                   585P    609
126,1,1,1,0,1,0,0,0,1,1,1,1,0,0,0,0,1,0,0,1,0,0,1;                   587P    610
508,4,0,331,20,0,1,0,581,0,331,57,0,1,0,583,0,331,58,0,1,0,585,      589P    611
0,331,59,1,1,0,587;                                                  589P    612
510,579,1,1,589;                                                     591P    613
128,1,1,1,1,0,0,1,0,0,0,0,1,1,0,0,1,1,1,1,1,1,-29,-29,-200,29,       593P    614
-29,-200,-29,-29,200,29,-29,200,0,1,0,1;                             593P    615
126,1,1,1,0,1,0,0,0,1,1,1,1,1,1,0,0,1,0,0,1,0,0,1;                   595P    616
126,1,1,1,0,1,0,0,0,1,1,1,1,1,0,0,1,1,0,0,1,0,0,1;                   597P    617
126,1,1,1,0,1,0,0,0,1,1,1,1,0,0,0,1,0,0,0,1,0,0,1;                   599P    618
126,1,1,1,0,1,0,0,0,1,1,1,1,0,0,0,0,1,0,0,1,0,0,1;                   601P    619
508,4,0,331,21,0,1,0,595,0,331,59,0,1,0,597,0,331,60,0,1,0,599,      603P    620
0,331,61,1,1,0,601;                                                  603P    621
126,1,1,1,0,1,0,0,0,1,1,1,1,0.155172413793106,0.972943065910216,     605P    622
0,0.0862068965517261,0.962943065910216,0,0,1,0,0,1;                  605P    623
126,1,1,1,0,1,0,0,0,1,1,1,1,0.0862068965517262,                      607P    624
0.962943065910216,0,0.0862068965517243,0.0379430659102159,0,0,1,     607P    625
0,0,1;                                                               607P    626
126,1,1,1,0,1,0,0,0,1,1,1,1,0.0862068965517243,                      609P    627
0.0379430659102159,0,0.155172413793104,0.0279430659102159,0,0,1,     609P    628
0,0,1;                                                               609P    629
126,1,1,1,0,1,0,0,0,1,1,1,1,0.155172413793104,                       611P    630
0.0279430659102159,0,0.844827586206897,0.0279430659102159,0,0,1,     611P    631
0,0,1;                                                               611P    632
126,1,1,1,0,1,0,0,0,1,1,1,1,0.844827586206897,                       613P    633
0.0279430659102159,0,0.913793103448276,0.0379430659102159,0,0,1,     613P    634
0,0,1;                                                               613P    635
126,1,1,1,0,1,0,0,0,1,1,1,1,0.913793103448276,                       615P    636
0.0379430659102159,0,0.913793103448278,0.962943065910216,0,0,1,      615P    637
0,0,1;                                                               615P    638
126,1,1,1,0,1,0,0,0,1,1,1,1,0.913793103448278,0.962943065910216,     617P    639
0,0.844827586206899,0.972943065910216,0,0,1,0,0,1;                   617P    640
126,1,1,1,0,1,0,0,0,1,1,1,1,0.844827586206899,0.972943065910216,     619P    641
0,0.155172413793106,0.972943065910216,0,0,1,0,0,1;                   619P    642
508,8,0,331,62,1,1,0,605,0,331,63,1,1,0,607,0,331,64,1,1,0,609,      621P    643
0,331,65,1,1,0,611,0,331,66,1,1,0,613,0,331,67,1,1,0,615,0,331,      621P    644
68,1,1,0,617,0,331,69,1,1,0,619;                                     621P    645
510,593,2,1,603,621;                                                 623P    646
128,1,1,1,1,0,0,1,0,0,0,0,1,1,0,0,1,1,1,1,1,1,-29,29,-200,-29,       625P    647
-29,-200,-29,29,200,-29,-29,200,0,1,0,1;                             625P    648
126,1,1,1,0,1,0,0,0,1,1,1,1,1,1,0,0,1,0,0,1,0,0,1;                   627P    649
126,1,1,1,0,1,0,0,0,1,1,1,1,1,0,0,1,1,0,0,1,0,0,1;                   629P    650
126,1,1,1,0,1,0,0,0,1,1,1,1,0,0,0,1,0,0,0,1,0,0,1;                   631P    651
126,1,1,1,0,1,0,0,0,1,1,1,1,0,0,0,0,1,0,0,1,0,0,1;                   633P    652
508,4,0,331,22,0,1,0,627,0,331,61,0,1,0,629,0,331,70,0,1,0,631,      635P    653
0,331,55,1,1,0,633;                                                  635P    654
510,625,1,1,635;                                                     637P    655
128,1,1,1,1,0,0,1,0,0,0,0,1,1,0,0,1,1,1,1,1,1,-30,0,202,30,0,        639P    656
202,-30,0,252,30,0,252,0,1,0,1;                                      639P    657
126,28,3,1,0,1,0,0,0,0,0,0.0384615384615385,0.0769230769230769,      641P    658
0.115384615384615,0.153846153846154,0.192307692307692,               641P    659
0.230769230769231,0.269230769230769,0.307692307692308,               641P    660
0.346153846153846,0.384615384615385,0.423076923076923,               641P    661
0.461538461538461,0.5,0.538461538461538,0.576923076923077,           641P    662
0.615384615384615,0.653846153846154,0.692307692307692,               641P    663
0.73076923076923,0.769230769230769,0.807692307692307,                641P    664
0.846153846153846,0.884615384615384,0.923076923076923,               641P    665
0.961538461538461,1,1,1,1,1,1,1,1,1,1,1,1,1,1,1,1,1,1,1,1,1,1,1,     641P    666
1,1,1,1,1,1,1,1,1,1,1,0.4,0,1,0.424166097335306,0,                   641P    667
0.997563703584719,0.472498192697613,0,0.986653659747647,             641P    668
0.543939228474557,0,0.96864710970285,0.613281284839366,0,            641P    669
0.943806629497199,0.679513225521106,0,0.912494449267984,             641P    670
0.741669232433776,0,0.875167171111835,0.798842932975952,0,           641P    671
0.832369110797979,0.850200605329278,0,0.784724360418632,             641P    672
0.8949933391229,0,0.732927687720958,0.932567955396285,0,             641P    673
0.677734404828839,0.962376531643514,0,0.619949354091291,             641P    674
0.983984391697151,0,0.56041517166867,0.99707644430167,0,0.5,         641P    675
1.00146177784917,0,0.439584828331331,0.99707644430167,0,             641P    676
0.380050645908709,0.983984391697151,0,0.322265595171161,             641P    677
0.962376531643514,0,0.267072312279042,0.932567955396286,0,           641P    678
0.215275639581368,0.8949933391229,0,0.167630889202021,               641P    679
0.850200605329279,0,0.124832828888165,0.798842932975953,0,           641P    680
0.0875055507320167,0.741669232433776,0,0.0561933705028012,           641P    681
0.679513225521107,0,0.0313528902971507,0.613281284839367,0,          641P    682
0.0133463402523532,0.543939228474558,0,0.00243629641528147,          641P    683
0.472498192697614,0,0,0.424166097335307,0,0,0.4,0,0,1,0,0,1;         641P    684
126,1,1,1,0,1,0,0,0,1,1,1,1,0,0,0,0,0.4,0,0,1,0,0,1;                 643P    685
126,1,1,1,0,1,0,0,0,1,1,1,1,0,0,0,1,0,0,0,1,0,0,1;                   645P    686
126,1,1,1,0,1,0,0,0,1,1,1,1,1,0,0,1,0.4,0,0,1,0,0,1;                 647P    687
508,4,0,331,48,1,1,0,641,0,331,40,0,1,0,643,0,331,71,1,1,0,645,      649P    688
0,331,30,1,1,0,647;                                                  649P    689
126,28,3,1,0,1,0,0,0,0,0,0.0384615384615385,0.0769230769230769,      651P    690
0.115384615384615,0.153846153846154,0.192307692307692,               651P    691
0.230769230769231,0.269230769230769,0.307692307692308,               651P    692
0.346153846153846,0.384615384615385,0.423076923076923,               651P    693
0.461538461538461,0.5,0.538461538461538,0.576923076923077,           651P    694
0.615384615384615,0.653846153846154,0.692307692307692,               651P    695
0.73076923076923,0.769230769230769,0.807692307692307,                651P    696
0.846153846153846,0.884615384615384,0.923076923076923,               651P    697
0.961538461538461,1,1,1,1,1,1,1,1,1,1,1,1,1,1,1,1,1,1,1,1,1,1,1,     651P    698
1,1,1,1,1,1,1,1,1,1,0.416666666666666,0.5,0,0.416666666666666,       651P    699
0.504027682889218,0,0.417072716069213,0.512083032116269,0,           651P    700
0.418891056708725,0.523989871412426,0,0.421892148382858,             651P    701
0.535546880806561,0,0.426032228417133,0.546585537586851,0,           651P    702
0.431250925122003,0.556944872072296,0,0.437472138148027,             651P    703
0.566473822162658,0,0.444605148200337,0.575033434221546,0,           651P    704
0.452545939930228,0.582498889853817,0,0.461178718713173,             651P    705
0.588761325899381,0,0.470377599195193,0.593729421940586,0,           651P    706
0.480008440984785,0.597330731949525,0,0.489930804721888,             651P    707
0.599512740716945,0,0.5,0.600243629641527,0,0.510069195278111,       651P    708
0.599512740716945,0,0.519991559015215,0.597330731949525,0,           651P    709
0.529622400804806,0.593729421940586,0,0.538821281286826,             651P    710
0.588761325899381,0,0.547454060069772,0.582498889853817,0,           651P    711
0.555394851799663,0.575033434221547,0,0.562527861851972,             651P    712
0.566473822162659,0,0.568749074877997,0.556944872072296,0,           651P    713
0.573967771582866,0.546585537586851,0,0.578107851617142,             651P    714
0.535546880806561,0,0.581108943291274,0.523989871412426,0,           651P    715
0.582927283930786,0.512083032116269,0,0.583333333333333,             651P    716
0.504027682889218,0,0.583333333333333,0.5,0,0,1,0,0,1;               651P    717
126,28,3,1,0,1,0,0,0,0,0,0.0384615384615385,0.0769230769230769,      653P    718
0.115384615384615,0.153846153846154,0.192307692307692,               653P    719
0.230769230769231,0.269230769230769,0.307692307692308,               653P    720
0.346153846153846,0.384615384615385,0.423076923076923,               653P    721
0.461538461538461,0.5,0.538461538461538,0.576923076923077,           653P    722
0.615384615384615,0.653846153846154,0.692307692307692,               653P    723
0.73076923076923,0.769230769230769,0.807692307692307,                653P    724
0.846153846153846,0.884615384615384,0.923076923076923,               653P    725
0.961538461538461,1,1,1,1,1,1,1,1,1,1,1,1,1,1,1,1,1,1,1,1,1,1,1,     653P    726
1,1,1,1,1,1,1,1,1,1,0.583333333333333,0.5,0,0.583333333333333,       653P    727
0.495972317110782,0,0.582927283930786,0.487916967883731,0,           653P    728
0.581108943291274,0.476010128587574,0,0.578107851617141,             653P    729
0.464453119193439,0,0.573967771582866,0.453414462413149,0,           653P    730
0.568749074877997,0.443055127927704,0,0.562527861851972,             653P    731
0.433526177837341,0,0.555394851799663,0.424966565778454,0,           653P    732
0.547454060069772,0.417501110146183,0,0.538821281286826,             653P    733
0.411238674100619,0,0.529622400804806,0.406270578059414,0,           653P    734
0.519991559015215,0.402669268050475,0,0.510069195278112,             653P    735
0.400487259283055,0,0.5,0.399756370358472,0,0.489930804721888,       653P    736
0.400487259283055,0,0.480008440984785,0.402669268050475,0,           653P    737
0.470377599195194,0.406270578059414,0,0.461178718713173,             653P    738
0.411238674100619,0,0.452545939930228,0.417501110146183,0,           653P    739
0.444605148200337,0.424966565778453,0,0.437472138148028,             653P    740
0.433526177837341,0,0.431250925122003,0.443055127927704,0,           653P    741
0.426032228417133,0.453414462413149,0,0.421892148382858,             653P    742
0.464453119193439,0,0.418891056708725,0.476010128587574,0,           653P    743
0.417072716069213,0.487916967883731,0,0.416666666666666,             653P    744
0.495972317110782,0,0.416666666666666,0.5,0,0,1,0,0,1;               653P    745
508,2,0,331,50,1,1,0,651,0,331,72,1,1,0,653;                         655P    746
510,639,2,1,649,655;                                                 657P    747
128,1,1,1,1,0,0,1,0,0,0,0,1,1,0,0,1,1,1,1,1,1,-30,0,202,-30,-30,     659P    748
202,30,0,202,30,-30,202,0,1,0,1;                                     659P    749
126,16,3,1,0,1,0,0,0,0,0,0.0714285714285714,0.142857142857143,       661P    750
0.214285714285714,0.285714285714286,0.357142857142857,               661P    751
0.428571428571429,0.5,0.571428571428572,0.642857142857143,           661P    752
0.714285714285714,0.785714285714286,0.857142857142857,               661P    753
0.928571428571429,1,1,1,1,1,1,1,1,1,1,1,1,1,1,1,1,1,1,1,1,1,0.9,     661P    754
0,0,0.903739991254274,0,0,0.911219962339118,0.00021003321848978,     661P    755
0,0.922298830593664,0.00115122076731311,0,0.933097275660015,         661P    756
0.00270671005771156,0,0.943479503939377,0.00485693990933134,0,       661P    757
0.953314952053015,0.00757486993423784,0,0.962479933757767,           661P    758
0.010826320585233,0,0.970859194031157,0.0145704029844216,0,          661P    759
0.978347358829534,0.0187600331211164,0,0.984850260131525,            661P    760
0.0233425239734926,0,0.990286120181337,0.0282602480303119,0,         661P    761
0.994586579884577,0.0334513621699927,0,0.997697558465374,            661P    762
0.038850584703168,0,0.99957993356302,0.0443900188304414,0,1,         661P    763
0.0481300043728633,0,1,0.05,0,0,1,0,0,1;                             661P    764
126,1,1,1,0,1,0,0,0,1,1,1,1,1,0.05,0,1,0.95,0,0,1,0,0,1;             663P    765
126,16,3,1,0,1,0,0,0,0,0,0.0714285714285714,0.142857142857143,       665P    766
0.214285714285714,0.285714285714286,0.357142857142857,               665P    767
0.428571428571429,0.5,0.571428571428571,0.642857142857143,           665P    768
0.714285714285714,0.785714285714286,0.857142857142857,               665P    769
0.928571428571429,1,1,1,1,1,1,1,1,1,1,1,1,1,1,1,1,1,1,1,1,1,1,       665P    770
0.95,0,1,0.951869995627137,0,0.999579933563021,                      665P    771
0.955609981169559,0,0.997697558465374,0.961149415296832,0,           665P    772
0.994586579884577,0.966548637830007,0,0.990286120181338,             665P    773
0.971739751969688,0,0.984850260131525,0.976657476026507,0,           665P    774
0.978347358829534,0.981239966878884,0,0.970859194031157,             665P    775
0.985429597015578,0,0.962479933757767,0.989173679414767,0,           665P    776
0.953314952053015,0.992425130065763,0,0.943479503939376,             665P    777
0.995143060090668,0,0.933097275660015,0.997293289942289,0,           665P    778
0.922298830593664,0.998848779232687,0,0.911219962339118,             665P    779
0.99978996678151,0,0.903739991254274,1,0,0.9,1,0,0,1,0,0,1;          665P    780
126,1,1,1,0,1,0,0,0,1,1,1,1,0.9,1,0,0,1,0,0,1,0,0,1;                 667P    781
126,1,1,1,0,1,0,0,0,1,1,1,1,0,0,0,0,1,0,0,1,0,0,1;                   669P    782
126,1,1,1,0,1,0,0,0,1,1,1,1,0,0,0,0.9,0,0,0,1,0,0,1;                 671P    783
508,6,0,331,73,1,1,0,661,0,331,74,1,1,0,663,0,331,75,1,1,0,665,      673P    784
0,331,31,1,1,0,667,0,331,71,0,1,0,669,0,331,39,1,1,0,671;            673P    785
510,659,1,1,673;                                                     675P    786
128,1,1,1,1,0,0,1,0,0,0,0,1,1,0,0,1,1,1,1,1,1,-27,-30,-202,27,       677P    787
-30,-202,-27,-30,202,27,-30,202,0,1,0,1;                             677P    788
126,1,1,1,0,1,0,0,0,1,1,1,1,0,0,0,0,1,0,0,1,0,0,1;                   679P    789
126,1,1,1,0,1,0,0,0,1,1,1,1,1,0,0,0,0,0,0,1,0,0,1;                   681P    790
126,1,1,1,0,1,0,0,0,1,1,1,1,1,0,0,1,1,0,0,1,0,0,1;                   683P    791
126,1,1,1,0,1,0,0,0,1,1,1,1,0,1,0,1,1,0,0,1,0,0,1;                   685P    792
508,4,0,331,76,0,1,0,679,0,331,77,0,1,0,681,0,331,78,1,1,0,683,      687P    793
0,331,74,0,1,0,685;                                                  687P    794
126,1,1,1,0,1,0,0,0,1,1,1,1,0.12962962962963,0.0301416494160554,     689P    795
0,0.87037037037037,0.0301416494160554,0,0,1,0,0,1;                   689P    796
126,1,1,1,0,1,0,0,0,1,1,1,1,0.0370370370370373,                      691P    797
0.0425178870398178,0,0.12962962962963,0.0301416494160554,0,0,1,      691P    798
0,0,1;                                                               691P    799
126,1,1,1,0,1,0,0,0,1,1,1,1,0.0370370370370394,                      693P    800
0.958359471198234,0,0.0370370370370373,0.0425178870398178,0,0,1,     693P    801
0,0,1;                                                               693P    802
126,1,1,1,0,1,0,0,0,1,1,1,1,0.129629629629632,0.970735708821996,     695P    803
0,0.0370370370370394,0.958359471198234,0,0,1,0,0,1;                  695P    804
126,1,1,1,0,1,0,0,0,1,1,1,1,0.870370370370373,0.970735708821996,     697P    805
0,0.129629629629632,0.970735708821996,0,0,1,0,0,1;                   697P    806
126,1,1,1,0,1,0,0,0,1,1,1,1,0.962962962962965,0.958359471198234,     699P    807
0,0.870370370370373,0.970735708821996,0,0,1,0,0,1;                   699P    808
126,1,1,1,0,1,0,0,0,1,1,1,1,0.962962962962963,                       701P    809
0.0425178870398178,0,0.962962962962965,0.958359471198234,0,0,1,      701P    810
0,0,1;                                                               701P    811
126,1,1,1,0,1,0,0,0,1,1,1,1,0.870370370370371,                       703P    812
0.0301416494160554,0,0.962962962962963,0.0425178870398178,0,0,1,     703P    813
0,0,1;                                                               703P    814
508,8,0,331,79,0,1,0,689,0,331,80,0,1,0,691,0,331,81,0,1,0,693,      705P    815
0,331,82,0,1,0,695,0,331,83,0,1,0,697,0,331,84,0,1,0,699,0,331,      705P    816
85,0,1,0,701,0,331,86,0,1,0,703;                                     705P    817
510,677,2,1,687,705;                                                 707P    818
128,1,1,1,1,0,0,1,0,0,0,0,1,1,0,0,1,1,1,1,1,1,-30,-5,-202,30,-5,     709P    819
-202,-30,-30,-202,30,-30,-202,0,1,0,1;                               709P    820
126,16,3,1,0,1,0,0,0,0,0,0.0714285714285714,0.142857142857143,       711P    821
0.214285714285714,0.285714285714286,0.357142857142857,               711P    822
0.428571428571429,0.5,0.571428571428571,0.642857142857143,           711P    823
0.714285714285714,0.785714285714286,0.857142857142857,               711P    824
0.928571428571428,1,1,1,1,1,1,1,1,1,1,1,1,1,1,1,1,1,1,1,1,1,         711P    825
0.0499999999999998,0.999999999999999,0,0.048130004372863,            711P    826
0.999999999999999,0,0.0443900188304411,0.999495920275624,0,          711P    827
0.0388505847031679,0.997237070158448,0,0.0334513621699923,           711P    828
0.993503895861492,0,0.0282602480303117,0.988343344217604,0,          711P    829
0.0233425239734926,0.981820312157829,0,0.0187600331211163,           711P    830
0.97401683059544,0,0.0145704029844216,0.965031032837387,0,           711P    831
0.0108263205852329,0.95497592050932,0,0.00757486993423745,           711P    832
0.943977942463617,0,0.00485693990933139,0.932175404727251,0,         711P    833
0.00270671005771134,0.919716730792017,0,0.00115122076731294,         711P    834
0.906758596712396,0,0.000210033218489669,0.893463954806941,0,0,      711P    835
0.884487989505128,0,0,0.879999999999999,0,0,1,0,0,1;                 711P    836
126,1,1,1,0,1,0,0,0,1,1,1,1,0,0.879999999999999,0,0,0,0,0,1,0,0,     713P    837
1;                                                                   713P    838
126,1,1,1,0,1,0,0,0,1,1,1,1,0.0333333333333334,0,0,0,0,0,0,1,0,      715P    839
0,1;                                                                 715P    840
126,1,1,1,0,1,0,0,0,1,1,1,1,0.133333333333333,0.919999999999999,     717P    841
0,0.0333333333333335,0,0,0,1,0,0,1;                                  717P    842
126,1,1,1,0,1,0,0,0,1,1,1,1,0.866666666666666,0.919999999999999,     719P    843
0,0.133333333333333,0.919999999999999,0,0,1,0,0,1;                   719P    844
126,1,1,1,0,1,0,0,0,1,1,1,1,0.966666666666667,0,0,                   721P    845
0.866666666666666,0.919999999999999,0,0,1,0,0,1;                     721P    846
126,1,1,1,0,1,0,0,0,1,1,1,1,1,0,0,0.966666666666667,0,0,0,1,0,0,     723P    847
1;                                                                   723P    848
126,1,1,1,0,1,0,0,0,1,1,1,1,1,0,0,1,0.88,0,0,1,0,0,1;                725P    849
126,16,3,1,0,1,0,0,0,0,0,0.0714285714285714,0.142857142857143,       727P    850
0.214285714285714,0.285714285714286,0.357142857142857,               727P    851
0.428571428571429,0.5,0.571428571428572,0.642857142857143,           727P    852
0.714285714285714,0.785714285714286,0.857142857142857,               727P    853
0.928571428571428,1,1,1,1,1,1,1,1,1,1,1,1,1,1,1,1,1,1,1,1,1,1,       727P    854
0.88,0,1,0.884487989505128,0,0.99978996678151,0.89346395480694,      727P    855
0,0.998848779232687,0.906758596712397,0,0.997293289942289,           727P    856
0.919716730792018,0,0.995143060090669,0.932175404727251,0,           727P    857
0.992425130065762,0.943977942463617,0,0.989173679414767,             727P    858
0.95497592050932,0,0.985429597015578,0.965031032837388,0,            727P    859
0.981239966878884,0.974016830595441,0,0.976657476026507,             727P    860
0.981820312157829,0,0.971739751969688,0.988343344217605,0,           727P    861
0.966548637830007,0.993503895861492,0,0.961149415296832,             727P    862
0.997237070158449,0,0.955609981169559,0.999495920275625,0,           727P    863
0.951869995627137,1,0,0.95,1,0,0,1,0,0,1;                            727P    864
126,1,1,1,0,1,0,0,0,1,1,1,1,0.95,0.999999999999999,0,                729P    865
0.0499999999999998,0.999999999999999,0,0,1,0,0,1;                    729P    866
508,10,0,331,87,1,1,0,711,0,331,47,1,1,0,713,0,331,88,0,1,0,715,     731P    867
0,331,89,0,1,0,717,0,331,90,0,1,0,719,0,331,91,0,1,0,721,0,331,      731P    868
92,0,1,0,723,0,331,33,1,1,0,725,0,331,93,1,1,0,727,0,331,77,1,1,     731P    869
0,729;                                                               731P    870
510,709,1,1,731;                                                     733P    871
128,1,1,1,1,0,0,1,0,0,0,0,1,1,0,0,1,1,1,1,1,1,30,-5,-200,-30,-5,     735P    872
-200,30,-5,-252,-30,-5,-252,0,1,0,1;                                 735P    873
126,1,1,1,0,1,0,0,0,1,1,1,1,0,0.0384615384615385,0,0,                737P    874
0.423076923076923,0,0,1,0,0,1;                                       737P    875
126,1,1,1,0,1,0,0,0,1,1,1,1,0,0.0384615384615385,0,                  739P    876
0.0333333333333333,0.0384615384615385,0,0,1,0,0,1;                   739P    877
126,1,1,1,0,1,0,0,0,1,1,1,1,0.0333333333333333,0,0,                  741P    878
0.0333333333333333,0.0384615384615385,0,0,1,0,0,1;                   741P    879
126,1,1,1,0,1,0,0,0,1,1,1,1,0.966666666666667,0,0,                   743P    880
0.0333333333333333,0,0,0,1,0,0,1;                                    743P    881
126,1,1,1,0,1,0,0,0,1,1,1,1,0.966666666666667,0,0,                   745P    882
0.966666666666667,0.0384615384615385,0,0,1,0,0,1;                    745P    883
126,1,1,1,0,1,0,0,0,1,1,1,1,0.966666666666667,                       747P    884
0.0384615384615385,0,1,0.0384615384615385,0,0,1,0,0,1;               747P    885
126,1,1,1,0,1,0,0,0,1,1,1,1,1,0.0384615384615385,0,1,                749P    886
0.423076923076923,0,0,1,0,0,1;                                       749P    887
126,28,3,1,0,1,0,0,0,0,0,0.0384615384615385,0.0769230769230769,      751P    888
0.115384615384615,0.153846153846154,0.192307692307692,               751P    889
0.230769230769231,0.269230769230769,0.307692307692308,               751P    890
0.346153846153846,0.384615384615385,0.423076923076923,               751P    891
0.461538461538461,0.5,0.538461538461538,0.576923076923077,           751P    892
0.615384615384615,0.653846153846154,0.692307692307692,               751P    893
0.73076923076923,0.769230769230769,0.807692307692307,                751P    894
0.846153846153846,0.884615384615384,0.923076923076923,               751P    895
0.961538461538461,1,1,1,1,1,1,1,1,1,1,1,1,1,1,1,1,1,1,1,1,1,1,1,     751P    896
1,1,1,1,1,1,1,1,1,1,1,0.423076923076923,0,1,0.446313555130102,0,     751P    897
0.997563703584719,0.492786723747705,0,0.986653659747647,             751P    898
0.561480027379382,0,0.968647109702849,0.628155081576314,0,           751P    899
0.943806629497199,0.69183963992414,0,0.912494449267984,              751P    900
0.751605031186323,0,0.875167171111835,0.806579743246107,0,           751P    901
0.832369110797979,0.855962120508921,0,0.784724360418632,             751P    902
0.899032056848942,0,0.732927687720959,0.935161495573351,0,           751P    903
0.67773440482884,0.963823588118763,0,0.619949354091291,              751P    904
0.984600376631876,0,0.56041517166867,0.997188888751606,0,0.5,        751P    905
1.0014055556242,0,0.439584828331331,0.997188888751606,0,             751P    906
0.380050645908709,0.984600376631876,0,0.322265595171161,             751P    907
0.963823588118764,0,0.267072312279042,0.935161495573351,0,           751P    908
0.215275639581368,0.899032056848943,0,0.167630889202021,             751P    909
0.855962120508921,0,0.124832828888166,0.806579743246109,0,           751P    910
0.0875055507320168,0.751605031186323,0,0.0561933705028013,           751P    911
0.691839639924141,0,0.0313528902971508,0.628155081576315,0,          751P    912
0.0133463402523533,0.561480027379383,0,0.00243629641528159,          751P    913
0.492786723747706,0,0,0.446313555130102,0,0,0.423076923076923,0,     751P    914
0,1,0,0,1;                                                           751P    915
508,8,0,331,34,0,1,0,737,0,331,92,1,1,0,739,0,331,94,0,1,0,741,      753P    916
0,331,95,0,1,0,743,0,331,96,1,1,0,745,0,331,88,1,1,0,747,0,331,      753P    917
46,1,1,0,749,0,331,97,1,1,0,751;                                     753P    918
126,28,3,1,0,1,0,0,0,0,0,0.0384615384615385,0.0769230769230769,      755P    919
0.115384615384615,0.153846153846154,0.192307692307692,               755P    920
0.230769230769231,0.269230769230769,0.307692307692308,               755P    921
0.346153846153846,0.384615384615385,0.423076923076923,               755P    922
0.461538461538461,0.5,0.538461538461538,0.576923076923077,           755P    923
0.615384615384615,0.653846153846154,0.692307692307692,               755P    924
0.73076923076923,0.769230769230769,0.807692307692307,                755P    925
0.846153846153846,0.884615384615384,0.923076923076923,               755P    926
0.961538461538461,1,1,1,1,1,1,1,1,1,1,1,1,1,1,1,1,1,1,1,1,1,1,1,     755P    927
1,1,1,1,1,1,1,1,1,1,0.5,0.615384615384615,0,0.503356402407681,       755P    928
0.615384615384615,0,0.510069193430224,0.614916096843215,0,           755P    929
0.519991559510355,0.612818011489932,0,0.529622400672134,             755P    930
0.609355213404394,0,0.538821281322376,0.60457819798023,0,            755P    931
0.547454060060247,0.598556624859228,0,0.555394851802216,             755P    932
0.591378302136891,0,0.562527861851289,0.583147905922688,0,           755P    933
0.56874907487818,0.57398545392666,0,0.573967771582817,               755P    934
0.564024555330954,0,0.578107851617155,0.553410462467085,0,           755P    935
0.581108943291271,0.542297952709864,0,0.582927283930788,             755P    936
0.530849071474744,0,0.583536358034606,0.519230769230769,0,           755P    937
0.582927283930788,0.507612466986794,0,0.581108943291271,             755P    938
0.496163585751675,0,0.578107851617155,0.485051075994454,0,           755P    939
0.573967771582818,0.474436983130585,0,0.568749074878181,             755P    940
0.464476084534878,0,0.562527861851289,0.45531363253885,0,            755P    941
0.555394851802216,0.447083236324647,0,0.547454060060247,             755P    942
0.439904913602311,0,0.538821281322376,0.433883340481308,0,           755P    943
0.529622400672134,0.429106325057145,0,0.519991559510355,             755P    944
0.425643526971606,0,0.510069193430224,0.423545441618324,0,           755P    945
0.503356402407682,0.423076923076923,0,0.5,0.423076923076923,0,0,     755P    946
1,0,0,1;                                                             755P    947
126,28,3,1,0,1,0,0,0,0,0,0.0384615384615385,0.0769230769230769,      757P    948
0.115384615384615,0.153846153846154,0.192307692307692,               757P    949
0.230769230769231,0.269230769230769,0.307692307692308,               757P    950
0.346153846153846,0.384615384615385,0.423076923076923,               757P    951
0.461538461538461,0.5,0.538461538461538,0.576923076923077,           757P    952
0.615384615384615,0.653846153846154,0.692307692307692,               757P    953
0.73076923076923,0.769230769230769,0.807692307692307,                757P    954
0.846153846153846,0.884615384615384,0.923076923076923,               757P    955
0.961538461538461,1,1,1,1,1,1,1,1,1,1,1,1,1,1,1,1,1,1,1,1,1,1,1,     757P    956
1,1,1,1,1,1,1,1,1,1,0.5,0.423076923076923,0,0.496643597592319,       757P    957
0.423076923076923,0,0.489930806569776,0.423545441618323,0,           757P    958
0.480008440489645,0.425643526971606,0,0.470377599327866,             757P    959
0.429106325057144,0,0.461178718677624,0.433883340481308,0,           757P    960
0.452545939939753,0.439904913602311,0,0.444605148197784,             757P    961
0.447083236324647,0,0.437472138148711,0.45531363253885,0,            757P    962
0.43125092512182,0.464476084534878,0,0.426032228417183,              757P    963
0.474436983130585,0,0.421892148382845,0.485051075994454,0,           757P    964
0.418891056708729,0.496163585751675,0,0.417072716069213,             757P    965
0.507612466986794,0,0.416463641965394,0.519230769230769,0,           757P    966
0.417072716069213,0.530849071474744,0,0.418891056708729,             757P    967
0.542297952709864,0,0.421892148382845,0.553410462467084,0,           757P    968
0.426032228417183,0.564024555330954,0,0.43125092512182,              757P    969
0.57398545392666,0,0.437472138148711,0.583147905922688,0,            757P    970
0.444605148197784,0.591378302136891,0,0.452545939939754,             757P    971
0.598556624859228,0,0.461178718677624,0.604578197980231,0,           757P    972
0.470377599327866,0.609355213404394,0,0.480008440489645,             757P    973
0.612818011489932,0,0.489930806569776,0.614916096843215,0,           757P    974
0.496643597592319,0.615384615384615,0,0.5,0.615384615384615,0,0,     757P    975
1,0,0,1;                                                             757P    976
508,2,0,331,98,1,1,0,755,0,331,99,1,1,0,757;                         759P    977
510,735,2,1,753,759;                                                 761P    978
110,0,35,-222,0,34,-222;                                             763P    979
110,-30,7.105427357601E-15,-222,-30,-5.00000000000004,-222;          765P    980
120,763,765,0,6.28318530717959;                                      767P    981
126,1,1,1,0,1,0,0,0,1,1,1,1,0,3.14159265358979,0,                    769P    982
0.999999999999992,3.14159265358979,0,0,1,0,0,1;                      769P    983
126,1,1,1,0,1,0,0,0,1,1,1,1,1,0,0,0.999999999999992,                 771P    984
3.14159265358979,0,0,1,0,0,1;                                        771P    985
126,1,1,1,0,1,0,0,0,1,1,1,1,1,0,0,0,0,0,0,1,0,0,1;                   773P    986
126,1,1,1,0,1,0,0,0,1,1,1,1,0,3.14159265358979,0,0,0,0,0,1,0,0,      775P    987
1;                                                                   775P    988
508,4,0,331,35,1,1,0,769,0,331,97,0,1,0,771,0,331,45,1,1,0,773,      777P    989
0,331,100,0,1,0,775;                                                 777P    990
510,767,1,1,777;                                                     779P    991
128,1,1,1,1,0,0,1,0,0,0,0,1,1,0,0,1,1,1,1,1,1,-30,0,-202,30,0,       781P    992
-202,-30,0,-252,30,0,-252,0,1,0,1;                                   781P    993
126,28,3,1,0,1,0,0,0,0,0,0.0384615384615385,0.0769230769230769,      783P    994
0.115384615384615,0.153846153846154,0.192307692307692,               783P    995
0.230769230769231,0.269230769230769,0.307692307692308,               783P    996
0.346153846153846,0.384615384615385,0.423076923076923,               783P    997
0.461538461538461,0.5,0.538461538461538,0.576923076923077,           783P    998
0.615384615384615,0.653846153846154,0.692307692307692,               783P    999
0.73076923076923,0.769230769230769,0.807692307692307,                783P   1000
0.846153846153846,0.884615384615384,0.923076923076923,               783P   1001
0.961538461538461,1,1,1,1,1,1,1,1,1,1,1,1,1,1,1,1,1,1,1,1,1,1,1,     783P   1002
1,1,1,1,1,1,1,1,1,1,1,0.4,0,1,0.424166097335306,0,                   783P   1003
0.997563703584719,0.472498192697613,0,0.986653659747647,             783P   1004
0.543939228474557,0,0.96864710970285,0.613281284839366,0,            783P   1005
0.943806629497199,0.679513225521106,0,0.912494449267984,             783P   1006
0.741669232433776,0,0.875167171111835,0.798842932975952,0,           783P   1007
0.832369110797979,0.850200605329278,0,0.784724360418632,             783P   1008
0.8949933391229,0,0.732927687720958,0.932567955396285,0,             783P   1009
0.677734404828839,0.962376531643514,0,0.619949354091291,             783P   1010
0.983984391697151,0,0.56041517166867,0.99707644430167,0,0.5,         783P   1011
1.00146177784917,0,0.439584828331331,0.99707644430167,0,             783P   1012
0.380050645908709,0.983984391697151,0,0.322265595171161,             783P   1013
0.962376531643514,0,0.267072312279042,0.932567955396286,0,           783P   1014
0.215275639581368,0.8949933391229,0,0.167630889202021,               783P   1015
0.850200605329279,0,0.124832828888165,0.798842932975953,0,           783P   1016
0.0875055507320167,0.741669232433776,0,0.0561933705028012,           783P   1017
0.679513225521107,0,0.0313528902971507,0.613281284839367,0,          783P   1018
0.0133463402523532,0.543939228474558,0,0.00243629641528147,          783P   1019
0.472498192697614,0,0,0.424166097335307,0,0,0.4,0,0,1,0,0,1;         783P   1020
126,1,1,1,0,1,0,0,0,1,1,1,1,0,0,0,0,0.4,0,0,1,0,0,1;                 785P   1021
126,1,1,1,0,1,0,0,0,1,1,1,1,0,0,0,1,0,0,0,1,0,0,1;                   787P   1022
126,1,1,1,0,1,0,0,0,1,1,1,1,1,0,0,1,0.4,0,0,1,0,0,1;                 789P   1023
508,4,0,331,100,1,1,0,783,0,331,44,0,1,0,785,0,331,101,1,1,0,        791P   1024
787,0,331,36,1,1,0,789;                                              791P   1025
126,28,3,1,0,1,0,0,0,0,0,0.0384615384615385,0.0769230769230769,      793P   1026
0.115384615384615,0.153846153846154,0.192307692307692,               793P   1027
0.230769230769231,0.269230769230769,0.307692307692308,               793P   1028
0.346153846153846,0.384615384615385,0.423076923076923,               793P   1029
0.461538461538461,0.5,0.538461538461538,0.576923076923077,           793P   1030
0.615384615384615,0.653846153846154,0.692307692307692,               793P   1031
0.73076923076923,0.769230769230769,0.807692307692307,                793P   1032
0.846153846153846,0.884615384615384,0.923076923076923,               793P   1033
0.961538461538461,1,1,1,1,1,1,1,1,1,1,1,1,1,1,1,1,1,1,1,1,1,1,1,     793P   1034
1,1,1,1,1,1,1,1,1,1,0.5,0.4,0,0.503356402407681,0.4,0,               793P   1035
0.510069193430224,0.400487259283056,0,0.519991559510355,             793P   1036
0.402669268050471,0,0.529622400672134,0.40627057805943,0,            793P   1037
0.538821281322376,0.41123867410056,0,0.547454060060247,              793P   1038
0.417501110146403,0,0.555394851802216,0.424966565777633,0,           793P   1039
0.562527861851289,0.433526177840404,0,0.56874907487818,              793P   1040
0.443055127916273,0,0.573967771582817,0.453414462455808,0,           793P   1041
0.578107851617155,0.464453119034232,0,0.581108943291271,             793P   1042
0.476010129181742,0,0.582927283930788,0.487916965666266,0,           793P   1043
0.583536358034606,0.5,0,0.582927283930788,0.512083034333734,0,       793P   1044
0.581108943291271,0.523989870818258,0,0.578107851617155,             793P   1045
0.535546880965768,0,0.573967771582818,0.546585537544192,0,           793P   1046
0.568749074878181,0.556944872083726,0,0.562527861851289,             793P   1047
0.566473822159596,0,0.555394851802216,0.575033434222367,0,           793P   1048
0.547454060060247,0.582498889853597,0,0.538821281322376,             793P   1049
0.58876132589944,0,0.529622400672134,0.59372942194057,0,             793P   1050
0.519991559510355,0.597330731949529,0,0.510069193430224,             793P   1051
0.599512740716944,0,0.503356402407682,0.6,0,0.5,0.6,0,0,1,0,0,1;     793P   1052
126,28,3,1,0,1,0,0,0,0,0,0.0384615384615385,0.0769230769230769,      795P   1053
0.115384615384615,0.153846153846154,0.192307692307692,               795P   1054
0.230769230769231,0.269230769230769,0.307692307692308,               795P   1055
0.346153846153846,0.384615384615385,0.423076923076923,               795P   1056
0.461538461538461,0.5,0.538461538461538,0.576923076923077,           795P   1057
0.615384615384615,0.653846153846154,0.692307692307692,               795P   1058
0.73076923076923,0.769230769230769,0.807692307692307,                795P   1059
0.846153846153846,0.884615384615384,0.923076923076923,               795P   1060
0.961538461538461,1,1,1,1,1,1,1,1,1,1,1,1,1,1,1,1,1,1,1,1,1,1,1,     795P   1061
1,1,1,1,1,1,1,1,1,1,0.5,0.6,0,0.496643597592319,0.6,0,               795P   1062
0.489930806569776,0.599512740716944,0,0.480008440489645,             795P   1063
0.597330731949529,0,0.470377599327866,0.59372942194057,0,            795P   1064
0.461178718677624,0.58876132589944,0,0.452545939939753,              795P   1065
0.582498889853597,0,0.444605148197784,0.575033434222367,0,           795P   1066
0.437472138148711,0.566473822159596,0,0.431250925121819,             795P   1067
0.556944872083726,0,0.426032228417183,0.546585537544192,0,           795P   1068
0.421892148382845,0.535546880965768,0,0.418891056708729,             795P   1069
0.523989870818258,0,0.417072716069213,0.512083034333734,0,           795P   1070
0.416463641965394,0.5,0,0.417072716069212,0.487916965666266,0,       795P   1071
0.418891056708729,0.476010129181742,0,0.421892148382845,             795P   1072
0.464453119034232,0,0.426032228417183,0.453414462455808,0,           795P   1073
0.43125092512182,0.443055127916274,0,0.437472138148711,              795P   1074
0.433526177840404,0,0.444605148197784,0.424966565777633,0,           795P   1075
0.452545939939753,0.417501110146403,0,0.461178718677624,             795P   1076
0.41123867410056,0,0.470377599327866,0.40627057805943,0,             795P   1077
0.480008440489645,0.402669268050471,0,0.489930806569776,             795P   1078
0.400487259283056,0,0.496643597592319,0.4,0,0.5,0.4,0,0,1,0,0,1;     795P   1079
508,2,0,331,102,0,1,0,793,0,331,103,0,1,0,795;                       797P   1080
510,781,2,1,791,797;                                                 799P   1081
128,1,1,1,1,0,0,1,0,0,0,0,1,1,0,0,1,1,1,1,1,1,-30,30,-202,30,30,     801P   1082
-202,-30,0,-202,30,0,-202,0,1,0,1;                                   801P   1083
126,16,3,1,0,1,0,0,0,0,0,0.0714285714285714,0.142857142857143,       803P   1084
0.214285714285714,0.285714285714286,0.357142857142857,               803P   1085
0.428571428571429,0.5,0.571428571428572,0.642857142857143,           803P   1086
0.714285714285714,0.785714285714286,0.857142857142857,               803P   1087
0.928571428571428,1,1,1,1,1,1,1,1,1,1,1,1,1,1,1,1,1,1,1,1,1,0,       803P   1088
0.1,0,0,0.0962600087457266,0,0.000210033218489836,                   803P   1089
0.0887800376608829,0,0.00115122076731272,0.0777011694063358,0,       803P   1090
0.00270671005771134,0.066902724339985,0,0.00485693990933145,         803P   1091
0.0565204960606238,0,0.0075748699342375,0.0466850479469852,0,        803P   1092
0.0108263205852334,0.0375200662422333,0,0.0145704029844216,          803P   1093
0.0291408059688431,0,0.0187600331211166,0.0216526411704659,0,        803P   1094
0.0233425239734929,0.0151497398684752,0,0.0282602480303119,          803P   1095
0.00971387981866245,0,0.0334513621699927,0.00541342011542256,0,      803P   1096
0.038850584703168,0.00230244153462578,0,0.0443900188304416,          803P   1097
0.000420066436979782,0,0.0481300043728635,0,0,                       803P   1098
0.0500000000000002,0,0,0,1,0,0,1;                                    803P   1099
126,1,1,1,0,1,0,0,0,1,1,1,1,0.0500000000000002,0,0,0.95,0,0,0,1,     805P   1100
0,0,1;                                                               805P   1101
126,16,3,1,0,1,0,0,0,0,0,0.0714285714285714,0.142857142857143,       807P   1102
0.214285714285714,0.285714285714286,0.357142857142857,               807P   1103
0.428571428571429,0.5,0.571428571428571,0.642857142857143,           807P   1104
0.714285714285714,0.785714285714286,0.857142857142857,               807P   1105
0.928571428571428,1,1,1,1,1,1,1,1,1,1,1,1,1,1,1,1,1,1,1,1,1,         807P   1106
0.95,0,0,0.951869995627137,0,0,0.955609981169559,                    807P   1107
0.000420066436979782,0,0.961149415296832,0.00230244153462655,0,      807P   1108
0.966548637830008,0.00541342011542301,0,0.971739751969688,           807P   1109
0.0097138798186629,0,0.976657476026507,0.015149739868476,0,          807P   1110
0.981239966878884,0.0216526411704662,0,0.985429597015579,            807P   1111
0.0291408059688432,0,0.989173679414767,0.0375200662422335,0,         807P   1112
0.992425130065762,0.0466850479469854,0,0.995143060090669,            807P   1113
0.0565204960606243,0,0.997293289942289,0.0669027243399853,0,         807P   1114
0.998848779232687,0.0777011694063363,0,0.99978996678151,             807P   1115
0.0887800376608829,0,1,0.0962600087457268,0,1,0.1,0,0,1,0,0,1;       807P   1116
126,1,1,1,0,1,0,0,0,1,1,1,1,1,0.100000000000001,0,1,1,0,0,1,0,0,     809P   1117
1;                                                                   809P   1118
126,1,1,1,0,1,0,0,0,1,1,1,1,0,1,0,1,1,0,0,1,0,0,1;                   811P   1119
126,1,1,1,0,1,0,0,0,1,1,1,1,0,1,0,0,0.1,0,0,1,0,0,1;                 813P   1120
508,6,0,331,104,1,1,0,803,0,331,54,1,1,0,805,0,331,105,1,1,0,        815P   1121
807,0,331,37,1,1,0,809,0,331,101,0,1,0,811,0,331,43,1,1,0,813;       815P   1122
510,801,1,1,815;                                                     817P   1123
128,1,1,1,1,0,0,1,0,0,0,0,1,1,0,0,1,1,1,1,1,1,-29,29,-200,29,29,     819P   1124
-200,-29,-29,-200,29,-29,-200,0,1,0,1;                               819P   1125
126,1,1,1,0,1,0,0,0,1,1,1,1,1,1,0,1,0,0,0,1,0,0,1;                   821P   1126
126,1,1,1,0,1,0,0,0,1,1,1,1,1,0,0,0,0,0,0,1,0,0,1;                   823P   1127
126,1,1,1,0,1,0,0,0,1,1,1,1,0,0,0,0,1,0,0,1,0,0,1;                   825P   1128
126,1,1,1,0,1,0,0,0,1,1,1,1,0,1,0,1,1,0,0,1,0,0,1;                   827P   1129
508,4,0,331,58,1,1,0,821,0,331,56,1,1,0,823,0,331,70,1,1,0,825,      829P   1130
0,331,60,1,1,0,827;                                                  829P   1131
126,1,1,1,0,1,0,0,0,1,1,1,1,0.879310344827586,0.982758620689655,     831P   1132
0,0.120689655172414,0.982758620689655,0,0,1,0,0,1;                   831P   1133
126,1,1,1,0,1,0,0,0,1,1,1,1,0.120689655172414,0.982758620689655,     833P   1134
0,0.0172413793103449,0.586206896551724,0,0,1,0,0,1;                  833P   1135
126,1,1,1,0,1,0,0,0,1,1,1,1,0.0172413793103449,                      835P   1136
0.586206896551724,0,0.982758620689655,0.586206896551724,0,0,1,0,     835P   1137
0,1;                                                                 835P   1138
126,1,1,1,0,1,0,0,0,1,1,1,1,0.982758620689655,0.586206896551724,     837P   1139
0,0.879310344827586,0.982758620689655,0,0,1,0,0,1;                   837P   1140
508,4,0,331,106,1,1,0,831,0,331,107,1,1,0,833,0,331,95,1,1,0,        839P   1141
835,0,331,108,1,1,0,837;                                             839P   1142
510,819,2,1,829,839;                                                 841P   1143
128,1,1,1,1,0,0,1,0,0,0,0,1,1,0,0,1,1,1,1,1,1,-19.9999999999999,     843P   1144
-29,189.177226364086,-23.9999999999999,-29,185.177226364086,         843P   1145
-19.9999999999999,-29.5,189.177226364086,-23.9999999999999,          843P   1146
-29.5,185.177226364086,0,1,0,1;                                      843P   1147
126,1,1,1,0,1,0,0,0,1,1,1,1,0,1,0,0.999999999999998,1,0,0,1,0,0,     845P   1148
1;                                                                   845P   1149
126,1,1,1,0,1,0,0,0,1,1,1,1,0.999999999999998,0,0,                   847P   1150
0.999999999999998,1,0,0,1,0,0,1;                                     847P   1151
126,1,1,1,0,1,0,0,0,1,1,1,1,0,0,0,1,0,0,0,1,0,0,1;                   849P   1152
126,1,1,1,0,1,0,0,0,1,1,1,1,0,0,0,0,1,0,0,1,0,0,1;                   851P   1153
508,4,0,331,109,1,1,0,845,0,331,110,0,1,0,847,0,331,62,0,1,0,        853P   1154
849,0,331,111,1,1,0,851;                                             853P   1155
510,843,1,1,853;                                                     855P   1156
128,1,1,1,1,0,0,1,0,0,0,0,1,1,0,0,1,1,1,1,1,1,-23.9999999999999,     857P   1157
-29,185.177226364086,-24,-29,-184.822773635914,                      857P   1158
-23.9999999999999,-29.5,185.177226364086,-24,-29.5,                  857P   1159
-184.822773635914,0,1,0,1;                                           857P   1160
126,1,1,1,0,1,0,0,0,1,1,1,1,0,1,0,1,1,0,0,1,0,0,1;                   859P   1161
126,1,1,1,0,1,0,0,0,1,1,1,1,1,0,0,1,1,0,0,1,0,0,1;                   861P   1162
126,1,1,1,0,1,0,0,0,1,1,1,1,0,0,0,1,0,0,0,1,0,0,1;                   863P   1163
126,1,1,1,0,1,0,0,0,1,1,1,1,0,0,0,0,1,0,0,1,0,0,1;                   865P   1164
508,4,0,331,112,1,1,0,859,0,331,113,0,1,0,861,0,331,63,0,1,0,        867P   1165
863,0,331,110,1,1,0,865;                                             867P   1166
510,857,1,1,867;                                                     869P   1167
128,1,1,1,1,0,0,1,0,0,0,0,1,1,0,0,1,1,1,1,1,1,-24,-29,               871P   1168
-184.822773635914,-20,-29,-188.822773635914,-24,-29.5,               871P   1169
-184.822773635914,-20,-29.5,-188.822773635914,0,1,0,1;               871P   1170
126,1,1,1,0,1,0,0,0,1,1,1,1,0,1,0,1,1,0,0,1,0,0,1;                   873P   1171
126,1,1,1,0,1,0,0,0,1,1,1,1,1,0,0,1,1,0,0,1,0,0,1;                   875P   1172
126,1,1,1,0,1,0,0,0,1,1,1,1,0,0,0,1,0,0,0,1,0,0,1;                   877P   1173
126,1,1,1,0,1,0,0,0,1,1,1,1,0,0,0,0,1,0,0,1,0,0,1;                   879P   1174
508,4,0,331,114,1,1,0,873,0,331,115,0,1,0,875,0,331,64,0,1,0,        881P   1175
877,0,331,113,1,1,0,879;                                             881P   1176
510,871,1,1,881;                                                     883P   1177
128,1,1,1,1,0,0,1,0,0,0,0,1,1,0,0,1,1,1,1,1,1,-20,-29,               885P   1178
-188.822773635914,20,-29,-188.822773635914,-20,-29.5,                885P   1179
-188.822773635914,20,-29.5,-188.822773635914,0,1,0,1;                885P   1180
126,1,1,1,0,1,0,0,0,1,1,1,1,0,1,0,1,1,0,0,1,0,0,1;                   887P   1181
126,1,1,1,0,1,0,0,0,1,1,1,1,1,0,0,1,1,0,0,1,0,0,1;                   889P   1182
126,1,1,1,0,1,0,0,0,1,1,1,1,0,0,0,1,0,0,0,1,0,0,1;                   891P   1183
126,1,1,1,0,1,0,0,0,1,1,1,1,0,0,0,0,1,0,0,1,0,0,1;                   893P   1184
508,4,0,331,116,1,1,0,887,0,331,117,0,1,0,889,0,331,65,0,1,0,        895P   1185
891,0,331,115,1,1,0,893;                                             895P   1186
510,885,1,1,895;                                                     897P   1187
128,1,1,1,1,0,0,1,0,0,0,0,1,1,0,0,1,1,1,1,1,1,20,-29,                899P   1188
-188.822773635914,24,-29,-184.822773635914,20,-29.5,                 899P   1189
-188.822773635914,24,-29.5,-184.822773635914,0,1,0,1;                899P   1190
126,1,1,1,0,1,0,0,0,1,1,1,1,0,1,0,1,1,0,0,1,0,0,1;                   901P   1191
126,1,1,1,0,1,0,0,0,1,1,1,1,1,0,0,1,1,0,0,1,0,0,1;                   903P   1192
126,1,1,1,0,1,0,0,0,1,1,1,1,0,0,0,1,0,0,0,1,0,0,1;                   905P   1193
126,1,1,1,0,1,0,0,0,1,1,1,1,0,0,0,0,1,0,0,1,0,0,1;                   907P   1194
508,4,0,331,118,1,1,0,901,0,331,119,0,1,0,903,0,331,66,0,1,0,        909P   1195
905,0,331,117,1,1,0,907;                                             909P   1196
510,899,1,1,909;                                                     911P   1197
128,1,1,1,1,0,0,1,0,0,0,0,1,1,0,0,1,1,1,1,1,1,24,-29,                913P   1198
-184.822773635914,24.0000000000001,-29,185.177226364086,24,          913P   1199
-29.5,-184.822773635914,24.0000000000001,-29.5,185.177226364086,     913P   1200
0,1,0,1;                                                             913P   1201
126,1,1,1,0,1,0,0,0,1,1,1,1,0,1,0,1,1,0,0,1,0,0,1;                   915P   1202
126,1,1,1,0,1,0,0,0,1,1,1,1,1,0,0,1,1,0,0,1,0,0,1;                   917P   1203
126,1,1,1,0,1,0,0,0,1,1,1,1,0,0,0,1,0,0,0,1,0,0,1;                   919P   1204
126,1,1,1,0,1,0,0,0,1,1,1,1,0,0,0,0,1,0,0,1,0,0,1;                   921P   1205
508,4,0,331,120,1,1,0,915,0,331,121,0,1,0,917,0,331,67,0,1,0,        923P   1206
919,0,331,119,1,1,0,921;                                             923P   1207
510,913,1,1,923;                                                     925P   1208
128,1,1,1,1,0,0,1,0,0,0,0,1,1,0,0,1,1,1,1,1,1,24.0000000000001,      927P   1209
-29,185.177226364086,20.0000000000001,-29,189.177226364086,          927P   1210
24.0000000000001,-29.5,185.177226364086,20.0000000000001,-29.5,      927P   1211
189.177226364086,0,1,0,1;                                            927P   1212
126,1,1,1,0,1,0,0,0,1,1,1,1,0,1,0,1,1,0,0,1,0,0,1;                   929P   1213
126,1,1,1,0,1,0,0,0,1,1,1,1,1,0,0,1,1,0,0,1,0,0,1;                   931P   1214
126,1,1,1,0,1,0,0,0,1,1,1,1,0,0,0,0.999999999999999,0,0,0,1,0,0,     933P   1215
1;                                                                   933P   1216
126,1,1,1,0,1,0,0,0,1,1,1,1,0,0,0,0,1,0,0,1,0,0,1;                   935P   1217
508,4,0,331,122,1,1,0,929,0,331,123,0,1,0,931,0,331,68,0,1,0,        937P   1218
933,0,331,121,1,1,0,935;                                             937P   1219
510,927,1,1,937;                                                     939P   1220
128,1,1,1,1,0,0,1,0,0,0,0,1,1,0,0,1,1,1,1,1,1,20.0000000000001,      941P   1221
-29,189.177226364086,-19.9999999999999,-29,189.177226364086,         941P   1222
20.0000000000001,-29.5,189.177226364086,-19.9999999999999,-29.5,     941P   1223
189.177226364086,0,1,0,1;                                            941P   1224
126,1,1,1,0,1,0,0,0,1,1,1,1,0,1,0,1,1,0,0,1,0,0,1;                   943P   1225
126,1,1,1,0,1,0,0,0,1,1,1,1,1,0,0,1,1,0,0,1,0,0,1;                   945P   1226
126,1,1,1,0,1,0,0,0,1,1,1,1,0,0,0,1,0,0,0,1,0,0,1;                   947P   1227
126,1,1,1,0,1,0,0,0,1,1,1,1,0,0,0,0,1,0,0,1,0,0,1;                   949P   1228
508,4,0,331,124,1,1,0,943,0,331,111,0,1,0,945,0,331,69,0,1,0,        951P   1229
947,0,331,123,1,1,0,949;                                             951P   1230
510,941,1,1,951;                                                     953P   1231
128,1,1,1,1,0,0,1,0,0,0,0,1,1,0,0,1,1,1,1,1,1,-20,-29.5,             955P   1232
-189.822773635914,20,-29.5,-189.822773635914,-20,-30,                955P   1233
-189.822773635914,20,-30,-189.822773635914,0,1,0,1;                  955P   1234
126,1,1,1,0,1,0,0,0,1,1,1,1,0,1,0,1,1,0,0,1,0,0,1;                   957P   1235
126,1,1,1,0,1,0,0,0,1,1,1,1,1,0,0,1,1,0,0,1,0,0,1;                   959P   1236
126,1,1,1,0,1,0,0,0,1,1,1,1,0,0,0,1,0,0,0,1,0,0,1;                   961P   1237
126,1,1,1,0,1,0,0,0,1,1,1,1,0,0,0,0,1,0,0,1,0,0,1;                   963P   1238
508,4,0,331,79,1,1,0,957,0,331,125,0,1,0,959,0,331,126,0,1,0,        965P   1239
961,0,331,127,1,1,0,963;                                             965P   1240
510,955,1,1,965;                                                     967P   1241
128,1,1,1,1,0,0,1,0,0,0,0,1,1,0,0,1,1,1,1,1,1,-25,-29.5,             969P   1242
-184.822773635914,-20,-29.5,-189.822773635914,-25,-30,               969P   1243
-184.822773635914,-20,-30,-189.822773635914,0,1,0,1;                 969P   1244
126,1,1,1,0,1,0,0,0,1,1,1,1,0,1,0,1,1,0,0,1,0,0,1;                   971P   1245
126,1,1,1,0,1,0,0,0,1,1,1,1,1,0,0,1,1,0,0,1,0,0,1;                   973P   1246
126,1,1,1,0,1,0,0,0,1,1,1,1,0,0,0,1,0,0,0,1,0,0,1;                   975P   1247
126,1,1,1,0,1,0,0,0,1,1,1,1,0,0,0,0,1,0,0,1,0,0,1;                   977P   1248
508,4,0,331,80,1,1,0,971,0,331,127,0,1,0,973,0,331,128,0,1,0,        979P   1249
975,0,331,129,1,1,0,977;                                             979P   1250
510,969,1,1,979;                                                     981P   1251
128,1,1,1,1,0,0,1,0,0,0,0,1,1,0,0,1,1,1,1,1,1,-24.9999999999999,     983P   1252
-29.5,185.177226364086,-25,-29.5,-184.822773635914,                  983P   1253
-24.9999999999999,-30,185.177226364086,-25,-30,                      983P   1254
-184.822773635914,0,1,0,1;                                           983P   1255
126,1,1,1,0,1,0,0,0,1,1,1,1,0,1,0,1,1,0,0,1,0,0,1;                   985P   1256
126,1,1,1,0,1,0,0,0,1,1,1,1,1,0,0,1,1,0,0,1,0,0,1;                   987P   1257
126,1,1,1,0,1,0,0,0,1,1,1,1,0,0,0,1,0,0,0,1,0,0,1;                   989P   1258
126,1,1,1,0,1,0,0,0,1,1,1,1,0,0,0,0,1,0,0,1,0,0,1;                   991P   1259
508,4,0,331,81,1,1,0,985,0,331,129,0,1,0,987,0,331,130,0,1,0,        993P   1260
989,0,331,131,1,1,0,991;                                             993P   1261
510,983,1,1,993;                                                     995P   1262
128,1,1,1,1,0,0,1,0,0,0,0,1,1,0,0,1,1,1,1,1,1,-19.9999999999999,     997P   1263
-29.5,190.177226364086,-24.9999999999999,-29.5,185.177226364086,     997P   1264
-19.9999999999999,-30,190.177226364086,-24.9999999999999,-30,        997P   1265
185.177226364086,0,1,0,1;                                            997P   1266
126,1,1,1,0,1,0,0,0,1,1,1,1,0,1,0,1,1,0,0,1,0,0,1;                   999P   1267
126,1,1,1,0,1,0,0,0,1,1,1,1,1,0,0,1,1,0,0,1,0,0,1;                  1001P   1268
126,1,1,1,0,1,0,0,0,1,1,1,1,0,0,0,1,0,0,0,1,0,0,1;                  1003P   1269
126,1,1,1,0,1,0,0,0,1,1,1,1,0,0,0,0,1,0,0,1,0,0,1;                  1005P   1270
508,4,0,331,82,1,1,0,999,0,331,131,0,1,0,1001,0,331,132,0,1,0,      1007P   1271
1003,0,331,133,1,1,0,1005;                                          1007P   1272
510,997,1,1,1007;                                                   1009P   1273
128,1,1,1,1,0,0,1,0,0,0,0,1,1,0,0,1,1,1,1,1,1,20.0000000000001,     1011P   1274
-29.5,190.177226364086,-19.9999999999999,-29.5,190.177226364086,    1011P   1275
20.0000000000001,-30,190.177226364086,-19.9999999999999,-30,        1011P   1276
190.177226364086,0,1,0,1;                                           1011P   1277
126,1,1,1,0,1,0,0,0,1,1,1,1,0,1,0,1,1,0,0,1,0,0,1;                  1013P   1278
126,1,1,1,0,1,0,0,0,1,1,1,1,1,0,0,1,1,0,0,1,0,0,1;                  1015P   1279
126,1,1,1,0,1,0,0,0,1,1,1,1,0,0,0,1,0,0,0,1,0,0,1;                  1017P   1280
126,1,1,1,0,1,0,0,0,1,1,1,1,0,0,0,0,1,0,0,1,0,0,1;                  1019P   1281
508,4,0,331,83,1,1,0,1013,0,331,133,0,1,0,1015,0,331,134,0,1,0,     1021P   1282
1017,0,331,135,1,1,0,1019;                                          1021P   1283
510,1011,1,1,1021;                                                  1023P   1284
128,1,1,1,1,0,0,1,0,0,0,0,1,1,0,0,1,1,1,1,1,1,25.0000000000001,     1025P   1285
-29.5,185.177226364086,20.0000000000001,-29.5,190.177226364086,     1025P   1286
25.0000000000001,-30,185.177226364086,20.0000000000001,-30,         1025P   1287
190.177226364086,0,1,0,1;                                           1025P   1288
126,1,1,1,0,1,0,0,0,1,1,1,1,0,1,0,1,1,0,0,1,0,0,1;                  1027P   1289
126,1,1,1,0,1,0,0,0,1,1,1,1,1,0,0,1,1,0,0,1,0,0,1;                  1029P   1290
126,1,1,1,0,1,0,0,0,1,1,1,1,0,0,0,1,0,0,0,1,0,0,1;                  1031P   1291
126,1,1,1,0,1,0,0,0,1,1,1,1,0,0,0,0,1,0,0,1,0,0,1;                  1033P   1292
508,4,0,331,84,1,1,0,1027,0,331,135,0,1,0,1029,0,331,136,0,1,0,     1035P   1293
1031,0,331,137,1,1,0,1033;                                          1035P   1294
510,1025,1,1,1035;                                                  1037P   1295
128,1,1,1,1,0,0,1,0,0,0,0,1,1,0,0,1,1,1,1,1,1,25,-29.5,             1039P   1296
-184.822773635914,25.0000000000001,-29.5,185.177226364086,25,       1039P   1297
-30,-184.822773635914,25.0000000000001,-30,185.177226364086,0,1,    1039P   1298
0,1;                                                                1039P   1299
126,1,1,1,0,1,0,0,0,1,1,1,1,0,1,0,1,1,0,0,1,0,0,1;                  1041P   1300
126,1,1,1,0,1,0,0,0,1,1,1,1,1,0,0,1,1,0,0,1,0,0,1;                  1043P   1301
126,1,1,1,0,1,0,0,0,1,1,1,1,0,0,0,1,0,0,0,1,0,0,1;                  1045P   1302
126,1,1,1,0,1,0,0,0,1,1,1,1,0,0,0,0,1,0,0,1,0,0,1;                  1047P   1303
508,4,0,331,85,1,1,0,1041,0,331,137,0,1,0,1043,0,331,138,0,1,0,     1049P   1304
1045,0,331,139,1,1,0,1047;                                          1049P   1305
510,1039,1,1,1049;                                                  1051P   1306
128,1,1,1,1,0,0,1,0,0,0,0,1,1,0,0,1,1,1,1,1,1,20,-29.5,             1053P   1307
-189.822773635914,25,-29.5,-184.822773635914,20,-30,                1053P   1308
-189.822773635914,25,-30,-184.822773635914,0,1,0,1;                 1053P   1309
126,1,1,1,0,1,0,0,0,1,1,1,1,0,1,0,1,1,0,0,1,0,0,1;                  1055P   1310
126,1,1,1,0,1,0,0,0,1,1,1,1,1,0,0,1,1,0,0,1,0,0,1;                  1057P   1311
126,1,1,1,0,1,0,0,0,1,1,1,1,0,0,0,1,0,0,0,1,0,0,1;                  1059P   1312
126,1,1,1,0,1,0,0,0,1,1,1,1,0,0,0,0,1,0,0,1,0,0,1;                  1061P   1313
508,4,0,331,86,1,1,0,1055,0,331,139,0,1,0,1057,0,331,140,0,1,0,     1063P   1314
1059,0,331,125,1,1,0,1061;                                          1063P   1315
510,1053,1,1,1063;                                                  1065P   1316
128,1,1,1,1,0,0,1,0,0,0,0,1,1,0,0,1,1,1,1,1,1,22,-28,-200,-22,      1067P   1317
-28,-200,22,-28,-202,-22,-28,-202,0,1,0,1;                          1067P   1318
126,1,1,1,0,1,0,0,0,1,1,1,1,0,1,0,1,1,0,0,1,0,0,1;                  1069P   1319
126,1,1,1,0,1,0,0,0,1,1,1,1,1,0,0,1,1,0,0,1,0,0,1;                  1071P   1320
126,1,1,1,0,1,0,0,0,1,1,1,1,0,0,0,1,0,0,0,1,0,0,1;                  1073P   1321
126,1,1,1,0,1,0,0,0,1,1,1,1,0,0,0,0,1,0,0,1,0,0,1;                  1075P   1322
508,4,0,331,90,1,1,0,1069,0,331,141,0,1,0,1071,0,331,106,0,1,0,     1077P   1323
1073,0,331,142,1,1,0,1075;                                          1077P   1324
510,1067,1,1,1077;                                                  1079P   1325
128,1,1,1,1,0,0,1,0,0,0,0,1,1,0,0,1,1,1,1,1,1,28,-5,-200,22,-28,    1081P   1326
-200,28,-5,-202,22,-28,-202,0,1,0,1;                                1081P   1327
126,1,1,1,0,1,0,0,0,1,1,1,1,0,1,0,1,1,0,0,1,0,0,1;                  1083P   1328
126,1,1,1,0,1,0,0,0,1,1,1,1,1,0,0,1,1,0,0,1,0,0,1;                  1085P   1329
126,1,1,1,0,1,0,0,0,1,1,1,1,0,0,0,1,0,0,0,1,0,0,1;                  1087P   1330
126,1,1,1,0,1,0,0,0,1,1,1,1,0,0,0,0,1,0,0,1,0,0,1;                  1089P   1331
508,4,0,331,91,1,1,0,1083,0,331,142,0,1,0,1085,0,331,108,0,1,0,     1091P   1332
1087,0,331,94,1,1,0,1089;                                           1091P   1333
510,1081,1,1,1091;                                                  1093P   1334
128,1,1,1,1,0,0,1,0,0,0,0,1,1,0,0,1,1,1,1,1,1,-22,-28,-200,-28,     1095P   1335
-5,-200,-22,-28,-202,-28,-5,-202,0,1,0,1;                           1095P   1336
126,1,1,1,0,1,0,0,0,1,1,1,1,0,1,0,1,1,0,0,1,0,0,1;                  1097P   1337
126,1,1,1,0,1,0,0,0,1,1,1,1,1,0,0,1,1,0,0,1,0,0,1;                  1099P   1338
126,1,1,1,0,1,0,0,0,1,1,1,1,0,0,0,1,0,0,0,1,0,0,1;                  1101P   1339
126,1,1,1,0,1,0,0,0,1,1,1,1,0,0,0,0,1,0,0,1,0,0,1;                  1103P   1340
508,4,0,331,89,1,1,0,1097,0,331,96,0,1,0,1099,0,331,107,0,1,0,      1105P   1341
1101,0,331,141,1,1,0,1103;                                          1105P   1342
510,1095,1,1,1105;                                                  1107P   1343
110,-2.63918042453269E-15,-10,-227,-2.76164510444743E-15,-9,        1109P   1344
-227;                                                               1109P   1345
110,-2.94534212431953E-15,-5,-232,-3.55766552389321E-15,0,-232;     1111P   1346
120,1109,1111,0,6.28318530717959;                                   1113P   1347
126,1,1,1,0,1,0,0,0,1,1,1,1,0,3.14159265358979,0,1,                 1115P   1348
3.14159265358979,0,0,1,0,0,1;                                       1115P   1349
126,1,1,1,0,1,0,0,0,1,1,1,1,0,0,0,0,3.14159265358979,0,0,1,0,0,     1117P   1350
1;                                                                  1117P   1351
126,1,1,1,0,1,0,0,0,1,1,1,1,0,0,0,1,0,0,0,1,0,0,1;                  1119P   1352
126,1,1,1,0,1,0,0,0,1,1,1,1,1,0,0,1,3.14159265358979,0,0,1,0,0,     1121P   1353
1;                                                                  1121P   1354
508,4,0,331,143,0,1,0,1115,0,331,98,0,1,0,1117,0,331,144,1,1,0,     1123P   1355
1119,0,331,103,1,1,0,1121;                                          1123P   1356
510,1113,1,1,1123;                                                  1125P   1357
128,1,1,1,1,0,0,1,0,0,0,0,1,1,0,0,1,1,1,1,1,1,25.0000000000001,     1127P   1358
-29.5,190.177226364086,-24.9999999999999,-29.5,190.177226364086,    1127P   1359
25.0000000000001,-29.5,-189.822773635914,-25,-29.5,                 1127P   1360
-189.822773635914,0,1,0,1;                                          1127P   1361
126,1,1,1,0,1,0,0,0,1,1,1,1,0.9,1,0,0.100000000000001,1,0,0,1,0,    1129P   1362
0,1;                                                                1129P   1363
126,1,1,1,0,1,0,0,0,1,1,1,1,0.100000000000001,1,0,0,                1131P   1364
0.986842105263158,0,0,1,0,0,1;                                      1131P   1365
126,1,1,1,0,1,0,0,0,1,1,1,1,0,0.986842105263158,0,0,                1133P   1366
0.0131578947368421,0,0,1,0,0,1;                                     1133P   1367
126,1,1,1,0,1,0,0,0,1,1,1,1,0,0.0131578947368421,0,                 1135P   1368
0.0999999999999998,0,0,0,1,0,0,1;                                   1135P   1369
126,1,1,1,0,1,0,0,0,1,1,1,1,0.0999999999999998,0,0,                 1137P   1370
0.899999999999999,0,0,0,1,0,0,1;                                    1137P   1371
126,1,1,1,0,1,0,0,0,1,1,1,1,0.899999999999999,0,0,                  1139P   1372
0.999999999999999,0.0131578947368421,0,0,1,0,0,1;                   1139P   1373
126,1,1,1,0,1,0,0,0,1,1,1,1,0.999999999999999,                      1141P   1374
0.0131578947368421,0,1,0.986842105263158,0,0,1,0,0,1;               1141P   1375
126,1,1,1,0,1,0,0,0,1,1,1,1,1,0.986842105263158,0,0.9,1,0,0,1,0,    1143P   1376
0,1;                                                                1143P   1377
508,8,0,331,126,1,1,0,1129,0,331,140,1,1,0,1131,0,331,138,1,1,0,    1145P   1378
1133,0,331,136,1,1,0,1135,0,331,134,1,1,0,1137,0,331,132,1,1,0,     1145P   1379
1139,0,331,130,1,1,0,1141,0,331,128,1,1,0,1143;                     1145P   1380
126,1,1,1,0,1,0,0,0,1,1,1,1,0.899999999999999,                      1147P   1381
0.00263157894736843,0,0.979999999999999,0.0131578947368421,0,0,     1147P   1382
1,0,0,1;                                                            1147P   1383
126,1,1,1,0,1,0,0,0,1,1,1,1,0.0999999999999998,                     1149P   1384
0.00263157894736843,0,0.899999999999999,0.00263157894736843,0,0,    1149P   1385
1,0,0,1;                                                            1149P   1386
126,1,1,1,0,1,0,0,0,1,1,1,1,0.02,0.0131578947368421,0,              1151P   1387
0.0999999999999998,0.00263157894736843,0,0,1,0,0,1;                 1151P   1388
126,1,1,1,0,1,0,0,0,1,1,1,1,0.0200000000000014,                     1153P   1389
0.986842105263158,0,0.0200000000000001,0.013157894736842,0,0,1,     1153P   1390
0,0,1;                                                              1153P   1391
126,1,1,1,0,1,0,0,0,1,1,1,1,0.100000000000001,0.997368421052632,    1155P   1392
0,0.0200000000000014,0.986842105263158,0,0,1,0,0,1;                 1155P   1393
126,1,1,1,0,1,0,0,0,1,1,1,1,0.9,0.997368421052632,0,                1157P   1394
0.100000000000001,0.997368421052632,0,0,1,0,0,1;                    1157P   1395
126,1,1,1,0,1,0,0,0,1,1,1,1,0.98,0.986842105263158,0,0.9,           1159P   1396
0.997368421052632,0,0,1,0,0,1;                                      1159P   1397
126,1,1,1,0,1,0,0,0,1,1,1,1,0.979999999999999,                      1161P   1398
0.0131578947368421,0,0.98,0.986842105263158,0,0,1,0,0,1;            1161P   1399
508,8,0,331,109,0,1,0,1147,0,331,124,0,1,0,1149,0,331,122,0,1,0,    1163P   1400
1151,0,331,120,0,1,0,1153,0,331,118,0,1,0,1155,0,331,116,0,1,0,     1163P   1401
1157,0,331,114,0,1,0,1159,0,331,112,0,1,0,1161;                     1163P   1402
510,1127,2,1,1145,1163;                                             1165P   1403
110,27,-27,-214,27,-27,-215;                                        1167P   1404
110,30,-27,-202,30,-27,202;                                         1169P   1405
120,1167,1169,0,6.28318530717959;                                   1171P   1406
126,1,1,1,0,1,0,0,0,1,1,1,1,0,1.5707963267949,0,1,                  1173P   1407
1.5707963267949,0,0,1,0,0,1;                                        1173P   1408
126,1,1,1,0,1,0,0,0,1,1,1,1,0,0,0,0,1.5707963267949,0,0,1,0,0,1;    1175P   1409
126,1,1,1,0,1,0,0,0,1,1,1,1,0,0,0,1,0,0,0,1,0,0,1;                  1177P   1410
126,1,1,1,0,1,0,0,0,1,1,1,1,1,1.5707963267949,0,1,0,0,0,1,0,0,1;    1179P   1411
508,4,0,331,78,0,1,0,1173,0,331,93,0,1,0,1175,0,331,32,1,1,0,       1181P   1412
1177,0,331,75,0,1,0,1179;                                           1181P   1413
510,1171,1,1,1181;                                                  1183P   1414
110,27,27,-214,27,27,-215;                                          1185P   1415
110,27,30,-202,27,30,202;                                           1187P   1416
120,1185,1187,0,6.28318530717959;                                   1189P   1417
126,1,1,1,0,1,0,0,0,1,1,1,1,0,1.5707963267949,0,1,                  1191P   1418
1.5707963267949,0,0,1,0,0,1;                                        1191P   1419
126,1,1,1,0,1,0,0,0,1,1,1,1,0,0,0,0,1.5707963267949,0,0,1,0,0,1;    1193P   1420
126,1,1,1,0,1,0,0,0,1,1,1,1,0,0,0,1,0,0,0,1,0,0,1;                  1195P   1421
126,1,1,1,0,1,0,0,0,1,1,1,1,1,1.5707963267949,0,1,0,0,0,1,0,0,1;    1197P   1422
508,4,0,331,28,0,1,0,1191,0,331,105,0,1,0,1193,0,331,53,1,1,0,      1199P   1423
1195,0,331,17,0,1,0,1197;                                           1199P   1424
510,1189,1,1,1199;                                                  1201P   1425
110,-27,27,-214,-27,27,-215;                                        1203P   1426
110,-30,27,-202,-30,27,202;                                         1205P   1427
120,1203,1205,0,6.28318530717959;                                   1207P   1428
126,1,1,1,0,1,0,0,0,1,1,1,1,0,1.5707963267949,0,1,                  1209P   1429
1.5707963267949,0,0,1,0,0,1;                                        1209P   1430
126,1,1,1,0,1,0,0,0,1,1,1,1,0,0,0,0,1.5707963267949,0,0,1,0,0,1;    1211P   1431
126,1,1,1,0,1,0,0,0,1,1,1,1,0,0,0,1,0,0,0,1,0,0,1;                  1213P   1432
126,1,1,1,0,1,0,0,0,1,1,1,1,1,1.5707963267949,0,1,0,0,0,1,0,0,1;    1215P   1433
508,4,0,331,52,0,1,0,1209,0,331,104,0,1,0,1211,0,331,42,1,1,0,      1217P   1434
1213,0,331,11,0,1,0,1215;                                           1217P   1435
510,1207,1,1,1217;                                                  1219P   1436
110,-27,-27,-214,-27,-27,-215;                                      1221P   1437
110,-27,-30,-202,-27,-30,202;                                       1223P   1438
120,1221,1223,0,6.28318530717959;                                   1225P   1439
126,1,1,1,0,1,0,0,0,1,1,1,1,0,1.5707963267949,0,1,                  1227P   1440
1.5707963267949,0,0,1,0,0,1;                                        1227P   1441
126,1,1,1,0,1,0,0,0,1,1,1,1,0,0,0,0,1.5707963267949,0,0,1,0,0,1;    1229P   1442
126,1,1,1,0,1,0,0,0,1,1,1,1,0,0,0,1,0,0,0,1,0,0,1;                  1231P   1443
126,1,1,1,0,1,0,0,0,1,1,1,1,1,1.5707963267949,0,1,0,0,0,1,0,0,1;    1233P   1444
508,4,0,331,38,0,1,0,1227,0,331,87,0,1,0,1229,0,331,76,1,1,0,       1235P   1445
1231,0,331,73,0,1,0,1233;                                           1235P   1446
510,1225,1,1,1235;                                                  1237P   1447
110,-5.89108132137516E-15,-5,227,-5.95029321602183E-15,-4,227;      1239P   1448
110,4.99999999999999,0,227,4.99999999999999,5,227;                  1241P   1449
120,1239,1241,0,6.28318530717959;                                   1243P   1450
126,1,1,1,0,1,0,0,0,1,1,1,1,1,0,0,1,3.14159265358979,0,0,1,0,0,     1245P   1451
1;                                                                  1245P   1452
126,1,1,1,0,1,0,0,0,1,1,1,1,0,3.14159265358979,0,1,                 1247P   1453
3.14159265358979,0,0,1,0,0,1;                                       1247P   1454
126,1,1,1,0,1,0,0,0,1,1,1,1,0,0,0,0,3.14159265358979,0,0,1,0,0,     1249P   1455
1;                                                                  1249P   1456
126,1,1,1,0,1,0,0,0,1,1,1,1,0,0,0,1,0,0,0,1,0,0,1;                  1251P   1457
508,4,0,331,9,1,1,0,1245,0,331,51,0,1,0,1247,0,331,72,0,1,0,        1253P   1458
1249,0,331,49,1,1,0,1251;                                           1253P   1459
510,1243,1,1,1253;                                                  1255P   1460
110,-2.63918042453269E-15,-10,-227,-2.76164510444743E-15,-9,        1257P   1461
-227;                                                               1257P   1462
110,-4.16998892346688E-15,-5,-222,-4.78231232304056E-15,0,-222;     1259P   1463
120,1257,1259,0,6.28318530717959;                                   1261P   1464
126,1,1,1,0,1,0,0,0,1,1,1,1,1,0,0,1,3.14159265358979,0,0,1,0,0,     1263P   1465
1;                                                                  1263P   1466
126,1,1,1,0,1,0,0,0,1,1,1,1,0,3.14159265358979,0,1,                 1265P   1467
3.14159265358979,0,0,1,0,0,1;                                       1265P   1468
126,1,1,1,0,1,0,0,0,1,1,1,1,0,0,0,0,3.14159265358979,0,0,1,0,0,     1267P   1469
1;                                                                  1267P   1470
126,1,1,1,0,1,0,0,0,1,1,1,1,0,0,0,1,0,0,0,1,0,0,1;                  1269P   1471
508,4,0,331,102,1,1,0,1263,0,331,144,0,1,0,1265,0,331,99,0,1,0,     1271P   1472
1267,0,331,143,1,1,0,1269;                                          1271P   1473
510,1261,1,1,1271;                                                  1273P   1474
514,51,361,1,387,1,411,0,425,0,439,0,453,0,483,1,513,1,531,0,       1275P   1475
549,1,563,1,577,0,591,0,623,0,637,0,657,1,675,1,707,1,733,1,761,    1275P   1476
1,779,0,799,1,817,1,841,0,855,0,869,0,883,0,897,0,911,0,925,0,      1275P   1477
939,0,953,0,967,0,981,0,995,0,1009,0,1023,0,1037,0,1051,0,1065,     1275P   1478
0,1079,0,1093,0,1107,0,1125,1,1165,1,1183,1,1201,1,1219,1,1237,     1275P   1479
1,1255,1,1273,1;                                                    1275P   1480
186,1275,1,0;                                                       1277P   1481
S      2G      3D   1278P   1481                                        T      1
