IGES file generated by C3D Converter 1.8                                S      1
translator by C3D Labs., translator version IGESOUT-5.1.                S      2
1H,,1H;,7H Деталь,38HE:\Сдача задания\Модели\IGES\Ручка.igs,0H,3H1.0,32,G      1
38,6,308,15,7Hunknown,1,2,2HMM,1000,1,16H-17740206:063111,1E-6,50000,4HuG      2
ser,7Hunknown,0,0,13H260306:063112;                                     G      3
     502       1       0       0       0       0       0       000010000D      1
     502       0       0      14       1                               0D      2
     124      15       0       0       0       0       0       001020201D      3
     124       0       0       3       0                               0D      4
     100      18       0       0       0       0       3       000010000D      5
     100       1       0       1       0                               0D      6
     124      19       0       0       0       0       0       001020201D      7
     124       1       0       3       0                               0D      8
     100      22       0       0       0       0       7       000010000D      9
     100       1       0       1       0                               0D     10
     124      23       0       0       0       0       0       001020201D     11
     124       1       0       3       0                               0D     12
     100      26       0       0       0       0      11       000010000D     13
     100       1       0       1       0                               0D     14
     124      27       0       0       0       0       0       001020201D     15
     124       1       0       3       0                               0D     16
     100      30       0       0       0       0      15       000010000D     17
     100       1       0       1       0                               0D     18
     110      31       0       0       0       0       0       000010000D     19
     110       1       0       1       0                               0D     20
     124      32       0       0       0       0       0       001020201D     21
     124       1       0       3       0                               0D     22
     100      35       0       0       0       0      21       000010000D     23
     100       1       0       1       0                               0D     24
     110      36       0       0       0       0       0       000010000D     25
     110       1       0       1       0                               0D     26
     110      37       0       0       0       0       0       000010000D     27
     110       1       0       1       0                               0D     28
     124      38       0       0       0       0       0       001020201D     29
     124       1       0       3       0                               0D     30
     100      41       0       0       0       0      29       000010000D     31
     100       1       0       1       0                               0D     32
     110      42       0       0       0       0       0       000010000D     33
     110       1       0       1       0                               0D     34
     124      43       0       0       0       0       0       001020201D     35
     124       1       0       3       0                               0D     36
     100      46       0       0       0       0      35       000010000D     37
     100       1       0       1       0                               0D     38
     124      47       0       0       0       0       0       001020201D     39
     124       1       0       4       0                               0D     40
     100      51       0       0       0       0      39       000010000D     41
     100       1       0       1       0                               0D     42
     124      52       0       0       0       0       0       001020201D     43
     124       1       0       4       0                               0D     44
     100      56       0       0       0       0      43       000010000D     45
     100       1       0       1       0                               0D     46
     124      57       0       0       0       0       0       001020201D     47
     124       1       0       4       0                               0D     48
     100      61       0       0       0       0      47       000010000D     49
     100       1       0       1       0                               0D     50
     124      62       0       0       0       0       0       001020201D     51
     124       1       0       4       0                               0D     52
     100      66       0       0       0       0      51       000010000D     53
     100       1       0       1       0                               0D     54
     124      67       0       0       0       0       0       001020201D     55
     124       1       0       4       0                               0D     56
     100      71       0       0       0       0      55       000010000D     57
     100       1       0       1       0                               0D     58
     124      72       0       0       0       0       0       001020201D     59
     124       1       0       4       0                               0D     60
     100      76       0       0       0       0      59       000010000D     61
     100       1       0       1       0                               0D     62
     110      77       0       0       0       0       0       000010000D     63
     110       1       0       2       0                               0D     64
     124      79       0       0       0       0       0       001020201D     65
     124       1       0       3       0                               0D     66
     100      82       0       0       0       0      65       000010000D     67
     100       1       0       1       0                               0D     68
     110      83       0       0       0       0       0       000010000D     69
     110       1       0       2       0                               0D     70
     124      85       0       0       0       0       0       001020201D     71
     124       1       0       2       0                               0D     72
     100      87       0       0       0       0      71       000010000D     73
     100       1       0       1       0                               0D     74
     124      88       0       0       0       0       0       001020201D     75
     124       1       0       3       0                               0D     76
     100      91       0       0       0       0      75       000010000D     77
     100       1       0       1       0                               0D     78
     124      92       0       0       0       0       0       001020201D     79
     124       1       0       3       0                               0D     80
     100      95       0       0       0       0      79       000010000D     81
     100       1       0       1       0                               0D     82
     124      96       0       0       0       0       0       001020201D     83
     124       1       0       4       0                               0D     84
     100     100       0       0       0       0      83       000010000D     85
     100       1       0       1       0                               0D     86
     124     101       0       0       0       0       0       001020201D     87
     124       1       0       3       0                               0D     88
     100     104       0       0       0       0      87       000010000D     89
     100       1       0       1       0                               0D     90
     124     105       0       0       0       0       0       001020201D     91
     124       1       0       4       0                               0D     92
     100     109       0       0       0       0      91       000010000D     93
     100       1       0       1       0                               0D     94
     110     110       0       0       0       0       0       000010000D     95
     110       1       0       1       0                               0D     96
     124     111       0       0       0       0       0       001020201D     97
     124       1       0       3       0                               0D     98
     100     114       0       0       0       0      97       000010000D     99
     100       1       0       1       0                               0D    100
     110     115       0       0       0       0       0       000010000D    101
     110       1       0       1       0                               0D    102
     124     116       0       0       0       0       0       001020201D    103
     124       1       0       4       0                               0D    104
     100     120       0       0       0       0     103       000010000D    105
     100       1       0       1       0                               0D    106
     124     121       0       0       0       0       0       001020201D    107
     124       1       0       3       0                               0D    108
     100     124       0       0       0       0     107       000010000D    109
     100       1       0       1       0                               0D    110
     124     125       0       0       0       0       0       001020201D    111
     124       1       0       2       0                               0D    112
     100     127       0       0       0       0     111       000010000D    113
     100       1       0       1       0                               0D    114
     124     128       0       0       0       0       0       001020201D    115
     124       1       0       2       0                               0D    116
     100     130       0       0       0       0     115       000010000D    117
     100       1       0       1       0                               0D    118
     124     131       0       0       0       0       0       001020201D    119
     124       1       0       3       0                               0D    120
     100     134       0       0       0       0     119       000010000D    121
     100       1       0       1       0                               0D    122
     124     135       0       0       0       0       0       001020201D    123
     124       1       0       4       0                               0D    124
     100     139       0       0       0       0     123       000010000D    125
     100       1       0       1       0                               0D    126
     124     140       0       0       0       0       0       001020201D    127
     124       1       0       4       0                               0D    128
     100     144       0       0       0       0     127       000010000D    129
     100       1       0       1       0                               0D    130
     124     145       0       0       0       0       0       001020201D    131
     124       1       0       2       0                               0D    132
     100     147       0       0       0       0     131       000010000D    133
     100       1       0       1       0                               0D    134
     124     148       0       0       0       0       0       001020201D    135
     124       1       0       2       0                               0D    136
     100     150       0       0       0       0     135       000010000D    137
     100       1       0       1       0                               0D    138
     504     151       0       0       0       0       0       000010000D    139
     504       1       0       8       1                               0D    140
     128     159       0       0       0       0       0       000010000D    141
     128       1       0       2       0                               0D    142
     126     161       0       0       0       0       0       001010500D    143
     126       1       0      27       0                               0D    144
     126     188       0       0       0       0       0       001010500D    145
     126       1       0      27       0                               0D    146
     508     215       0       0       0       0       0       000010000D    147
     508       1       0       1       1                               0D    148
     126     216       0       0       0       0       0       001010500D    149
     126       1       0      28       0                               0D    150
     126     244       0       0       0       0       0       001010500D    151
     126       1       0      28       0                               0D    152
     508     272       0       0       0       0       0       000010000D    153
     508       1       0       1       1                               0D    154
     314     273       0       0       0       0       0       001000200D    155
     314       1       0       1       0                               0D    156
     510     274       0       0       0       0       0       000010000D    157
     510       1    -155       1       1                               0D    158
     110     275       0       0       0       0       0       001010000D    159
     110       1       0       1       0                               0D    160
     110     276       0       0       0       0       0       001010001D    161
     110       1       0       1       0                               0D    162
     120     277       0       0       0       0       0       000010000D    163
     120       1       0       1       0                               0D    164
     126     278       0       0       0       0       0       001010500D    165
     126       1       0       2       0                               0D    166
     126     280       0       0       0       0       0       001010500D    167
     126       1       0       2       0                               0D    168
     126     282       0       0       0       0       0       001010500D    169
     126       1       0       1       0                               0D    170
     126     283       0       0       0       0       0       001010500D    171
     126       1       0       2       0                               0D    172
     508     285       0       0       0       0       0       000010000D    173
     508       1       0       2       1                               0D    174
     510     287       0       0       0       0       0       000010000D    175
     510       1    -155       1       1                               0D    176
     110     288       0       0       0       0       0       001010000D    177
     110       1       0       1       0                               0D    178
     110     289       0       0       0       0       0       001010001D    179
     110       1       0       1       0                               0D    180
     120     290       0       0       0       0       0       000010000D    181
     120       1       0       1       0                               0D    182
     126     291       0       0       0       0       0       001010500D    183
     126       1       0       1       0                               0D    184
     126     292       0       0       0       0       0       001010500D    185
     126       1       0       2       0                               0D    186
     126     294       0       0       0       0       0       001010500D    187
     126       1       0       2       0                               0D    188
     126     296       0       0       0       0       0       001010500D    189
     126       1       0       2       0                               0D    190
     508     298       0       0       0       0       0       000010000D    191
     508       1       0       2       1                               0D    192
     510     300       0       0       0       0       0       000010000D    193
     510       1    -155       1       1                               0D    194
     128     301       0       0       0       0       0       000010000D    195
     128       1       0       2       0                               0D    196
     126     303       0       0       0       0       0       001010500D    197
     126       1       0      27       0                               0D    198
     126     330       0       0       0       0       0       001010500D    199
     126       1       0      27       0                               0D    200
     508     357       0       0       0       0       0       000010000D    201
     508       1       0       1       1                               0D    202
     510     358       0       0       0       0       0       000010000D    203
     510       1    -155       1       1                               0D    204
     110     359       0       0       0       0       0       001010000D    205
     110       1       0       1       0                               0D    206
     124     360       0       0       0       0       0       001020201D    207
     124       1       0       4       0                               0D    208
     100     364       0       0       0       0     207       001010001D    209
     100       1       0       1       0                               0D    210
     120     365       0       0       0       0       0       000010000D    211
     120       1       0       1       0                               0D    212
     126     366       0       0       0       0       0       001010500D    213
     126       1       0       2       0                               0D    214
     126     368       0       0       0       0       0       001010500D    215
     126       1       0       2       0                               0D    216
     126     370       0       0       0       0       0       001010500D    217
     126       1       0       2       0                               0D    218
     126     372       0       0       0       0       0       001010500D    219
     126       1       0       2       0                               0D    220
     508     374       0       0       0       0       0       000010000D    221
     508       1       0       2       1                               0D    222
     510     376       0       0       0       0       0       000010000D    223
     510       1    -155       1       1                               0D    224
     110     377       0       0       0       0       0       001010000D    225
     110       1       0       2       0                               0D    226
     124     379       0       0       0       0       0       001020201D    227
     124       1       0       4       0                               0D    228
     100     383       0       0       0       0     227       001010001D    229
     100       1       0       1       0                               0D    230
     120     384       0       0       0       0       0       000010000D    231
     120       1       0       1       0                               0D    232
     126     385       0       0       0       0       0       001010500D    233
     126       1       0       2       0                               0D    234
     126     387       0       0       0       0       0       001010500D    235
     126       1       0       2       0                               0D    236
     126     389       0       0       0       0       0       001010500D    237
     126       1       0       2       0                               0D    238
     126     391       0       0       0       0       0       001010500D    239
     126       1       0       2       0                               0D    240
     508     393       0       0       0       0       0       000010000D    241
     508       1       0       2       1                               0D    242
     510     395       0       0       0       0       0       000010000D    243
     510       1    -155       1       1                               0D    244
     110     396       0       0       0       0       0       001010000D    245
     110       1       0       1       0                               0D    246
     110     397       0       0       0       0       0       001010001D    247
     110       1       0       2       0                               0D    248
     120     399       0       0       0       0       0       000010000D    249
     120       1       0       1       0                               0D    250
     126     400       0       0       0       0       0       001010500D    251
     126       1       0       1       0                               0D    252
     126     401       0       0       0       0       0       001010500D    253
     126       1       0       2       0                               0D    254
     126     403       0       0       0       0       0       001010500D    255
     126       1       0       2       0                               0D    256
     126     405       0       0       0       0       0       001010500D    257
     126       1       0       2       0                               0D    258
     508     407       0       0       0       0       0       000010000D    259
     508       1       0       2       1                               0D    260
     510     409       0       0       0       0       0       000010000D    261
     510       1    -155       1       1                               0D    262
     128     410       0       0       0       0       0       000010000D    263
     128       1       0       2       0                               0D    264
     126     412       0       0       0       0       0       001010500D    265
     126       1       0      27       0                               0D    266
     126     439       0       0       0       0       0       001010500D    267
     126       1       0      27       0                               0D    268
     508     466       0       0       0       0       0       000010000D    269
     508       1       0       1       1                               0D    270
     126     467       0       0       0       0       0       001010500D    271
     126       1       0      28       0                               0D    272
     126     495       0       0       0       0       0       001010500D    273
     126       1       0      28       0                               0D    274
     508     523       0       0       0       0       0       000010000D    275
     508       1       0       1       1                               0D    276
     510     524       0       0       0       0       0       000010000D    277
     510       1    -155       1       1                               0D    278
     110     525       0       0       0       0       0       001010000D    279
     110       1       0       1       0                               0D    280
     124     526       0       0       0       0       0       001020201D    281
     124       1       0       4       0                               0D    282
     100     530       0       0       0       0     281       001010001D    283
     100       1       0       1       0                               0D    284
     120     531       0       0       0       0       0       000010000D    285
     120       1       0       1       0                               0D    286
     126     532       0       0       0       0       0       001010500D    287
     126       1       0       2       0                               0D    288
     126     534       0       0       0       0       0       001010500D    289
     126       1       0       1       0                               0D    290
     126     535       0       0       0       0       0       001010500D    291
     126       1       0       2       0                               0D    292
     126     537       0       0       0       0       0       001010500D    293
     126       1       0       2       0                               0D    294
     508     539       0       0       0       0       0       000010000D    295
     508       1       0       2       1                               0D    296
     510     541       0       0       0       0       0       000010000D    297
     510       1    -155       1       1                               0D    298
     110     542       0       0       0       0       0       001010000D    299
     110       1       0       1       0                               0D    300
     110     543       0       0       0       0       0       001010001D    301
     110       1       0       1       0                               0D    302
     120     544       0       0       0       0       0       000010000D    303
     120       1       0       1       0                               0D    304
     126     545       0       0       0       0       0       001010500D    305
     126       1       0       2       0                               0D    306
     126     547       0       0       0       0       0       001010500D    307
     126       1       0       1       0                               0D    308
     126     548       0       0       0       0       0       001010500D    309
     126       1       0       2       0                               0D    310
     126     550       0       0       0       0       0       001010500D    311
     126       1       0       2       0                               0D    312
     508     552       0       0       0       0       0       000010000D    313
     508       1       0       2       1                               0D    314
     510     554       0       0       0       0       0       000010000D    315
     510       1    -155       1       1                               0D    316
     110     555       0       0       0       0       0       001010000D    317
     110       1       0       1       0                               0D    318
     124     556       0       0       0       0       0       001020201D    319
     124       1       0       4       0                               0D    320
     100     560       0       0       0       0     319       001010001D    321
     100       1       0       1       0                               0D    322
     120     561       0       0       0       0       0       000010000D    323
     120       1       0       1       0                               0D    324
     126     562       0       0       0       0       0       001010500D    325
     126       1       0       2       0                               0D    326
     126     564       0       0       0       0       0       001010500D    327
     126       1       0       1       0                               0D    328
     126     565       0       0       0       0       0       001010500D    329
     126       1       0       2       0                               0D    330
     126     567       0       0       0       0       0       001010500D    331
     126       1       0       2       0                               0D    332
     508     569       0       0       0       0       0       000010000D    333
     508       1       0       2       1                               0D    334
     510     571       0       0       0       0       0       000010000D    335
     510       1    -155       1       1                               0D    336
     128     572       0       0       0       0       0       000010000D    337
     128       1       0       2       0                               0D    338
     126     574       0       0       0       0       0       001010500D    339
     126       1       0      27       0                               0D    340
     126     601       0       0       0       0       0       001010500D    341
     126       1       0      27       0                               0D    342
     508     628       0       0       0       0       0       000010000D    343
     508       1       0       1       1                               0D    344
     510     629       0       0       0       0       0       000010000D    345
     510       1    -155       1       1                               0D    346
     110     630       0       0       0       0       0       001010000D    347
     110       1       0       1       0                               0D    348
     110     631       0       0       0       0       0       001010001D    349
     110       1       0       1       0                               0D    350
     120     632       0       0       0       0       0       000010000D    351
     120       1       0       1       0                               0D    352
     126     633       0       0       0       0       0       001010500D    353
     126       1       0       2       0                               0D    354
     126     635       0       0       0       0       0       001010500D    355
     126       1       0       2       0                               0D    356
     126     637       0       0       0       0       0       001010500D    357
     126       1       0       2       0                               0D    358
     126     639       0       0       0       0       0       001010500D    359
     126       1       0       1       0                               0D    360
     508     640       0       0       0       0       0       000010000D    361
     508       1       0       2       1                               0D    362
     510     642       0       0       0       0       0       000010000D    363
     510       1    -155       1       1                               0D    364
     110     643       0       0       0       0       0       001010000D    365
     110       1       0       1       0                               0D    366
     110     644       0       0       0       0       0       001010001D    367
     110       1       0       1       0                               0D    368
     120     645       0       0       0       0       0       000010000D    369
     120       1       0       1       0                               0D    370
     126     646       0       0       0       0       0       001010500D    371
     126       1       0       2       0                               0D    372
     126     648       0       0       0       0       0       001010500D    373
     126       1       0       1       0                               0D    374
     126     649       0       0       0       0       0       001010500D    375
     126       1       0       2       0                               0D    376
     126     651       0       0       0       0       0       001010500D    377
     126       1       0       2       0                               0D    378
     508     653       0       0       0       0       0       000010000D    379
     508       1       0       2       1                               0D    380
     510     655       0       0       0       0       0       000010000D    381
     510       1    -155       1       1                               0D    382
     110     656       0       0       0       0       0       001010000D    383
     110       1       0       1       0                               0D    384
     124     657       0       0       0       0       0       001020201D    385
     124       1       0       4       0                               0D    386
     100     661       0       0       0       0     385       001010001D    387
     100       1       0       1       0                               0D    388
     120     662       0       0       0       0       0       000010000D    389
     120       1       0       1       0                               0D    390
     126     663       0       0       0       0       0       001010500D    391
     126       1       0       2       0                               0D    392
     126     665       0       0       0       0       0       001010500D    393
     126       1       0       2       0                               0D    394
     126     667       0       0       0       0       0       001010500D    395
     126       1       0       2       0                               0D    396
     126     669       0       0       0       0       0       001010500D    397
     126       1       0       2       0                               0D    398
     508     671       0       0       0       0       0       000010000D    399
     508       1       0       2       1                               0D    400
     510     673       0       0       0       0       0       000010000D    401
     510       1    -155       1       1                               0D    402
     110     674       0       0       0       0       0       001010000D    403
     110       1       0       2       0                               0D    404
     124     676       0       0       0       0       0       001020201D    405
     124       1       0       4       0                               0D    406
     100     680       0       0       0       0     405       001010001D    407
     100       1       0       1       0                               0D    408
     120     681       0       0       0       0       0       000010000D    409
     120       1       0       1       0                               0D    410
     126     682       0       0       0       0       0       001010500D    411
     126       1       0       2       0                               0D    412
     126     684       0       0       0       0       0       001010500D    413
     126       1       0       2       0                               0D    414
     126     686       0       0       0       0       0       001010500D    415
     126       1       0       2       0                               0D    416
     126     688       0       0       0       0       0       001010500D    417
     126       1       0       2       0                               0D    418
     508     690       0       0       0       0       0       000010000D    419
     508       1       0       2       1                               0D    420
     510     692       0       0       0       0       0       000010000D    421
     510       1    -155       1       1                               0D    422
     110     693       0       0       0       0       0       001010000D    423
     110       1       0       1       0                               0D    424
     110     694       0       0       0       0       0       001010001D    425
     110       1       0       2       0                               0D    426
     120     696       0       0       0       0       0       000010000D    427
     120       1       0       1       0                               0D    428
     126     697       0       0       0       0       0       001010500D    429
     126       1       0       2       0                               0D    430
     126     699       0       0       0       0       0       001010500D    431
     126       1       0       1       0                               0D    432
     126     700       0       0       0       0       0       001010500D    433
     126       1       0       2       0                               0D    434
     126     702       0       0       0       0       0       001010500D    435
     126       1       0       2       0                               0D    436
     508     704       0       0       0       0       0       000010000D    437
     508       1       0       2       1                               0D    438
     510     706       0       0       0       0       0       000010000D    439
     510       1    -155       1       1                               0D    440
     110     707       0       0       0       0       0       001010000D    441
     110       1       0       1       0                               0D    442
     124     708       0       0       0       0       0       001020201D    443
     124       1       0       1       0                               0D    444
     100     709       0       0       0       0     443       001010001D    445
     100       1       0       1       0                               0D    446
     120     710       0       0       0       0       0       000010000D    447
     120       1       0       1       0                               0D    448
     126     711       0       0       0       0       0       001010500D    449
     126       1       0       1       0                               0D    450
     126     712       0       0       0       0       0       001010500D    451
     126       1       0       2       0                               0D    452
     126     714       0       0       0       0       0       001010500D    453
     126       1       0       2       0                               0D    454
     126     716       0       0       0       0       0       001010500D    455
     126       1       0       2       0                               0D    456
     508     718       0       0       0       0       0       000010000D    457
     508       1       0       2       1                               0D    458
     510     720       0       0       0       0       0       000010000D    459
     510       1    -155       1       1                               0D    460
     110     721       0       0       0       0       0       001010000D    461
     110       1       0       1       0                               0D    462
     110     722       0       0       0       0       0       001010001D    463
     110       1       0       1       0                               0D    464
     120     723       0       0       0       0       0       000010000D    465
     120       1       0       1       0                               0D    466
     126     724       0       0       0       0       0       001010500D    467
     126       1       0       1       0                               0D    468
     126     725       0       0       0       0       0       001010500D    469
     126       1       0       2       0                               0D    470
     126     727       0       0       0       0       0       001010500D    471
     126       1       0       2       0                               0D    472
     126     729       0       0       0       0       0       001010500D    473
     126       1       0       2       0                               0D    474
     508     731       0       0       0       0       0       000010000D    475
     508       1       0       2       1                               0D    476
     510     733       0       0       0       0       0       000010000D    477
     510       1    -155       1       1                               0D    478
     110     734       0       0       0       0       0       001010000D    479
     110       1       0       1       0                               0D    480
     124     735       0       0       0       0       0       001020201D    481
     124       1       0       2       0                               0D    482
     100     737       0       0       0       0     481       001010001D    483
     100       1       0       1       0                               0D    484
     120     738       0       0       0       0       0       000010000D    485
     120       1       0       1       0                               0D    486
     126     739       0       0       0       0       0       001010500D    487
     126       1       0       1       0                               0D    488
     126     740       0       0       0       0       0       001010500D    489
     126       1       0       2       0                               0D    490
     126     742       0       0       0       0       0       001010500D    491
     126       1       0       2       0                               0D    492
     126     744       0       0       0       0       0       001010500D    493
     126       1       0       2       0                               0D    494
     508     746       0       0       0       0       0       000010000D    495
     508       1       0       2       1                               0D    496
     510     748       0       0       0       0       0       000010000D    497
     510       1    -155       1       1                               0D    498
     514     749       0       0       0       0       0       000010000D    499
     514       1       0       3       1                               0D    500
     186     752       0       0       0       0       0       000010000D    501
     186       1       0       1       0                               0D    502
502,22,50,-15,-6.4293956955236E-15,50,15,-1.19403062916867E-14,        1P      1
50,-5,-8.26636589424463E-15,50,5,-1.01033360929657E-14,10,5,           1P      2
-2.75545529808155E-15,10,-5,-9.18485099360516E-16,32,15,               1P      3
-8.63375993398884E-15,32,-15,-3.12284933782575E-15,                    1P      4
30.1459503782261,13.75,-8.06355526893384E-15,30.1459503782261,         1P      5
-13.75,-3.01188722245101E-15,28.2919007564522,12.5,                    1P      6
-7.49335060387885E-15,28.2919007564522,-12.5,                          1P      7
-2.90092510707627E-15,20,12.5,-5.97015314584335E-15,20,-12.5,          1P      8
-1.37772764904077E-15,20,1.59204083889156E-15,13,20,                   1P      9
-1.59204083889156E-15,-13,18,-1.83697019872103E-15,-15,18,             1P     10
1.83697019872103E-15,15,2,-1.83697019872103E-15,-15,2,                 1P     11
1.83697019872103E-15,15,-2.41527595625634E-15,                         1P     12
-1.59204083889156E-15,-13,2.27631778561265E-15,                        1P     13
1.59204083889156E-15,13;                                               1P     14
124,1.12481983699639E-32,-1.83697019872103E-16,1,50,-1,                3P     15
-6.12323399573677E-17,0,0,6.12323399573677E-17,-1,                     3P     16
-1.83697019872103E-16,-9.18485099360515E-15;                           3P     17
100,0,0,0,15,0,-15,1.83697019872103E-15;                               5P     18
124,-3.37445951098918E-32,1.83697019872103E-16,1,50,1,                 7P     19
1.83697019872103E-16,0,0,-1.83697019872103E-16,1,                      7P     20
-1.83697019872103E-16,-9.18485099360515E-15;                           7P     21
100,0,0,0,15,0,-15,1.83697019872103E-15;                               9P     22
124,-3.37445951098918E-32,1.83697019872103E-16,1,50,1,                11P     23
1.83697019872103E-16,0,0,-1.83697019872103E-16,1,                     11P     24
-1.83697019872103E-16,-9.18485099360515E-15;                          11P     25
100,0,0,0,5,0,-5,6.12323399573677E-16;                                13P     26
124,1.12481983699639E-32,-1.83697019872103E-16,1,50,-1,               15P     27
-6.12323399573676E-17,0,0,6.12323399573676E-17,-1,                    15P     28
-1.83697019872103E-16,-9.18485099360515E-15;                          15P     29
100,0,0,0,5,0,-5,6.12323399573677E-16;                                17P     30
110,10,5,-2.75545529808155E-15,50,5,-1.01033360929657E-14;            19P     31
124,1.12481983699639E-32,-1.83697019872103E-16,1,10,-1,               21P     32
-6.12323399573677E-17,0,0,6.12323399573677E-17,-1,                    21P     33
-1.83697019872103E-16,-1.83697019872103E-15;                          21P     34
100,0,0,0,5,0,-5,6.12323399573677E-16;                                23P     35
110,10,-5,-1.53080849893419E-15,50,-5,-8.87868929381831E-15;          25P     36
110,32,15,-8.63375993398884E-15,50,15,-1.19403062916867E-14;          27P     37
124,-3.37445951098918E-32,1.83697019872103E-16,1,32,1,                29P     38
1.83697019872103E-16,0,0,-1.83697019872103E-16,1,                     29P     39
-1.83697019872103E-16,-5.87830463590729E-15;                          29P     40
100,0,0,0,15,0,-15,1.83697019872103E-15;                              31P     41
110,32,-15,-1.28587913910472E-15,50,-15,-4.59242549680257E-15;        33P     42
124,-3.37445951098918E-32,1.83697019872103E-16,1,10,1,                35P     43
1.83697019872103E-16,0,0,-1.83697019872103E-16,1,                     35P     44
-1.83697019872103E-16,-1.83697019872103E-15;                          35P     45
100,0,0,0,5,0,-5,6.12323399573677E-16;                                37P     46
124,-5.88702551867257E-47,-1,1.83697019872103E-16,32,1,               39P     47
3.37445951098917E-32,1.83697019872103E-16,13,                         39P     48
-1.83697019872103E-16,1.83697019872103E-16,1,                         39P     49
-8.26636589424463E-15;                                                39P     50
100,0,0,0,2,0,0.75,1.85404962177392;                                  41P     51
124,-3.37445951098918E-32,1.83697019872103E-16,1,                     43P     52
30.1459503782261,1,1.83697019872103E-16,0,0,                          43P     53
-1.83697019872103E-16,1,-1.83697019872103E-16,                        43P     54
-5.53772124569243E-15;                                                43P     55
100,0,0,0,13.75,0,-13.75,1.68388934882761E-15;                        45P     56
124,2.7170887009258E-47,-1,-1.83697019872103E-16,32,-1,               47P     57
1.12481983699639E-32,-6.12323399573677E-17,-13,                       47P     58
6.12323399573677E-17,1.83697019872103E-16,-1,                         47P     59
-5.08228421646151E-15;                                                47P     60
100,0,0,0,2,0,0.75,1.85404962177392;                                  49P     61
124,1.77635683940025E-15,1,1.83697019872103E-16,                      51P     62
28.2919007564522,-1,1.77635683940025E-15,1.83697019872103E-16,        51P     63
14.5,1.83697019872103E-16,-1.83697019872103E-16,1,                    51P     64
-7.86074464362305E-15;                                                51P     65
100,0,0,0,2,0,0.75,1.85404962177392;                                  53P     66
124,-3.37445951098918E-32,1.83697019872103E-16,1,                     55P     67
28.2919007564522,1,1.83697019872103E-16,0,0,                          55P     68
-1.83697019872103E-16,1,-1.83697019872103E-16,                        55P     69
-5.19713785547756E-15;                                                55P     70
100,0,0,0,12.5,0,-12.5,1.53080849893419E-15;                          57P     71
124,1.77635683940025E-15,1,-1.83697019872103E-16,                     59P     72
28.2919007564522,1,-1.77635683940025E-15,-3.06161699786838E-16,       59P     73
-14.5,-3.06161699786839E-16,-1.83697019872102E-16,-1,                 59P     74
-7.57793208568402E-16;                                                59P     75
100,0,0,0,2,0,0.75,1.85404962177392;                                  61P     76
110,20,12.5,-5.97015314584335E-15,28.2919007564522,12.5,              63P     77
-7.49335060387885E-15;                                                63P     78
124,-3.37445951098918E-32,1.83697019872103E-16,1,20,1,                65P     79
1.83697019872103E-16,0,0,-1.83697019872103E-16,1,                     65P     80
-1.83697019872103E-16,-3.67394039744206E-15;                          65P     81
100,0,0,0,12.5,0,-12.5,1.53080849893419E-15;                          67P     82
110,20,-12.5,1.5308084989342E-16,28.2919007564522,-12.5,              69P     83
-1.37011660814208E-15;                                                69P     84
124,1.83697019872103E-16,0,1,20,0,-1,0,0,1,0,                         71P     85
-1.83697019872103E-16,-3.67394039744206E-15;                          71P     86
100,0,0,0,13,0,-13,1.59204083889156E-15;                              73P     87
124,-1.83697019872103E-16,-2.24963967399279E-32,1,20,                 75P     88
-1.22464679914735E-16,1,0,0,-1,-1.22464679914735E-16,                 75P     89
-1.83697019872103E-16,-3.67394039744206E-15;                          75P     90
100,0,0,0,13,0,-13,1.59204083889156E-15;                              77P     91
124,1.12481983699639E-32,-1.83697019872103E-16,1,20,-1,               79P     92
-6.12323399573677E-17,0,0,6.12323399573677E-17,-1,                    79P     93
-1.83697019872103E-16,-3.67394039744206E-15;                          79P     94
100,0,0,0,12.5,0,-12.5,1.53080849893419E-15;                          81P     95
124,1.66373699029411E-63,1,2.24963967399279E-32,18,                   83P     96
-1.22464679914735E-16,2.24963967399279E-32,-1,                        83P     97
-1.59204083889156E-15,-1,-2.75501402599016E-48,                       83P     98
1.22464679914735E-16,-13;                                             83P     99
100,0,0,0,2,0,1.22464679914735E-16,2;                                 85P    100
124,-1.83697019872103E-16,-2.24963967399279E-32,1,18,                 87P    101
-1.22464679914735E-16,1,0,0,-1,-1.22464679914735E-16,                 87P    102
-1.83697019872103E-16,-3.30654635769785E-15;                          87P    103
100,0,0,0,15,0,-15,1.83697019872103E-15;                              89P    104
124,-6.65494796117644E-63,1,-4.49927934798557E-32,18,                 91P    105
2.44929359829471E-16,4.49927934798557E-32,1,                          91P    106
3.18408167778312E-15,1,-1.10200561039606E-47,                         91P    107
-2.44929359829471E-16,13;                                             91P    108
100,0,0,0,2,0,1.22464679914735E-16,2;                                 93P    109
110,2,-1.83697019872103E-15,-15,18,-1.83697019872103E-15,-15;         95P    110
124,-1.83697019872103E-16,-2.24963967399279E-32,1,2,                  97P    111
-1.22464679914735E-16,1,0,0,-1,-1.22464679914735E-16,                 97P    112
-1.83697019872103E-16,-3.67394039744206E-16;                          97P    113
100,0,0,0,15,0,-15,1.83697019872103E-15;                              99P    114
110,2,3.67394039744206E-15,15,18,3.67394039744206E-15,15;            101P    115
124,-2.22044604925031E-16,-1,-2.24963967399279E-32,2,                103P    116
-1.22464679914735E-16,4.69622472900996E-33,1,                        103P    117
-1.59204083889156E-15,-1,2.22044604925031E-16,                       103P    118
-1.22464679914735E-16,-13;                                           103P    119
100,0,0,0,2,0,1.22464679914735E-16,2;                                105P    120
124,-1.83697019872103E-16,-2.24963967399279E-32,1,0,                 107P    121
-1.22464679914735E-16,1,0,0,-1,-1.22464679914735E-16,                107P    122
-1.83697019872103E-16,0;                                             107P    123
100,0,0,0,13,0,-13,1.59204083889156E-15;                             109P    124
124,2.22044604925031E-16,-1,0,2,0,0,-1,0,1,2.22044604925031E-16,     111P    125
0,13;                                                                111P    126
100,0,0,0,2,0,1.22464679914735E-16,2;                                113P    127
124,1.83697019872103E-16,0,1,0,0,-1,0,0,1,0,                         115P    128
-1.83697019872103E-16,0;                                             115P    129
100,0,0,0,13,0,-13,1.59204083889156E-15;                             117P    130
124,1.12481983699639E-32,-1.83697019872103E-16,1,32,-1,              119P    131
-6.12323399573677E-17,0,0,6.12323399573677E-17,-1,                   119P    132
-1.83697019872103E-16,-5.87830463590729E-15;                         119P    133
100,0,0,0,15,0,-15,1.83697019872103E-15;                             121P    134
124,1.12481983699639E-32,-1.83697019872103E-16,1,                    123P    135
30.1459503782261,-1,-6.12323399573677E-17,0,0,                       123P    136
6.12323399573677E-17,-1,-1.83697019872103E-16,                       123P    137
-5.53772124569243E-15;                                               123P    138
100,0,0,0,13.75,0,-13.75,1.68388934882761E-15;                       125P    139
124,1.12481983699639E-32,-1.83697019872103E-16,1,                    127P    140
28.2919007564522,-1,-6.12323399573677E-17,0,0,                       127P    141
6.12323399573677E-17,-1,-1.83697019872103E-16,                       127P    142
-5.19713785547756E-15;                                               127P    143
100,0,0,0,12.5,0,-12.5,1.53080849893419E-15;                         129P    144
124,1.83697019872103E-16,0,1,18,0,-1,0,0,1,0,                        131P    145
-1.83697019872103E-16,-3.30654635769785E-15;                         131P    146
100,0,0,0,15,0,-15,1.83697019872103E-15;                             133P    147
124,1.83697019872103E-16,0,1,2,0,-1,0,0,1,0,                         135P    148
-1.83697019872103E-16,-3.67394039744206E-16;                         135P    149
100,0,0,0,15,0,-15,1.83697019872103E-15;                             137P    150
504,38,5,1,1,1,2,9,1,2,1,1,13,1,4,1,3,17,1,3,1,4,19,1,5,1,4,23,      139P    151
1,6,1,5,25,1,6,1,3,27,1,7,1,2,31,1,7,1,8,33,1,8,1,1,37,1,5,1,6,      139P    152
41,1,7,1,9,45,1,9,1,10,49,1,8,1,10,53,1,11,1,9,57,1,11,1,12,61,      139P    153
1,12,1,10,63,1,13,1,11,67,1,13,1,14,69,1,14,1,12,73,1,15,1,16,       139P    154
77,1,16,1,15,81,1,14,1,13,85,1,17,1,16,89,1,17,1,18,93,1,18,1,       139P    155
15,95,1,19,1,17,99,1,19,1,20,101,1,20,1,18,105,1,19,1,21,109,1,      139P    156
21,1,22,113,1,20,1,22,117,1,22,1,21,121,1,8,1,7,125,1,10,1,9,        139P    157
129,1,12,1,11,133,1,18,1,17,137,1,20,1,19;                           139P    158
128,1,1,1,1,0,0,1,0,0,0,0,1,1,0,0,1,1,1,1,1,1,50,15,15,50,-15,       141P    159
15,50,15,-15,50,-15,-15,0,1,0,1;                                     141P    160
126,28,3,1,0,1,0,0,0,0,0,0.0384615384615385,0.0769230769230769,      143P    161
0.115384615384615,0.153846153846154,0.192307692307692,               143P    162
0.230769230769231,0.269230769230769,0.307692307692308,               143P    163
0.346153846153846,0.384615384615385,0.423076923076923,               143P    164
0.461538461538461,0.5,0.538461538461538,0.576923076923077,           143P    165
0.615384615384615,0.653846153846154,0.692307692307692,               143P    166
0.73076923076923,0.769230769230769,0.807692307692307,                143P    167
0.846153846153846,0.884615384615384,0.923076923076923,               143P    168
0.961538461538461,1,1,1,1,1,1,1,1,1,1,1,1,1,1,1,1,1,1,1,1,1,1,1,     143P    169
1,1,1,1,1,1,1,1,1,1,1,0.5,0,1,0.520138414446088,0,                   143P    170
0.997563703584719,0.560415160581344,0,0.986653659747647,             143P    171
0.619949357062131,0,0.968647109702849,0.677734404032805,0,           143P    172
0.943806629497199,0.732927687934255,0,0.912494449267984,             143P    173
0.78472436036148,0,0.875167171111835,0.832369110813293,0,            143P    174
0.83236911079798,0.875167171107732,0,0.784724360418632,              143P    175
0.912494449269083,0,0.732927687720959,0.943806629496905,0,           143P    176
0.677734404828839,0.968647109702929,0,0.619949354091291,             143P    177
0.986653659747626,0,0.56041517166867,0.997563703584725,0,0.5,        143P    178
1.00121814820764,0,0.439584828331331,0.997563703584725,0,            143P    179
0.380050645908709,0.986653659747626,0,0.322265595171161,             143P    180
0.968647109702929,0,0.267072312279042,0.943806629496905,0,           143P    181
0.215275639581368,0.912494449269084,0,0.167630889202021,             143P    182
0.875167171107732,0,0.124832828888165,0.832369110813294,0,           143P    183
0.0875055507320167,0.78472436036148,0,0.056193370502801,             143P    184
0.732927687934256,0,0.0313528902971505,0.677734404032806,0,          143P    185
0.0133463402523532,0.619949357062132,0,0.00243629641528142,          143P    186
0.560415160581345,0,0,0.520138414446089,0,0,0.5,0,0,1,0,0,1;         143P    187
126,28,3,1,0,1,0,0,0,0,0,0.0384615384615385,0.0769230769230769,      145P    188
0.115384615384615,0.153846153846154,0.192307692307692,               145P    189
0.230769230769231,0.269230769230769,0.307692307692308,               145P    190
0.346153846153846,0.384615384615385,0.423076923076923,               145P    191
0.461538461538461,0.5,0.538461538461538,0.576923076923077,           145P    192
0.615384615384615,0.653846153846154,0.692307692307692,               145P    193
0.73076923076923,0.769230769230769,0.807692307692307,                145P    194
0.846153846153846,0.884615384615384,0.923076923076923,               145P    195
0.961538461538461,1,1,1,1,1,1,1,1,1,1,1,1,1,1,1,1,1,1,1,1,1,1,1,     145P    196
1,1,1,1,1,1,1,1,1,1,0,0.5,0,0,0.479861585553912,0,                   145P    197
0.00243629641528142,0.439584839418656,0,0.0133463402523529,          145P    198
0.380050642937869,0,0.0313528902971504,0.322265595967195,0,          145P    199
0.0561933705028008,0.267072312065745,0,0.0875055507320161,           145P    200
0.21527563963852,0,0.124832828888165,0.167630889186707,0,            145P    201
0.16763088920202,0.124832828892268,0,0.215275639581368,              145P    202
0.0875055507309168,0,0.267072312279042,0.0561933705030954,0,         145P    203
0.322265595171161,0.0313528902970714,0,0.380050645908708,            145P    204
0.0133463402523745,0,0.43958482833133,0.00243629641527532,0,0.5,     145P    205
-0.00121814820763777,0,0.560415171668669,0.00243629641527532,0,      145P    206
0.61994935409129,0.0133463402523741,0,0.677734404828839,             145P    207
0.0313528902970711,0,0.732927687720958,0.0561933705030955,0,         145P    208
0.784724360418632,0.0875055507309164,0,0.832369110797979,            145P    209
0.124832828892268,0,0.875167171111835,0.167630889186706,0,           145P    210
0.912494449267984,0.21527563963852,0,0.943806629497199,              145P    211
0.267072312065744,0,0.968647109702849,0.322265595967194,0,           145P    212
0.986653659747647,0.380050642937868,0,0.997563703584719,             145P    213
0.439584839418655,0,1,0.479861585553911,0,1,0.5,0,0,1,0,0,1;         145P    214
508,2,0,139,1,1,1,0,143,0,139,2,1,1,0,145;                           147P    215
126,28,3,1,0,1,0,0,0,0,0,0.0384615384615385,0.0769230769230769,      149P    216
0.115384615384615,0.153846153846154,0.192307692307692,               149P    217
0.230769230769231,0.269230769230769,0.307692307692308,               149P    218
0.346153846153846,0.384615384615385,0.423076923076923,               149P    219
0.461538461538461,0.5,0.538461538461538,0.576923076923077,           149P    220
0.615384615384615,0.653846153846154,0.692307692307692,               149P    221
0.73076923076923,0.769230769230769,0.807692307692307,                149P    222
0.846153846153846,0.884615384615384,0.923076923076923,               149P    223
0.961538461538461,1,1,1,1,1,1,1,1,1,1,1,1,1,1,1,1,1,1,1,1,1,1,1,     149P    224
1,1,1,1,1,1,1,1,1,1,0.333333333333333,0.5,0,0.333333333333333,       149P    225
0.493287195184637,0,0.334145432138427,0.479861613139552,0,           149P    226
0.337782113417451,0.46001688097929,0,0.343784296765717,              149P    227
0.440755198655732,0,0.352064456834267,0.422357437355248,0,           149P    228
0.362501850244005,0.405091879879507,0,0.374944276296055,             149P    229
0.389210296395569,0,0.389210296400673,0.374944276297423,0,           149P    230
0.405091879860456,0.362501850243639,0,0.422357437426347,             149P    231
0.352064456834365,0,0.440755198390387,0.34378429676569,0,            149P    232
0.460016881969569,0.337782113417458,0,0.479861609443777,             149P    233
0.334145432138425,0,0.5,0.332927283930787,0,0.520138390556223,       149P    234
0.334145432138425,0,0.53998311803043,0.337782113417458,0,            149P    235
0.559244801609613,0.34378429676569,0,0.577642562573653,              149P    236
0.352064456834365,0,0.594908120139544,0.362501850243639,0,           149P    237
0.610789703599326,0.374944276297422,0,0.625055723703945,             149P    238
0.389210296395569,0,0.637498149755995,0.405091879879507,0,           149P    239
0.647935543165733,0.422357437355248,0,0.656215703234283,             149P    240
0.440755198655731,0,0.662217886582549,0.460016880979289,0,           149P    241
0.665854567861573,0.479861613139552,0,0.666666666666667,             149P    242
0.493287195184637,0,0.666666666666667,0.5,0,0,1,0,0,1;               149P    243
126,28,3,1,0,1,0,0,0,0,0,0.0384615384615385,0.0769230769230769,      151P    244
0.115384615384615,0.153846153846154,0.192307692307692,               151P    245
0.230769230769231,0.269230769230769,0.307692307692308,               151P    246
0.346153846153846,0.384615384615385,0.423076923076923,               151P    247
0.461538461538461,0.5,0.538461538461538,0.576923076923077,           151P    248
0.615384615384615,0.653846153846154,0.692307692307692,               151P    249
0.73076923076923,0.769230769230769,0.807692307692307,                151P    250
0.846153846153846,0.884615384615384,0.923076923076923,               151P    251
0.961538461538461,1,1,1,1,1,1,1,1,1,1,1,1,1,1,1,1,1,1,1,1,1,1,1,     151P    252
1,1,1,1,1,1,1,1,1,1,0.666666666666667,0.5,0,0.666666666666667,       151P    253
0.506712804815363,0,0.665854567861573,0.520138386860448,0,           151P    254
0.662217886582549,0.53998311902071,0,0.656215703234283,              151P    255
0.559244801344268,0,0.647935543165733,0.577642562644752,0,           151P    256
0.637498149755995,0.594908120120493,0,0.625055723703945,             151P    257
0.610789703604431,0,0.610789703599327,0.625055723702577,0,           151P    258
0.594908120139544,0.637498149756361,0,0.577642562573653,             151P    259
0.647935543165635,0,0.559244801609613,0.65621570323431,0,            151P    260
0.53998311803043,0.662217886582542,0,0.520138390556223,              151P    261
0.665854567861575,0,0.5,0.667072716069213,0,0.479861609443777,       151P    262
0.665854567861575,0,0.46001688196957,0.662217886582542,0,            151P    263
0.440755198390387,0.65621570323431,0,0.422357437426347,              151P    264
0.647935543165635,0,0.405091879860456,0.637498149756361,0,           151P    265
0.389210296400674,0.625055723702577,0,0.374944276296055,             151P    266
0.610789703604431,0,0.362501850244005,0.594908120120493,0,           151P    267
0.352064456834267,0.577642562644752,0,0.343784296765717,             151P    268
0.559244801344269,0,0.337782113417451,0.539983119020711,0,           151P    269
0.334145432138427,0.520138386860448,0,0.333333333333333,             151P    270
0.506712804815363,0,0.333333333333333,0.5,0,0,1,0,0,1;               151P    271
508,2,0,139,3,0,1,0,149,0,139,4,0,1,0,151;                           153P    272
314,56.4705882352941,56.4705882352941,56.4705882352941,1H ;          155P    273
510,141,2,1,147,153;                                                 157P    274
110,10,0,-1.83697019872103E-15,11,0,-2.02066721859313E-15;           159P    275
110,10,-5,-1.53080849893419E-15,50,-5,-8.87868929381831E-15;         161P    276
120,159,161,0,6.28318530717959;                                      163P    277
126,1,1,1,0,1,0,0,0,1,1,1,1,0,3.14159265358979,0,1,                  165P    278
3.14159265358979,0,0,1,0,0,1;                                        165P    279
126,1,1,1,0,1,0,0,0,1,1,1,1,0,0,0,0,3.14159265358979,0,0,1,0,0,      167P    280
1;                                                                   167P    281
126,1,1,1,0,1,0,0,0,1,1,1,1,0,0,0,1,0,0,0,1,0,0,1;                   169P    282
126,1,1,1,0,1,0,0,0,1,1,1,1,1,0,0,1,3.14159265358979,0,0,1,0,0,      171P    283
1;                                                                   171P    284
508,4,0,139,5,0,1,0,165,0,139,6,0,1,0,167,0,139,7,1,1,0,169,0,       173P    285
139,4,1,1,0,171;                                                     173P    286
510,163,1,1,173;                                                     175P    287
110,30,0,-5.51091059616309E-15,31,0,-5.69460761603519E-15;           177P    288
110,32,15,-8.63375993398884E-15,50,15,-1.19403062916867E-14;         179P    289
120,177,179,0,6.28318530717959;                                      181P    290
126,1,1,1,0,1,0,0,0,1,1,1,1,0,0,0,1,0,0,0,1,0,0,1;                   183P    291
126,1,1,1,0,1,0,0,0,1,1,1,1,0,0,0,0,3.14159265358979,0,0,1,0,0,      185P    292
1;                                                                   185P    293
126,1,1,1,0,1,0,0,0,1,1,1,1,0,3.14159265358979,0,1,                  187P    294
3.14159265358979,0,0,1,0,0,1;                                        187P    295
126,1,1,1,0,1,0,0,0,1,1,1,1,1,0,0,1,3.14159265358979,0,0,1,0,0,      189P    296
1;                                                                   189P    297
508,4,0,139,8,0,1,0,183,0,139,9,1,1,0,185,0,139,10,1,1,0,187,0,      191P    298
139,2,0,1,0,189;                                                     191P    299
510,181,1,1,191;                                                     193P    300
128,1,1,1,1,0,0,1,0,0,0,0,1,1,0,0,1,1,1,1,1,1,10,5,5,10,-5,5,10,     195P    301
5,-5,10,-5,-5,0,1,0,1;                                               195P    302
126,28,3,1,0,1,0,0,0,0,0,0.0384615384615385,0.0769230769230769,      197P    303
0.115384615384615,0.153846153846154,0.192307692307692,               197P    304
0.230769230769231,0.269230769230769,0.307692307692308,               197P    305
0.346153846153846,0.384615384615385,0.423076923076923,               197P    306
0.461538461538461,0.5,0.538461538461538,0.576923076923077,           197P    307
0.615384615384615,0.653846153846154,0.692307692307692,               197P    308
0.73076923076923,0.769230769230769,0.807692307692307,                197P    309
0.846153846153846,0.884615384615384,0.923076923076923,               197P    310
0.961538461538461,1,1,1,1,1,1,1,1,1,1,1,1,1,1,1,1,1,1,1,1,1,1,1,     197P    311
1,1,1,1,1,1,1,1,1,1,1,0.5,0,1,0.520138414446088,0,                   197P    312
0.997563703584719,0.560415160581344,0,0.986653659747647,             197P    313
0.619949357062131,0,0.968647109702849,0.677734404032805,0,           197P    314
0.943806629497199,0.732927687934255,0,0.912494449267984,             197P    315
0.78472436036148,0,0.875167171111835,0.832369110813293,0,            197P    316
0.83236911079798,0.875167171107732,0,0.784724360418632,              197P    317
0.912494449269083,0,0.732927687720959,0.943806629496905,0,           197P    318
0.677734404828839,0.968647109702929,0,0.619949354091291,             197P    319
0.986653659747626,0,0.56041517166867,0.997563703584725,0,0.5,        197P    320
1.00121814820764,0,0.439584828331331,0.997563703584725,0,            197P    321
0.380050645908709,0.986653659747626,0,0.322265595171161,             197P    322
0.968647109702929,0,0.267072312279042,0.943806629496905,0,           197P    323
0.215275639581368,0.912494449269084,0,0.167630889202021,             197P    324
0.875167171107732,0,0.124832828888165,0.832369110813294,0,           197P    325
0.0875055507320165,0.78472436036148,0,0.0561933705028013,            197P    326
0.732927687934256,0,0.0313528902971506,0.677734404032806,0,          197P    327
0.0133463402523532,0.619949357062132,0,0.00243629641528154,          197P    328
0.560415160581345,0,0,0.520138414446089,0,0,0.5,0,0,1,0,0,1;         197P    329
126,28,3,1,0,1,0,0,0,0,0,0.0384615384615385,0.0769230769230769,      199P    330
0.115384615384615,0.153846153846154,0.192307692307692,               199P    331
0.230769230769231,0.269230769230769,0.307692307692308,               199P    332
0.346153846153846,0.384615384615385,0.423076923076923,               199P    333
0.461538461538461,0.5,0.538461538461538,0.576923076923077,           199P    334
0.615384615384615,0.653846153846154,0.692307692307692,               199P    335
0.73076923076923,0.769230769230769,0.807692307692307,                199P    336
0.846153846153846,0.884615384615384,0.923076923076923,               199P    337
0.961538461538461,1,1,1,1,1,1,1,1,1,1,1,1,1,1,1,1,1,1,1,1,1,1,1,     199P    338
1,1,1,1,1,1,1,1,1,1,0,0.5,0,0,0.479861585553912,0,                   199P    339
0.00243629641528131,0.439584839418656,0,0.0133463402523529,          199P    340
0.380050642937869,0,0.0313528902971505,0.322265595967195,0,          199P    341
0.0561933705028009,0.267072312065745,0,0.0875055507320162,           199P    342
0.21527563963852,0,0.124832828888165,0.167630889186707,0,            199P    343
0.16763088920202,0.124832828892269,0,0.215275639581368,              199P    344
0.0875055507309168,0,0.267072312279042,0.0561933705030955,0,         199P    345
0.322265595171161,0.0313528902970713,0,0.380050645908708,            199P    346
0.0133463402523745,0,0.43958482833133,0.00243629641527521,0,0.5,     199P    347
-0.00121814820763766,0,0.560415171668669,0.00243629641527532,0,      199P    348
0.61994935409129,0.0133463402523739,0,0.677734404828839,             199P    349
0.0313528902970713,0,0.732927687720958,0.0561933705030954,0,         199P    350
0.784724360418632,0.0875055507309164,0,0.832369110797979,            199P    351
0.124832828892268,0,0.875167171111834,0.167630889186706,0,           199P    352
0.912494449267984,0.21527563963852,0,0.943806629497199,              199P    353
0.267072312065744,0,0.968647109702849,0.322265595967194,0,           199P    354
0.986653659747647,0.380050642937868,0,0.997563703584719,             199P    355
0.439584839418655,0,1,0.479861585553911,0,1,0.5,0,0,1,0,0,1;         199P    356
508,2,0,139,6,1,1,0,197,0,139,11,1,1,0,199;                          201P    357
510,195,1,1,201;                                                     203P    358
110,32,0,-5.87830463590729E-15,33,0,-6.0620016557794E-15;            205P    359
124,-5.88702551867257E-47,-1,1.83697019872103E-16,32,1,              207P    360
3.37445951098917E-32,1.83697019872103E-16,13,                        207P    361
-1.83697019872103E-16,1.83697019872103E-16,1,                        207P    362
-8.26636589424463E-15;                                               207P    363
100,0,0,0,2,0,0.75,1.85404962177392;                                 209P    364
120,205,209,0,6.28318530717959;                                      211P    365
126,1,1,1,0,1,0,0,0,1,1,1,1,0,0,0,1.18639955229926,0,0,0,1,0,0,      213P    366
1;                                                                   213P    367
126,1,1,1,0,1,0,0,0,1,1,1,1,1.18639955229926,0,0,                    215P    368
1.18639955229926,3.14159265358979,0,0,1,0,0,1;                       215P    369
126,1,1,1,0,1,0,0,0,1,1,1,1,0,3.14159265358979,0,                    217P    370
1.18639955229926,3.14159265358979,0,0,1,0,0,1;                       217P    371
126,1,1,1,0,1,0,0,0,1,1,1,1,0,0,0,0,3.14159265358979,0,0,1,0,0,      219P    372
1;                                                                   219P    373
508,4,0,139,12,1,1,0,213,0,139,13,1,1,0,215,0,139,14,0,1,0,217,      221P    374
0,139,9,0,1,0,219;                                                   221P    375
510,211,1,1,221;                                                     223P    376
110,28.2919007564522,0,-5.19713785547756E-15,29.2919007564522,0,     225P    377
-5.38083487534966E-15;                                               225P    378
124,1.77635683940025E-15,1,1.83697019872103E-16,                     227P    379
28.2919007564522,-1,1.77635683940025E-15,1.83697019872103E-16,       227P    380
14.5,1.83697019872103E-16,-1.83697019872103E-16,1,                   227P    381
-7.86074464362305E-15;                                               227P    382
100,0,0,0,2,0,0.75,1.85404962177392;                                 229P    383
120,225,229,0,6.28318530717959;                                      231P    384
126,1,1,1,0,1,0,0,0,1,1,1,1,0,0,0,1.18639955229926,0,0,0,1,0,0,      233P    385
1;                                                                   233P    386
126,1,1,1,0,1,0,0,0,1,1,1,1,0,0,0,0,3.14159265358979,0,0,1,0,0,      235P    387
1;                                                                   235P    388
126,1,1,1,0,1,0,0,0,1,1,1,1,0,3.14159265358979,0,                    237P    389
1.18639955229926,3.14159265358979,0,0,1,0,0,1;                       237P    390
126,1,1,1,0,1,0,0,0,1,1,1,1,1.18639955229926,0,0,                    239P    391
1.18639955229926,3.14159265358979,0,0,1,0,0,1;                       239P    392
508,4,0,139,15,0,1,0,233,0,139,16,1,1,0,235,0,139,17,1,1,0,237,      241P    393
0,139,13,0,1,0,239;                                                  241P    394
510,231,1,1,241;                                                     243P    395
110,20,0,-3.67394039744206E-15,21,0,-3.85763741731416E-15;           245P    396
110,20,12.5,-5.97015314584335E-15,28.2919007564522,12.5,             247P    397
-7.49335060387885E-15;                                               247P    398
120,245,247,0,6.28318530717959;                                      249P    399
126,1,1,1,0,1,0,0,0,1,1,1,1,0,0,0,1,0,0,0,1,0,0,1;                   251P    400
126,1,1,1,0,1,0,0,0,1,1,1,1,0,0,0,0,3.14159265358979,0,0,1,0,0,      253P    401
1;                                                                   253P    402
126,1,1,1,0,1,0,0,0,1,1,1,1,0,3.14159265358979,0,1,                  255P    403
3.14159265358979,0,0,1,0,0,1;                                        255P    404
126,1,1,1,0,1,0,0,0,1,1,1,1,1,0,0,1,3.14159265358979,0,0,1,0,0,      257P    405
1;                                                                   257P    406
508,4,0,139,18,0,1,0,251,0,139,19,1,1,0,253,0,139,20,1,1,0,255,      259P    407
0,139,16,0,1,0,257;                                                  259P    408
510,249,1,1,259;                                                     261P    409
128,1,1,1,1,0,0,1,0,0,0,0,1,1,0,0,1,1,1,1,1,1,20,13,-13,20,13,       263P    410
13,20,-13,-13,20,-13,13,0,1,0,1;                                     263P    411
126,28,3,1,0,1,0,0,0,0,0,0.0384615384615385,0.0769230769230769,      265P    412
0.115384615384615,0.153846153846154,0.192307692307692,               265P    413
0.230769230769231,0.269230769230769,0.307692307692308,               265P    414
0.346153846153846,0.384615384615385,0.423076923076923,               265P    415
0.461538461538461,0.5,0.538461538461538,0.576923076923077,           265P    416
0.615384615384615,0.653846153846154,0.692307692307692,               265P    417
0.73076923076923,0.769230769230769,0.807692307692307,                265P    418
0.846153846153846,0.884615384615384,0.923076923076923,               265P    419
0.961538461538461,1,1,1,1,1,1,1,1,1,1,1,1,1,1,1,1,1,1,1,1,1,1,1,     265P    420
1,1,1,1,1,1,1,1,1,1,1,0.5,0,1,0.520138414446088,0,                   265P    421
0.997563703584719,0.560415160581344,0,0.986653659747647,             265P    422
0.619949357062131,0,0.96864710970285,0.677734404032805,0,            265P    423
0.943806629497199,0.732927687934255,0,0.912494449267984,             265P    424
0.78472436036148,0,0.875167171111835,0.832369110813293,0,            265P    425
0.83236911079798,0.875167171107732,0,0.784724360418632,              265P    426
0.912494449269083,0,0.732927687720959,0.943806629496904,0,           265P    427
0.677734404828839,0.968647109702929,0,0.619949354091291,             265P    428
0.986653659747626,0,0.56041517166867,0.997563703584725,0,0.5,        265P    429
1.00121814820764,0,0.439584828331331,0.997563703584725,0,            265P    430
0.380050645908709,0.986653659747626,0,0.322265595171161,             265P    431
0.968647109702929,0,0.267072312279042,0.943806629496905,0,           265P    432
0.215275639581368,0.912494449269084,0,0.167630889202021,             265P    433
0.875167171107732,0,0.124832828888165,0.832369110813294,0,           265P    434
0.0875055507320165,0.78472436036148,0,0.0561933705028013,            265P    435
0.732927687934256,0,0.0313528902971505,0.677734404032806,0,          265P    436
0.013346340252353,0.619949357062132,0,0.00243629641528148,           265P    437
0.560415160581345,0,0,0.520138414446089,0,0,0.5,0,0,1,0,0,1;         265P    438
126,28,3,1,0,1,0,0,0,0,0,0.0384615384615385,0.0769230769230769,      267P    439
0.115384615384615,0.153846153846154,0.192307692307692,               267P    440
0.230769230769231,0.269230769230769,0.307692307692308,               267P    441
0.346153846153846,0.384615384615385,0.423076923076923,               267P    442
0.461538461538461,0.5,0.538461538461538,0.576923076923077,           267P    443
0.615384615384615,0.653846153846154,0.692307692307692,               267P    444
0.73076923076923,0.769230769230769,0.807692307692307,                267P    445
0.846153846153846,0.884615384615384,0.923076923076923,               267P    446
0.961538461538461,1,1,1,1,1,1,1,1,1,1,1,1,1,1,1,1,1,1,1,1,1,1,1,     267P    447
1,1,1,1,1,1,1,1,1,1,0,0.5,0,0,0.479861585553912,0,                   267P    448
0.00243629641528148,0.439584839418656,0,0.0133463402523529,          267P    449
0.380050642937869,0,0.0313528902971503,0.322265595967195,0,          267P    450
0.056193370502801,0.267072312065745,0,0.0875055507320161,            267P    451
0.21527563963852,0,0.124832828888165,0.167630889186707,0,            267P    452
0.16763088920202,0.124832828892269,0,0.215275639581368,              267P    453
0.0875055507309166,0,0.267072312279042,0.0561933705030955,0,         267P    454
0.322265595171161,0.0313528902970714,0,0.380050645908708,            267P    455
0.0133463402523745,0,0.43958482833133,0.00243629641527526,0,0.5,     267P    456
-0.00121814820763766,0,0.560415171668669,0.00243629641527521,0,      267P    457
0.61994935409129,0.0133463402523741,0,0.677734404828839,             267P    458
0.0313528902970712,0,0.732927687720959,0.0561933705030954,0,         267P    459
0.784724360418632,0.0875055507309163,0,0.832369110797979,            267P    460
0.124832828892268,0,0.875167171111834,0.167630889186706,0,           267P    461
0.912494449267984,0.21527563963852,0,0.943806629497199,              267P    462
0.267072312065744,0,0.968647109702849,0.322265595967194,0,           267P    463
0.986653659747647,0.380050642937868,0,0.997563703584719,             267P    464
0.439584839418655,0,1,0.479861585553911,0,1,0.5,0,0,1,0,0,1;         267P    465
508,2,0,139,21,1,1,0,265,0,139,22,1,1,0,267;                         269P    466
126,28,3,1,0,1,0,0,0,0,0,0.0384615384615385,0.0769230769230769,      271P    467
0.115384615384615,0.153846153846154,0.192307692307692,               271P    468
0.230769230769231,0.269230769230769,0.307692307692308,               271P    469
0.346153846153846,0.384615384615385,0.423076923076923,               271P    470
0.461538461538461,0.5,0.538461538461538,0.576923076923077,           271P    471
0.615384615384615,0.653846153846154,0.692307692307692,               271P    472
0.73076923076923,0.769230769230769,0.807692307692307,                271P    473
0.846153846153846,0.884615384615384,0.923076923076923,               271P    474
0.961538461538461,1,1,1,1,1,1,1,1,1,1,1,1,1,1,1,1,1,1,1,1,1,1,1,     271P    475
1,1,1,1,1,1,1,1,1,1,0.5,0.0192307692307692,0,0.519363860044316,      271P    476
0.0192307692307692,0,0.558091500558985,0.0215733619377706,0,         271P    477
0.615335920252049,0.0320637887041855,0,0.670898465416159,            271P    478
0.0493777791318754,0,0.723968930706014,0.0732628562526932,0,         271P    479
0.773773423424499,0.103370721857708,0,0.819585683474321,             271P    480
0.139262335469389,0,0.860737664526665,0.180414316540404,0,           271P    481
0.896629278143349,0.226226576520546,0,0.926737143747023,             271P    482
0.276031069499079,0,0.950622220868201,0.329101533818424,0,           271P    483
0.967936211295794,0.384664082604527,0,0.978426638062235,             271P    484
0.441908488780125,0,0.981940527122729,0.5,0,0.978426638062235,       271P    485
0.558091511219874,0,0.967936211295794,0.615335917395472,0,           271P    486
0.950622220868201,0.670898466181576,0,0.926737143747024,             271P    487
0.723968930500921,0,0.896629278143349,0.773773423479454,0,           271P    488
0.860737664526666,0.819585683459595,0,0.819585683474321,             271P    489
0.86073766453061,0,0.7737734234245,0.896629278142292,0,              271P    490
0.723968930706015,0.926737143747306,0,0.67089846541616,              271P    491
0.950622220868124,0,0.61533592025205,0.967936211295814,0,            271P    492
0.558091500558985,0.97842663806223,0,0.519363860044316,              271P    493
0.980769230769231,0,0.5,0.980769230769231,0,0,1,0,0,1;               271P    494
126,28,3,1,0,1,0,0,0,0,0,0.0384615384615385,0.0769230769230769,      273P    495
0.115384615384615,0.153846153846154,0.192307692307692,               273P    496
0.230769230769231,0.269230769230769,0.307692307692308,               273P    497
0.346153846153846,0.384615384615385,0.423076923076923,               273P    498
0.461538461538461,0.5,0.538461538461538,0.576923076923077,           273P    499
0.615384615384615,0.653846153846154,0.692307692307692,               273P    500
0.73076923076923,0.769230769230769,0.807692307692307,                273P    501
0.846153846153846,0.884615384615384,0.923076923076923,               273P    502
0.961538461538461,1,1,1,1,1,1,1,1,1,1,1,1,1,1,1,1,1,1,1,1,1,1,1,     273P    503
1,1,1,1,1,1,1,1,1,1,0.5,0.980769230769231,0,0.480636139955684,       273P    504
0.980769230769231,0,0.441908499441015,0.978426638062229,0,           273P    505
0.384664079747951,0.967936211295814,0,0.329101534583841,             273P    506
0.950622220868125,0,0.276031069293985,0.926737143747307,0,           273P    507
0.2262265765755,0.896629278142292,0,0.180414316525679,               273P    508
0.860737664530611,0,0.139262335473335,0.819585683459596,0,           273P    509
0.103370721856651,0.773773423479454,0,0.0732628562529765,            273P    510
0.723968930500922,0,0.0493777791317994,0.670898466181576,0,          273P    511
0.0320637887042061,0.615335917395472,0,0.0215733619377647,           273P    512
0.558091511219875,0,0.0180594728772714,0.5,0,0.0215733619377646,     273P    513
0.441908488780126,0,0.032063788704206,0.384664082604528,0,           273P    514
0.0493777791317991,0.329101533818424,0,0.0732628562529762,           273P    515
0.276031069499079,0,0.10337072185665,0.226226576520546,0,            273P    516
0.139262335473335,0.180414316540405,0,0.180414316525679,             273P    517
0.13926233546939,0,0.2262265765755,0.103370721857708,0,              273P    518
0.276031069293985,0.0732628562526935,0,0.32910153458384,             273P    519
0.0493777791318755,0,0.38466407974795,0.0320637887041857,0,          273P    520
0.441908499441014,0.0215733619377707,0,0.480636139955684,            273P    521
0.0192307692307692,0,0.5,0.0192307692307692,0,0,1,0,0,1;             273P    522
508,2,0,139,19,0,1,0,271,0,139,23,0,1,0,273;                         275P    523
510,263,2,1,269,275;                                                 277P    524
110,18,0,-3.30654635769785E-15,19,0,-3.49024337756996E-15;           279P    525
124,1.66373699029411E-63,1,2.24963967399279E-32,18,                  281P    526
-1.22464679914735E-16,2.24963967399279E-32,-1,                       281P    527
-1.59204083889156E-15,-1,-2.75501402599016E-48,                      281P    528
1.22464679914735E-16,-13;                                            281P    529
100,0,0,0,2,0,1.22464679914735E-16,2;                                283P    530
120,279,283,0,6.28318530717959;                                      285P    531
126,1,1,1,0,1,0,0,0,1,1,1,1,1.5707963267949,0,0,1.5707963267949,     287P    532
3.14159265358979,0,0,1,0,0,1;                                        287P    533
126,1,1,1,0,1,0,0,0,1,1,1,1,0,0,0,1.5707963267949,0,0,0,1,0,0,1;     289P    534
126,1,1,1,0,1,0,0,0,1,1,1,1,0,0,0,0,3.14159265358979,0,0,1,0,0,      291P    535
1;                                                                   291P    536
126,1,1,1,0,1,0,0,0,1,1,1,1,0,3.14159265358979,0,                    293P    537
1.5707963267949,3.14159265358979,0,0,1,0,0,1;                        293P    538
508,4,0,139,22,0,1,0,287,0,139,24,0,1,0,289,0,139,25,1,1,0,291,      295P    539
0,139,26,1,1,0,293;                                                  295P    540
510,285,1,1,295;                                                     297P    541
110,0,0,0,1,0,-1.83697019872103E-16;                                 299P    542
110,2,-1.83697019872103E-15,-15,18,-1.83697019872103E-15,-15;        301P    543
120,299,301,0,6.28318530717959;                                      303P    544
126,1,1,1,0,1,0,0,0,1,1,1,1,1,0,0,1,3.14159265358979,0,0,1,0,0,      305P    545
1;                                                                   305P    546
126,1,1,1,0,1,0,0,0,1,1,1,1,0,0,0,1,0,0,0,1,0,0,1;                   307P    547
126,1,1,1,0,1,0,0,0,1,1,1,1,0,0,0,0,3.14159265358979,0,0,1,0,0,      309P    548
1;                                                                   309P    549
126,1,1,1,0,1,0,0,0,1,1,1,1,0,3.14159265358979,0,1,                  311P    550
3.14159265358979,0,0,1,0,0,1;                                        311P    551
508,4,0,139,25,0,1,0,305,0,139,27,0,1,0,307,0,139,28,1,1,0,309,      313P    552
0,139,29,1,1,0,311;                                                  313P    553
510,303,1,1,313;                                                     315P    554
110,2,0,-3.67394039744206E-16,3,0,-5.51091059616309E-16;             317P    555
124,-2.22044604925031E-16,-1,-2.24963967399279E-32,2,                319P    556
-1.22464679914735E-16,4.69622472900996E-33,1,                        319P    557
-1.59204083889156E-15,-1,2.22044604925031E-16,                       319P    558
-1.22464679914735E-16,-13;                                           319P    559
100,0,0,0,2,0,1.22464679914735E-16,2;                                321P    560
120,317,321,0,6.28318530717959;                                      323P    561
126,1,1,1,0,1,0,0,0,1,1,1,1,0,0,0,0,3.14159265358979,0,0,1,0,0,      325P    562
1;                                                                   325P    563
126,1,1,1,0,1,0,0,0,1,1,1,1,0,0,0,1.5707963267949,0,0,0,1,0,0,1;     327P    564
126,1,1,1,0,1,0,0,0,1,1,1,1,1.5707963267949,0,0,1.5707963267949,     329P    565
3.14159265358979,0,0,1,0,0,1;                                        329P    566
126,1,1,1,0,1,0,0,0,1,1,1,1,0,3.14159265358979,0,                    331P    567
1.5707963267949,3.14159265358979,0,0,1,0,0,1;                        331P    568
508,4,0,139,28,0,1,0,325,0,139,30,1,1,0,327,0,139,31,1,1,0,329,      333P    569
0,139,32,0,1,0,331;                                                  333P    570
510,323,1,1,333;                                                     335P    571
128,1,1,1,1,0,0,1,0,0,0,0,1,1,0,0,1,1,1,1,1,1,0,13,-13,0,13,13,      337P    572
0,-13,-13,0,-13,13,0,1,0,1;                                          337P    573
126,28,3,1,0,1,0,0,0,0,0,0.0384615384615385,0.0769230769230769,      339P    574
0.115384615384615,0.153846153846154,0.192307692307692,               339P    575
0.230769230769231,0.269230769230769,0.307692307692308,               339P    576
0.346153846153846,0.384615384615385,0.423076923076923,               339P    577
0.461538461538461,0.5,0.538461538461538,0.576923076923077,           339P    578
0.615384615384615,0.653846153846154,0.692307692307692,               339P    579
0.73076923076923,0.769230769230769,0.807692307692307,                339P    580
0.846153846153846,0.884615384615384,0.923076923076923,               339P    581
0.961538461538461,1,1,1,1,1,1,1,1,1,1,1,1,1,1,1,1,1,1,1,1,1,1,1,     339P    582
1,1,1,1,1,1,1,1,1,1,0,0.5,0,0,0.479861585553912,0,                   339P    583
0.00243629641528148,0.439584839418656,0,0.0133463402523529,          339P    584
0.380050642937869,0,0.0313528902971503,0.322265595967195,0,          339P    585
0.056193370502801,0.267072312065745,0,0.0875055507320161,            339P    586
0.21527563963852,0,0.124832828888165,0.167630889186707,0,            339P    587
0.16763088920202,0.124832828892269,0,0.215275639581368,              339P    588
0.0875055507309166,0,0.267072312279042,0.0561933705030955,0,         339P    589
0.322265595171161,0.0313528902970714,0,0.380050645908708,            339P    590
0.0133463402523745,0,0.43958482833133,0.00243629641527526,0,0.5,     339P    591
-0.00121814820763766,0,0.560415171668669,0.00243629641527521,0,      339P    592
0.61994935409129,0.0133463402523741,0,0.677734404828839,             339P    593
0.0313528902970712,0,0.732927687720959,0.0561933705030954,0,         339P    594
0.784724360418632,0.0875055507309163,0,0.832369110797979,            339P    595
0.124832828892268,0,0.875167171111834,0.167630889186706,0,           339P    596
0.912494449267984,0.21527563963852,0,0.943806629497199,              339P    597
0.267072312065744,0,0.968647109702849,0.322265595967194,0,           339P    598
0.986653659747647,0.380050642937868,0,0.997563703584719,             339P    599
0.439584839418655,0,1,0.479861585553911,0,1,0.5,0,0,1,0,0,1;         339P    600
126,28,3,1,0,1,0,0,0,0,0,0.0384615384615385,0.0769230769230769,      341P    601
0.115384615384615,0.153846153846154,0.192307692307692,               341P    602
0.230769230769231,0.269230769230769,0.307692307692308,               341P    603
0.346153846153846,0.384615384615385,0.423076923076923,               341P    604
0.461538461538461,0.5,0.538461538461538,0.576923076923077,           341P    605
0.615384615384615,0.653846153846154,0.692307692307692,               341P    606
0.73076923076923,0.769230769230769,0.807692307692307,                341P    607
0.846153846153846,0.884615384615384,0.923076923076923,               341P    608
0.961538461538461,1,1,1,1,1,1,1,1,1,1,1,1,1,1,1,1,1,1,1,1,1,1,1,     341P    609
1,1,1,1,1,1,1,1,1,1,1,0.5,0,1,0.520138414446088,0,                   341P    610
0.997563703584719,0.560415160581344,0,0.986653659747647,             341P    611
0.619949357062131,0,0.96864710970285,0.677734404032805,0,            341P    612
0.943806629497199,0.732927687934255,0,0.912494449267984,             341P    613
0.78472436036148,0,0.875167171111835,0.832369110813293,0,            341P    614
0.83236911079798,0.875167171107732,0,0.784724360418632,              341P    615
0.912494449269083,0,0.732927687720959,0.943806629496904,0,           341P    616
0.677734404828839,0.968647109702929,0,0.619949354091291,             341P    617
0.986653659747626,0,0.56041517166867,0.997563703584725,0,0.5,        341P    618
1.00121814820764,0,0.439584828331331,0.997563703584725,0,            341P    619
0.380050645908709,0.986653659747626,0,0.322265595171161,             341P    620
0.968647109702929,0,0.267072312279042,0.943806629496905,0,           341P    621
0.215275639581368,0.912494449269084,0,0.167630889202021,             341P    622
0.875167171107732,0,0.124832828888165,0.832369110813294,0,           341P    623
0.0875055507320165,0.78472436036148,0,0.0561933705028013,            341P    624
0.732927687934256,0,0.0313528902971505,0.677734404032806,0,          341P    625
0.013346340252353,0.619949357062132,0,0.00243629641528148,           341P    626
0.560415160581345,0,0,0.520138414446089,0,0,0.5,0,0,1,0,0,1;         341P    627
508,2,0,139,31,0,1,0,339,0,139,33,0,1,0,341;                         343P    628
510,337,1,1,343;                                                     345P    629
110,10,0,-1.83697019872103E-15,11,0,-2.02066721859313E-15;           347P    630
110,10,5,-2.75545529808155E-15,50,5,-1.01033360929657E-14;           349P    631
120,347,349,0,6.28318530717959;                                      351P    632
126,1,1,1,0,1,0,0,0,1,1,1,1,1,0,0,1,3.14159265358979,0,0,1,0,0,      353P    633
1;                                                                   353P    634
126,1,1,1,0,1,0,0,0,1,1,1,1,0,3.14159265358979,0,1,                  355P    635
3.14159265358979,0,0,1,0,0,1;                                        355P    636
126,1,1,1,0,1,0,0,0,1,1,1,1,0,0,0,0,3.14159265358979,0,0,1,0,0,      357P    637
1;                                                                   357P    638
126,1,1,1,0,1,0,0,0,1,1,1,1,0,0,0,1,0,0,0,1,0,0,1;                   359P    639
508,4,0,139,3,1,1,0,353,0,139,7,0,1,0,355,0,139,11,0,1,0,357,0,      361P    640
139,5,1,1,0,359;                                                     361P    641
510,351,1,1,361;                                                     363P    642
110,30,0,-5.51091059616309E-15,31,0,-5.69460761603519E-15;           365P    643
110,32,-15,-4.95981953654678E-15,50,-15,-8.26636589424463E-15;       367P    644
120,365,367,0,6.28318530717959;                                      369P    645
126,1,1,1,0,1,0,0,0,1,1,1,1,1,0,0,1,3.14159265358979,0,0,1,0,0,      371P    646
1;                                                                   371P    647
126,1,1,1,0,1,0,0,0,1,1,1,1,0,0,0,1,0,0,0,1,0,0,1;                   373P    648
126,1,1,1,0,1,0,0,0,1,1,1,1,0,0,0,0,3.14159265358979,0,0,1,0,0,      375P    649
1;                                                                   375P    650
126,1,1,1,0,1,0,0,0,1,1,1,1,0,3.14159265358979,0,1,                  377P    651
3.14159265358979,0,0,1,0,0,1;                                        377P    652
508,4,0,139,1,0,1,0,371,0,139,10,0,1,0,373,0,139,34,1,1,0,375,0,     379P    653
139,8,1,1,0,377;                                                     379P    654
510,369,1,1,379;                                                     381P    655
110,32,0,-5.87830463590729E-15,33,0,-6.0620016557794E-15;            383P    656
124,2.7170887009258E-47,-1,-1.83697019872103E-16,32,-1,              385P    657
1.12481983699639E-32,-6.12323399573677E-17,-13,                      385P    658
6.12323399573677E-17,1.83697019872103E-16,-1,                        385P    659
-5.08228421646151E-15;                                               385P    660
100,0,0,0,2,0,0.75,1.85404962177392;                                 387P    661
120,383,387,0,6.28318530717959;                                      389P    662
126,1,1,1,0,1,0,0,0,1,1,1,1,0,0,0,0,3.14159265358979,0,0,1,0,0,      391P    663
1;                                                                   391P    664
126,1,1,1,0,1,0,0,0,1,1,1,1,0,0,0,1.18639955229926,0,0,0,1,0,0,      393P    665
1;                                                                   393P    666
126,1,1,1,0,1,0,0,0,1,1,1,1,1.18639955229926,0,0,                    395P    667
1.18639955229926,3.14159265358979,0,0,1,0,0,1;                       395P    668
126,1,1,1,0,1,0,0,0,1,1,1,1,0,3.14159265358979,0,                    397P    669
1.18639955229926,3.14159265358979,0,0,1,0,0,1;                       397P    670
508,4,0,139,34,0,1,0,391,0,139,14,1,1,0,393,0,139,35,1,1,0,395,      399P    671
0,139,12,0,1,0,397;                                                  399P    672
510,389,1,1,399;                                                     401P    673
110,28.2919007564522,0,-5.19713785547756E-15,29.2919007564522,0,     403P    674
-5.38083487534966E-15;                                               403P    675
124,1.77635683940025E-15,1,-1.83697019872103E-16,                    405P    676
28.2919007564522,1,-1.77635683940025E-15,-6.12323399573677E-17,      405P    677
-14.5,-6.1232339957368E-17,-1.83697019872103E-16,-1,                 405P    678
-4.30926892609573E-15;                                               405P    679
100,0,0,0,2,0,0.75,1.85404962177392;                                 407P    680
120,403,407,0,6.28318530717959;                                      409P    681
126,1,1,1,0,1,0,0,0,1,1,1,1,1.18639955229926,0,0,                    411P    682
1.18639955229926,3.14159265358979,0,0,1,0,0,1;                       411P    683
126,1,1,1,0,1,0,0,0,1,1,1,1,0,0,0,1.18639955229926,0,0,0,1,0,0,      413P    684
1;                                                                   413P    685
126,1,1,1,0,1,0,0,0,1,1,1,1,0,0,0,0,3.14159265358979,0,0,1,0,0,      415P    686
1;                                                                   415P    687
126,1,1,1,0,1,0,0,0,1,1,1,1,0,3.14159265358979,0,                    417P    688
1.18639955229926,3.14159265358979,0,0,1,0,0,1;                       417P    689
508,4,0,139,35,0,1,0,411,0,139,17,0,1,0,413,0,139,36,1,1,0,415,      419P    690
0,139,15,1,1,0,417;                                                  419P    691
510,409,1,1,419;                                                     421P    692
110,20,0,-3.67394039744206E-15,21,0,-3.85763741731416E-15;           423P    693
110,20,-12.5,-2.90853614797496E-15,28.2919007564522,-12.5,           425P    694
-4.43173360601046E-15;                                               425P    695
120,423,425,0,6.28318530717959;                                      427P    696
126,1,1,1,0,1,0,0,0,1,1,1,1,1,0,0,1,3.14159265358979,0,0,1,0,0,      429P    697
1;                                                                   429P    698
126,1,1,1,0,1,0,0,0,1,1,1,1,0,0,0,1,0,0,0,1,0,0,1;                   431P    699
126,1,1,1,0,1,0,0,0,1,1,1,1,0,0,0,0,3.14159265358979,0,0,1,0,0,      433P    700
1;                                                                   433P    701
126,1,1,1,0,1,0,0,0,1,1,1,1,0,3.14159265358979,0,1,                  435P    702
3.14159265358979,0,0,1,0,0,1;                                        435P    703
508,4,0,139,36,0,1,0,429,0,139,20,0,1,0,431,0,139,23,1,1,0,433,      437P    704
0,139,18,1,1,0,435;                                                  437P    705
510,427,1,1,437;                                                     439P    706
110,18,0,-3.30654635769785E-15,19,0,-3.49024337756996E-15;           441P    707
124,0,1,0,18,0,0,1,0,1,0,0,13;                                       443P    708
100,0,0,0,2,0,1.22464679914735E-16,2;                                445P    709
120,441,445,0,6.28318530717959;                                      447P    710
126,1,1,1,0,1,0,0,0,1,1,1,1,0,0,0,1.5707963267949,0,0,0,1,0,0,1;     449P    711
126,1,1,1,0,1,0,0,0,1,1,1,1,0,0,0,0,3.14159265358979,0,0,1,0,0,      451P    712
1;                                                                   451P    713
126,1,1,1,0,1,0,0,0,1,1,1,1,0,3.14159265358979,0,                    453P    714
1.5707963267949,3.14159265358979,0,0,1,0,0,1;                        453P    715
126,1,1,1,0,1,0,0,0,1,1,1,1,1.5707963267949,0,0,1.5707963267949,     455P    716
3.14159265358979,0,0,1,0,0,1;                                        455P    717
508,4,0,139,26,0,1,0,449,0,139,37,1,1,0,451,0,139,24,1,1,0,453,      457P    718
0,139,21,0,1,0,455;                                                  457P    719
510,447,1,1,457;                                                     459P    720
110,0,0,0,1,0,-1.83697019872103E-16;                                 461P    721
110,2,0,15,18,0,15;                                                  463P    722
120,461,463,0,6.28318530717959;                                      465P    723
126,1,1,1,0,1,0,0,0,1,1,1,1,0,0,0,1,0,0,0,1,0,0,1;                   467P    724
126,1,1,1,0,1,0,0,0,1,1,1,1,0,0,0,0,3.14159265358979,0,0,1,0,0,      469P    725
1;                                                                   469P    726
126,1,1,1,0,1,0,0,0,1,1,1,1,0,3.14159265358979,0,1,                  471P    727
3.14159265358979,0,0,1,0,0,1;                                        471P    728
126,1,1,1,0,1,0,0,0,1,1,1,1,1,0,0,1,3.14159265358979,0,0,1,0,0,      473P    729
1;                                                                   473P    730
508,4,0,139,29,0,1,0,467,0,139,38,1,1,0,469,0,139,27,1,1,0,471,      475P    731
0,139,37,0,1,0,473;                                                  475P    732
510,465,1,1,475;                                                     477P    733
110,2,0,-3.67394039744206E-16,3,0,-5.51091059616309E-16;             479P    734
124,2.22044604925031E-16,-1,0,2,0,0,-1,0,1,2.22044604925031E-16,     481P    735
0,13;                                                                481P    736
100,0,0,0,2,0,1.22464679914735E-16,2;                                483P    737
120,479,483,0,6.28318530717959;                                      485P    738
126,1,1,1,0,1,0,0,0,1,1,1,1,0,0,0,1.5707963267949,0,0,0,1,0,0,1;     487P    739
126,1,1,1,0,1,0,0,0,1,1,1,1,1.5707963267949,0,0,1.5707963267949,     489P    740
3.14159265358979,0,0,1,0,0,1;                                        489P    741
126,1,1,1,0,1,0,0,0,1,1,1,1,0,3.14159265358979,0,                    491P    742
1.5707963267949,3.14159265358979,0,0,1,0,0,1;                        491P    743
126,1,1,1,0,1,0,0,0,1,1,1,1,0,0,0,0,3.14159265358979,0,0,1,0,0,      493P    744
1;                                                                   493P    745
508,4,0,139,32,1,1,0,487,0,139,33,1,1,0,489,0,139,30,0,1,0,491,      495P    746
0,139,38,0,1,0,493;                                                  495P    747
510,485,1,1,495;                                                     497P    748
514,20,157,1,175,1,193,0,203,1,223,1,243,0,261,0,277,1,297,0,        499P    749
315,0,335,1,345,0,363,1,381,0,401,1,421,0,439,0,459,0,477,0,497,     499P    750
1;                                                                   499P    751
186,499,1,0;                                                         501P    752
S      2G      3D    502P    752                                        T      1
