IGES file generated by C3D Converter 1.8                                S      1
translator by C3D Labs., translator version IGESOUT-5.1.                S      2
1H,,1H;,7H Деталь,43HE:\Сдача задания\Модели\IGES\фрагмент 2.igs,0H,3H1.G      1
0,32,38,6,308,15,7Hunknown,1,2,2HMM,1000,1,16H-17740206:064625,1E-6,5000G      2
0,5Hno1se,7Hunknown,0,0,13H260306:064626;                               G      3
     502       1       0       0       0       0       0       000010000D      1
     502       0       0      18       1                               0D      2
     110      19       0       0       0       0       0       000010000D      3
     110       1       0       1       0                               0D      4
     110      20       0       0       0       0       0       000010000D      5
     110       1       0       1       0                               0D      6
     110      21       0       0       0       0       0       000010000D      7
     110       1       0       1       0                               0D      8
     110      22       0       0       0       0       0       000010000D      9
     110       1       0       1       0                               0D     10
     124      23       0       0       0       0       0       001020201D     11
     124       1       0       2       0                               0D     12
     100      25       0       0       0       0      11       000010000D     13
     100       1       0       1       0                               0D     14
     124      26       0       0       0       0       0       001020201D     15
     124       1       0       1       0                               0D     16
     100      27       0       0       0       0      15       000010000D     17
     100       1       0       1       0                               0D     18
     110      28       0       0       0       0       0       000010000D     19
     110       1       0       1       0                               0D     20
     124      29       0       0       0       0       0       001020201D     21
     124       1       0       1       0                               0D     22
     100      30       0       0       0       0      21       000010000D     23
     100       1       0       1       0                               0D     24
     124      31       0       0       0       0       0       001020201D     25
     124       1       0       2       0                               0D     26
     100      33       0       0       0       0      25       000010000D     27
     100       1       0       1       0                               0D     28
     110      34       0       0       0       0       0       000010000D     29
     110       1       0       1       0                               0D     30
     110      35       0       0       0       0       0       000010000D     31
     110       1       0       1       0                               0D     32
     110      36       0       0       0       0       0       000010000D     33
     110       1       0       1       0                               0D     34
     110      37       0       0       0       0       0       000010000D     35
     110       1       0       1       0                               0D     36
     110      38       0       0       0       0       0       000010000D     37
     110       1       0       1       0                               0D     38
     124      39       0       0       0       0       0       001020201D     39
     124       1       0       2       0                               0D     40
     100      41       0       0       0       0      39       000010000D     41
     100       1       0       1       0                               0D     42
     124      42       0       0       0       0       0       001020201D     43
     124       1       0       2       0                               0D     44
     100      44       0       0       0       0      43       000010000D     45
     100       1       0       1       0                               0D     46
     110      45       0       0       0       0       0       000010000D     47
     110       1       0       1       0                               0D     48
     110      46       0       0       0       0       0       000010000D     49
     110       1       0       1       0                               0D     50
     110      47       0       0       0       0       0       000010000D     51
     110       1       0       1       0                               0D     52
     110      48       0       0       0       0       0       000010000D     53
     110       1       0       1       0                               0D     54
     124      49       0       0       0       0       0       001020201D     55
     124       1       0       1       0                               0D     56
     100      50       0       0       0       0      55       000010000D     57
     100       1       0       1       0                               0D     58
     124      51       0       0       0       0       0       001020201D     59
     124       1       0       2       0                               0D     60
     100      53       0       0       0       0      59       000010000D     61
     100       1       0       1       0                               0D     62
     110      54       0       0       0       0       0       000010000D     63
     110       1       0       1       0                               0D     64
     110      55       0       0       0       0       0       000010000D     65
     110       1       0       1       0                               0D     66
     124      56       0       0       0       0       0       001020201D     67
     124       1       0       1       0                               0D     68
     100      57       0       0       0       0      67       000010000D     69
     100       1       0       1       0                               0D     70
     110      58       0       0       0       0       0       000010000D     71
     110       1       0       1       0                               0D     72
     124      59       0       0       0       0       0       001020201D     73
     124       1       0       1       0                               0D     74
     100      60       0       0       0       0      73       000010000D     75
     100       1       0       1       0                               0D     76
     110      61       0       0       0       0       0       000010000D     77
     110       1       0       1       0                               0D     78
     110      62       0       0       0       0       0       000010000D     79
     110       1       0       1       0                               0D     80
     110      63       0       0       0       0       0       000010000D     81
     110       1       0       1       0                               0D     82
     110      64       0       0       0       0       0       000010000D     83
     110       1       0       1       0                               0D     84
     110      65       0       0       0       0       0       000010000D     85
     110       1       0       1       0                               0D     86
     110      66       0       0       0       0       0       000010000D     87
     110       1       0       1       0                               0D     88
     110      67       0       0       0       0       0       000010000D     89
     110       1       0       1       0                               0D     90
     110      68       0       0       0       0       0       000010000D     91
     110       1       0       1       0                               0D     92
     110      69       0       0       0       0       0       000010000D     93
     110       1       0       1       0                               0D     94
     110      70       0       0       0       0       0       000010000D     95
     110       1       0       1       0                               0D     96
     110      71       0       0       0       0       0       000010000D     97
     110       1       0       1       0                               0D     98
     110      72       0       0       0       0       0       000010000D     99
     110       1       0       1       0                               0D    100
     110      73       0       0       0       0       0       000010000D    101
     110       1       0       1       0                               0D    102
     110      74       0       0       0       0       0       000010000D    103
     110       1       0       1       0                               0D    104
     110      75       0       0       0       0       0       000010000D    105
     110       1       0       1       0                               0D    106
     110      76       0       0       0       0       0       000010000D    107
     110       1       0       2       0                               0D    108
     110      78       0       0       0       0       0       000010000D    109
     110       1       0       1       0                               0D    110
     110      79       0       0       0       0       0       000010000D    111
     110       1       0       1       0                               0D    112
     110      80       0       0       0       0       0       000010000D    113
     110       1       0       1       0                               0D    114
     110      81       0       0       0       0       0       000010000D    115
     110       1       0       1       0                               0D    116
     110      82       0       0       0       0       0       000010000D    117
     110       1       0       2       0                               0D    118
     124      84       0       0       0       0       0       001020201D    119
     124       1       0       2       0                               0D    120
     100      86       0       0       0       0     119       000010000D    121
     100       1       0       1       0                               0D    122
     110      87       0       0       0       0       0       000010000D    123
     110       1       0       2       0                               0D    124
     110      89       0       0       0       0       0       000010000D    125
     110       1       0       1       0                               0D    126
     124      90       0       0       0       0       0       001020201D    127
     124       1       0       3       0                               0D    128
     100      93       0       0       0       0     127       000010000D    129
     100       1       0       1       0                               0D    130
     110      94       0       0       0       0       0       000010000D    131
     110       1       0       1       0                               0D    132
     110      95       0       0       0       0       0       000010000D    133
     110       1       0       1       0                               0D    134
     110      96       0       0       0       0       0       000010000D    135
     110       1       0       1       0                               0D    136
     110      97       0       0       0       0       0       000010000D    137
     110       1       0       1       0                               0D    138
     110      98       0       0       0       0       0       000010000D    139
     110       1       0       1       0                               0D    140
     110      99       0       0       0       0       0       000010000D    141
     110       1       0       1       0                               0D    142
     110     100       0       0       0       0       0       000010000D    143
     110       1       0       1       0                               0D    144
     110     101       0       0       0       0       0       000010000D    145
     110       1       0       2       0                               0D    146
     110     103       0       0       0       0       0       000010000D    147
     110       1       0       1       0                               0D    148
     110     104       0       0       0       0       0       000010000D    149
     110       1       0       1       0                               0D    150
     110     105       0       0       0       0       0       000010000D    151
     110       1       0       1       0                               0D    152
     110     106       0       0       0       0       0       000010000D    153
     110       1       0       1       0                               0D    154
     110     107       0       0       0       0       0       000010000D    155
     110       1       0       1       0                               0D    156
     110     108       0       0       0       0       0       000010000D    157
     110       1       0       1       0                               0D    158
     110     109       0       0       0       0       0       000010000D    159
     110       1       0       1       0                               0D    160
     110     110       0       0       0       0       0       000010000D    161
     110       1       0       1       0                               0D    162
     124     111       0       0       0       0       0       001020201D    163
     124       1       0       2       0                               0D    164
     100     113       0       0       0       0     163       000010000D    165
     100       1       0       1       0                               0D    166
     110     114       0       0       0       0       0       000010000D    167
     110       1       0       1       0                               0D    168
     110     115       0       0       0       0       0       000010000D    169
     110       1       0       1       0                               0D    170
     124     116       0       0       0       0       0       001020201D    171
     124       1       0       2       0                               0D    172
     100     118       0       0       0       0     171       000010000D    173
     100       1       0       1       0                               0D    174
     110     119       0       0       0       0       0       000010000D    175
     110       1       0       1       0                               0D    176
     110     120       0       0       0       0       0       000010000D    177
     110       1       0       1       0                               0D    178
     110     121       0       0       0       0       0       000010000D    179
     110       1       0       1       0                               0D    180
     110     122       0       0       0       0       0       000010000D    181
     110       1       0       1       0                               0D    182
     110     123       0       0       0       0       0       000010000D    183
     110       1       0       1       0                               0D    184
     124     124       0       0       0       0       0       001020201D    185
     124       1       0       2       0                               0D    186
     100     126       0       0       0       0     185       000010000D    187
     100       1       0       1       0                               0D    188
     124     127       0       0       0       0       0       001020201D    189
     124       1       0       2       0                               0D    190
     100     129       0       0       0       0     189       000010000D    191
     100       1       0       1       0                               0D    192
     110     130       0       0       0       0       0       000010000D    193
     110       1       0       1       0                               0D    194
     110     131       0       0       0       0       0       000010000D    195
     110       1       0       1       0                               0D    196
     110     132       0       0       0       0       0       000010000D    197
     110       1       0       1       0                               0D    198
     110     133       0       0       0       0       0       000010000D    199
     110       1       0       1       0                               0D    200
     110     134       0       0       0       0       0       000010000D    201
     110       1       0       1       0                               0D    202
     504     135       0       0       0       0       0       000010000D    203
     504       1       0      18       1                               0D    204
     128     153       0       0       0       0       0       000010000D    205
     128       1       0       2       0                               0D    206
     126     155       0       0       0       0       0       001010500D    207
     126       1       0       1       0                               0D    208
     126     156       0       0       0       0       0       001010500D    209
     126       1       0       1       0                               0D    210
     126     157       0       0       0       0       0       001010500D    211
     126       1       0       1       0                               0D    212
     126     158       0       0       0       0       0       001010500D    213
     126       1       0       1       0                               0D    214
     508     159       0       0       0       0       0       000010000D    215
     508       1       0       2       1                               0D    216
     126     161       0       0       0       0       0       001010500D    217
     126       1       0      29       0                               0D    218
     126     190       0       0       0       0       0       001010500D    219
     126       1       0      29       0                               0D    220
     508     219       0       0       0       0       0       000010000D    221
     508       1       0       1       1                               0D    222
     314     220       0       0       0       0       0       001000200D    223
     314       1       0       1       0                               0D    224
     510     221       0       0       0       0       0       000010000D    225
     510       1    -223       1       1                               0D    226
     128     222       0       0       0       0       0       000010000D    227
     128       1       0       2       0                               0D    228
     126     224       0       0       0       0       0       001010500D    229
     126       1       0       2       0                               0D    230
     126     226       0       0       0       0       0       001010500D    231
     126       1       0       8       0                               0D    232
     126     234       0       0       0       0       0       001010500D    233
     126       1       0       7       0                               0D    234
     126     241       0       0       0       0       0       001010500D    235
     126       1       0       2       0                               0D    236
     126     243       0       0       0       0       0       001010500D    237
     126       1       0       2       0                               0D    238
     126     245       0       0       0       0       0       001010500D    239
     126       1       0       1       0                               0D    240
     126     246       0       0       0       0       0       001010500D    241
     126       1       0       2       0                               0D    242
     126     248       0       0       0       0       0       001010500D    243
     126       1       0       2       0                               0D    244
     126     250       0       0       0       0       0       001010500D    245
     126       1       0       7       0                               0D    246
     126     257       0       0       0       0       0       001010500D    247
     126       1       0       8       0                               0D    248
     126     265       0       0       0       0       0       001010500D    249
     126       1       0       2       0                               0D    250
     126     267       0       0       0       0       0       001010500D    251
     126       1       0       2       0                               0D    252
     126     269       0       0       0       0       0       001010500D    253
     126       1       0       1       0                               0D    254
     126     270       0       0       0       0       0       001010500D    255
     126       1       0       2       0                               0D    256
     508     272       0       0       0       0       0       000010000D    257
     508       1       0       5       1                               0D    258
     126     277       0       0       0       0       0       001010500D    259
     126       1       0      29       0                               0D    260
     126     306       0       0       0       0       0       001010500D    261
     126       1       0      29       0                               0D    262
     508     335       0       0       0       0       0       000010000D    263
     508       1       0       1       1                               0D    264
     510     336       0       0       0       0       0       000010000D    265
     510       1    -223       1       1                               0D    266
     110     337       0       0       0       0       0       001010000D    267
     110       1       0       1       0                               0D    268
     110     338       0       0       0       0       0       001010001D    269
     110       1       0       1       0                               0D    270
     120     339       0       0       0       0       0       000010000D    271
     120       1       0       1       0                               0D    272
     126     340       0       0       0       0       0       001010500D    273
     126       1       0       1       0                               0D    274
     126     341       0       0       0       0       0       001010500D    275
     126       1       0       2       0                               0D    276
     126     343       0       0       0       0       0       001010500D    277
     126       1       0       2       0                               0D    278
     126     345       0       0       0       0       0       001010500D    279
     126       1       0       2       0                               0D    280
     508     347       0       0       0       0       0       000010000D    281
     508       1       0       2       1                               0D    282
     510     349       0       0       0       0       0       000010000D    283
     510       1    -223       1       1                               0D    284
     110     350       0       0       0       0       0       001010000D    285
     110       1       0       1       0                               0D    286
     110     351       0       0       0       0       0       001010001D    287
     110       1       0       1       0                               0D    288
     120     352       0       0       0       0       0       000010000D    289
     120       1       0       1       0                               0D    290
     126     353       0       0       0       0       0       001010500D    291
     126       1       0       2       0                               0D    292
     126     355       0       0       0       0       0       001010500D    293
     126       1       0       1       0                               0D    294
     126     356       0       0       0       0       0       001010500D    295
     126       1       0       1       0                               0D    296
     126     357       0       0       0       0       0       001010500D    297
     126       1       0       1       0                               0D    298
     508     358       0       0       0       0       0       000010000D    299
     508       1       0       2       1                               0D    300
     510     360       0       0       0       0       0       000010000D    301
     510       1    -223       1       1                               0D    302
     128     361       0       0       0       0       0       000010000D    303
     128       1       0       3       0                               0D    304
     126     364       0       0       0       0       0       001010500D    305
     126       1       0       2       0                               0D    306
     126     366       0       0       0       0       0       001010500D    307
     126       1       0       2       0                               0D    308
     126     368       0       0       0       0       0       001010500D    309
     126       1       0       2       0                               0D    310
     126     370       0       0       0       0       0       001010500D    311
     126       1       0       2       0                               0D    312
     126     372       0       0       0       0       0       001010500D    313
     126       1       0       2       0                               0D    314
     126     374       0       0       0       0       0       001010500D    315
     126       1       0       2       0                               0D    316
     126     376       0       0       0       0       0       001010500D    317
     126       1       0      16       0                               0D    318
     508     392       0       0       0       0       0       000010000D    319
     508       1       0       3       1                               0D    320
     510     395       0       0       0       0       0       000010000D    321
     510       1    -223       1       1                               0D    322
     128     396       0       0       0       0       0       000010000D    323
     128       1       0       2       0                               0D    324
     126     398       0       0       0       0       0       001010500D    325
     126       1       0       2       0                               0D    326
     126     400       0       0       0       0       0       001010500D    327
     126       1       0       3       0                               0D    328
     126     403       0       0       0       0       0       001010500D    329
     126       1       0       2       0                               0D    330
     126     405       0       0       0       0       0       001010500D    331
     126       1       0       3       0                               0D    332
     126     408       0       0       0       0       0       001010500D    333
     126       1       0       3       0                               0D    334
     126     411       0       0       0       0       0       001010500D    335
     126       1       0       3       0                               0D    336
     126     414       0       0       0       0       0       001010500D    337
     126       1       0       2       0                               0D    338
     126     416       0       0       0       0       0       001010500D    339
     126       1       0       2       0                               0D    340
     126     418       0       0       0       0       0       001010500D    341
     126       1       0       1       0                               0D    342
     126     419       0       0       0       0       0       001010500D    343
     126       1       0       1       0                               0D    344
     126     420       0       0       0       0       0       001010500D    345
     126       1       0       1       0                               0D    346
     126     421       0       0       0       0       0       001010500D    347
     126       1       0       2       0                               0D    348
     508     423       0       0       0       0       0       000010000D    349
     508       1       0       4       1                               0D    350
     510     427       0       0       0       0       0       000010000D    351
     510       1    -223       1       1                               0D    352
     128     428       0       0       0       0       0       000010000D    353
     128       1       0       2       0                               0D    354
     126     430       0       0       0       0       0       001010500D    355
     126       1       0       2       0                               0D    356
     126     432       0       0       0       0       0       001010500D    357
     126       1       0       2       0                               0D    358
     126     434       0       0       0       0       0       001010500D    359
     126       1       0       2       0                               0D    360
     126     436       0       0       0       0       0       001010500D    361
     126       1       0       2       0                               0D    362
     126     438       0       0       0       0       0       001010500D    363
     126       1       0       2       0                               0D    364
     126     440       0       0       0       0       0       001010500D    365
     126       1       0       2       0                               0D    366
     126     442       0       0       0       0       0       001010500D    367
     126       1       0      16       0                               0D    368
     508     458       0       0       0       0       0       000010000D    369
     508       1       0       3       1                               0D    370
     510     461       0       0       0       0       0       000010000D    371
     510       1    -223       1       1                               0D    372
     128     462       0       0       0       0       0       000010000D    373
     128       1       0       3       0                               0D    374
     126     465       0       0       0       0       0       001010500D    375
     126       1       0       2       0                               0D    376
     126     467       0       0       0       0       0       001010500D    377
     126       1       0       2       0                               0D    378
     126     469       0       0       0       0       0       001010500D    379
     126       1       0       2       0                               0D    380
     126     471       0       0       0       0       0       001010500D    381
     126       1       0       2       0                               0D    382
     126     473       0       0       0       0       0       001010500D    383
     126       1       0       1       0                               0D    384
     126     474       0       0       0       0       0       001010500D    385
     126       1       0       1       0                               0D    386
     508     475       0       0       0       0       0       000010000D    387
     508       1       0       2       1                               0D    388
     510     477       0       0       0       0       0       000010000D    389
     510       1    -223       1       1                               0D    390
     110     478       0       0       0       0       0       001010000D    391
     110       1       0       1       0                               0D    392
     110     479       0       0       0       0       0       001010001D    393
     110       1       0       1       0                               0D    394
     120     480       0       0       0       0       0       000010000D    395
     120       1       0       1       0                               0D    396
     126     481       0       0       0       0       0       001010500D    397
     126       1       0       2       0                               0D    398
     126     483       0       0       0       0       0       001010500D    399
     126       1       0       2       0                               0D    400
     126     485       0       0       0       0       0       001010500D    401
     126       1       0       3       0                               0D    402
     126     488       0       0       0       0       0       001010500D    403
     126       1       0       2       0                               0D    404
     126     490       0       0       0       0       0       001010500D    405
     126       1       0       2       0                               0D    406
     126     492       0       0       0       0       0       001010500D    407
     126       1       0       2       0                               0D    408
     126     494       0       0       0       0       0       001010500D    409
     126       1       0       2       0                               0D    410
     126     496       0       0       0       0       0       001010500D    411
     126       1       0       1       0                               0D    412
     508     497       0       0       0       0       0       000010000D    413
     508       1       0       3       1                               0D    414
     510     500       0       0       0       0       0       000010000D    415
     510       1    -223       1       1                               0D    416
     128     501       0       0       0       0       0       000010000D    417
     128       1       0       3       0                               0D    418
     126     504       0       0       0       0       0       001010500D    419
     126       1       0       2       0                               0D    420
     126     506       0       0       0       0       0       001010500D    421
     126       1       0       1       0                               0D    422
     126     507       0       0       0       0       0       001010500D    423
     126       1       0       1       0                               0D    424
     126     508       0       0       0       0       0       001010500D    425
     126       1       0       2       0                               0D    426
     126     510       0       0       0       0       0       001010500D    427
     126       1       0       2       0                               0D    428
     126     512       0       0       0       0       0       001010500D    429
     126       1       0       2       0                               0D    430
     508     514       0       0       0       0       0       000010000D    431
     508       1       0       2       1                               0D    432
     510     516       0       0       0       0       0       000010000D    433
     510       1    -223       1       1                               0D    434
     128     517       0       0       0       0       0       000010000D    435
     128       1       0       2       0                               0D    436
     126     519       0       0       0       0       0       001010500D    437
     126       1       0       2       0                               0D    438
     126     521       0       0       0       0       0       001010500D    439
     126       1       0       1       0                               0D    440
     126     522       0       0       0       0       0       001010500D    441
     126       1       0       1       0                               0D    442
     126     523       0       0       0       0       0       001010500D    443
     126       1       0       2       0                               0D    444
     508     525       0       0       0       0       0       000010000D    445
     508       1       0       2       1                               0D    446
     510     527       0       0       0       0       0       000010000D    447
     510       1    -223       1       1                               0D    448
     128     528       0       0       0       0       0       000010000D    449
     128       1       0       3       0                               0D    450
     126     531       0       0       0       0       0       001010500D    451
     126       1       0       2       0                               0D    452
     126     533       0       0       0       0       0       001010500D    453
     126       1       0       1       0                               0D    454
     126     534       0       0       0       0       0       001010500D    455
     126       1       0       2       0                               0D    456
     126     536       0       0       0       0       0       001010500D    457
     126       1       0       2       0                               0D    458
     508     538       0       0       0       0       0       000010000D    459
     508       1       0       2       1                               0D    460
     510     540       0       0       0       0       0       000010000D    461
     510       1    -223       1       1                               0D    462
     128     541       0       0       0       0       0       000010000D    463
     128       1       0       3       0                               0D    464
     126     544       0       0       0       0       0       001010500D    465
     126       1       0       1       0                               0D    466
     126     545       0       0       0       0       0       001010500D    467
     126       1       0       1       0                               0D    468
     126     546       0       0       0       0       0       001010500D    469
     126       1       0       1       0                               0D    470
     126     547       0       0       0       0       0       001010500D    471
     126       1       0       1       0                               0D    472
     508     548       0       0       0       0       0       000010000D    473
     508       1       0       2       1                               0D    474
     510     550       0       0       0       0       0       000010000D    475
     510       1    -223       1       1                               0D    476
     128     551       0       0       0       0       0       000010000D    477
     128       1       0       3       0                               0D    478
     126     554       0       0       0       0       0       001010500D    479
     126       1       0       1       0                               0D    480
     126     555       0       0       0       0       0       001010500D    481
     126       1       0       1       0                               0D    482
     126     556       0       0       0       0       0       001010500D    483
     126       1       0       1       0                               0D    484
     126     557       0       0       0       0       0       001010500D    485
     126       1       0       1       0                               0D    486
     508     558       0       0       0       0       0       000010000D    487
     508       1       0       2       1                               0D    488
     510     560       0       0       0       0       0       000010000D    489
     510       1    -223       1       1                               0D    490
     128     561       0       0       0       0       0       000010000D    491
     128       1       0       2       0                               0D    492
     126     563       0       0       0       0       0       001010500D    493
     126       1       0       1       0                               0D    494
     126     564       0       0       0       0       0       001010500D    495
     126       1       0       1       0                               0D    496
     126     565       0       0       0       0       0       001010500D    497
     126       1       0       1       0                               0D    498
     126     566       0       0       0       0       0       001010500D    499
     126       1       0       1       0                               0D    500
     508     567       0       0       0       0       0       000010000D    501
     508       1       0       2       1                               0D    502
     510     569       0       0       0       0       0       000010000D    503
     510       1    -223       1       1                               0D    504
     128     570       0       0       0       0       0       000010000D    505
     128       1       0       2       0                               0D    506
     126     572       0       0       0       0       0       001010500D    507
     126       1       0       2       0                               0D    508
     126     574       0       0       0       0       0       001010500D    509
     126       1       0       2       0                               0D    510
     126     576       0       0       0       0       0       001010500D    511
     126       1       0       1       0                               0D    512
     126     577       0       0       0       0       0       001010500D    513
     126       1       0       1       0                               0D    514
     126     578       0       0       0       0       0       001010500D    515
     126       1       0       1       0                               0D    516
     126     579       0       0       0       0       0       001010500D    517
     126       1       0       2       0                               0D    518
     126     581       0       0       0       0       0       001010500D    519
     126       1       0       2       0                               0D    520
     126     583       0       0       0       0       0       001010500D    521
     126       1       0       3       0                               0D    522
     126     586       0       0       0       0       0       001010500D    523
     126       1       0       3       0                               0D    524
     126     589       0       0       0       0       0       001010500D    525
     126       1       0       3       0                               0D    526
     126     592       0       0       0       0       0       001010500D    527
     126       1       0       2       0                               0D    528
     126     594       0       0       0       0       0       001010500D    529
     126       1       0       2       0                               0D    530
     508     596       0       0       0       0       0       000010000D    531
     508       1       0       4       1                               0D    532
     510     600       0       0       0       0       0       000010000D    533
     510       1    -223       1       1                               0D    534
     128     601       0       0       0       0       0       000010000D    535
     128       1       0       2       0                               0D    536
     126     603       0       0       0       0       0       001010500D    537
     126       1       0      21       0                               0D    538
     126     624       0       0       0       0       0       001010500D    539
     126       1       0       2       0                               0D    540
     126     626       0       0       0       0       0       001010500D    541
     126       1       0       1       0                               0D    542
     126     627       0       0       0       0       0       001010500D    543
     126       1       0       1       0                               0D    544
     126     628       0       0       0       0       0       001010500D    545
     126       1       0       1       0                               0D    546
     126     629       0       0       0       0       0       001010500D    547
     126       1       0       2       0                               0D    548
     508     631       0       0       0       0       0       000010000D    549
     508       1       0       2       1                               0D    550
     510     633       0       0       0       0       0       000010000D    551
     510       1    -223       1       1                               0D    552
     128     634       0       0       0       0       0       000010000D    553
     128       1       0       3       0                               0D    554
     126     637       0       0       0       0       0       001010500D    555
     126       1       0      16       0                               0D    556
     126     653       0       0       0       0       0       001010500D    557
     126       1       0       2       0                               0D    558
     126     655       0       0       0       0       0       001010500D    559
     126       1       0       2       0                               0D    560
     126     657       0       0       0       0       0       001010500D    561
     126       1       0       2       0                               0D    562
     126     659       0       0       0       0       0       001010500D    563
     126       1       0       2       0                               0D    564
     126     661       0       0       0       0       0       001010500D    565
     126       1       0       2       0                               0D    566
     126     663       0       0       0       0       0       001010500D    567
     126       1       0       2       0                               0D    568
     508     665       0       0       0       0       0       000010000D    569
     508       1       0       3       1                               0D    570
     510     668       0       0       0       0       0       000010000D    571
     510       1    -223       1       1                               0D    572
     128     669       0       0       0       0       0       000010000D    573
     128       1       0       3       0                               0D    574
     126     672       0       0       0       0       0       001010500D    575
     126       1       0       1       0                               0D    576
     126     673       0       0       0       0       0       001010500D    577
     126       1       0       1       0                               0D    578
     126     674       0       0       0       0       0       001010500D    579
     126       1       0       1       0                               0D    580
     126     675       0       0       0       0       0       001010500D    581
     126       1       0       1       0                               0D    582
     508     676       0       0       0       0       0       000010000D    583
     508       1       0       2       1                               0D    584
     126     678       0       0       0       0       0       001010500D    585
     126       1       0      29       0                               0D    586
     126     707       0       0       0       0       0       001010500D    587
     126       1       0      29       0                               0D    588
     508     736       0       0       0       0       0       000010000D    589
     508       1       0       1       1                               0D    590
     510     737       0       0       0       0       0       000010000D    591
     510       1    -223       1       1                               0D    592
     128     738       0       0       0       0       0       000010000D    593
     128       1       0       3       0                               0D    594
     126     741       0       0       0       0       0       001010500D    595
     126       1       0      16       0                               0D    596
     126     757       0       0       0       0       0       001010500D    597
     126       1       0       2       0                               0D    598
     126     759       0       0       0       0       0       001010500D    599
     126       1       0       2       0                               0D    600
     126     761       0       0       0       0       0       001010500D    601
     126       1       0       2       0                               0D    602
     126     763       0       0       0       0       0       001010500D    603
     126       1       0       2       0                               0D    604
     126     765       0       0       0       0       0       001010500D    605
     126       1       0       2       0                               0D    606
     126     767       0       0       0       0       0       001010500D    607
     126       1       0       2       0                               0D    608
     508     769       0       0       0       0       0       000010000D    609
     508       1       0       3       1                               0D    610
     510     772       0       0       0       0       0       000010000D    611
     510       1    -223       1       1                               0D    612
     128     773       0       0       0       0       0       000010000D    613
     128       1       0       2       0                               0D    614
     126     775       0       0       0       0       0       001010500D    615
     126       1       0      22       0                               0D    616
     126     797       0       0       0       0       0       001010500D    617
     126       1       0       2       0                               0D    618
     126     799       0       0       0       0       0       001010500D    619
     126       1       0       1       0                               0D    620
     126     800       0       0       0       0       0       001010500D    621
     126       1       0       1       0                               0D    622
     126     801       0       0       0       0       0       001010500D    623
     126       1       0       1       0                               0D    624
     126     802       0       0       0       0       0       001010500D    625
     126       1       0       2       0                               0D    626
     508     804       0       0       0       0       0       000010000D    627
     508       1       0       2       1                               0D    628
     510     806       0       0       0       0       0       000010000D    629
     510       1    -223       1       1                               0D    630
     128     807       0       0       0       0       0       000010000D    631
     128       1       0       2       0                               0D    632
     126     809       0       0       0       0       0       001010500D    633
     126       1       0       1       0                               0D    634
     126     810       0       0       0       0       0       001010500D    635
     126       1       0       2       0                               0D    636
     126     812       0       0       0       0       0       001010500D    637
     126       1       0       2       0                               0D    638
     126     814       0       0       0       0       0       001010500D    639
     126       1       0       2       0                               0D    640
     508     816       0       0       0       0       0       000010000D    641
     508       1       0       2       1                               0D    642
     510     818       0       0       0       0       0       000010000D    643
     510       1    -223       1       1                               0D    644
     128     819       0       0       0       0       0       000010000D    645
     128       1       0       2       0                               0D    646
     126     821       0       0       0       0       0       001010500D    647
     126       1       0       1       0                               0D    648
     126     822       0       0       0       0       0       001010500D    649
     126       1       0       1       0                               0D    650
     126     823       0       0       0       0       0       001010500D    651
     126       1       0       1       0                               0D    652
     126     824       0       0       0       0       0       001010500D    653
     126       1       0       1       0                               0D    654
     508     825       0       0       0       0       0       000010000D    655
     508       1       0       2       1                               0D    656
     510     827       0       0       0       0       0       000010000D    657
     510       1    -223       1       1                               0D    658
     128     828       0       0       0       0       0       000010000D    659
     128       1       0       2       0                               0D    660
     126     830       0       0       0       0       0       001010500D    661
     126       1       0       1       0                               0D    662
     126     831       0       0       0       0       0       001010500D    663
     126       1       0       1       0                               0D    664
     126     832       0       0       0       0       0       001010500D    665
     126       1       0       1       0                               0D    666
     126     833       0       0       0       0       0       001010500D    667
     126       1       0       1       0                               0D    668
     508     834       0       0       0       0       0       000010000D    669
     508       1       0       2       1                               0D    670
     510     836       0       0       0       0       0       000010000D    671
     510       1    -223       1       1                               0D    672
     110     837       0       0       0       0       0       001010000D    673
     110       1       0       1       0                               0D    674
     110     838       0       0       0       0       0       001010001D    675
     110       1       0       1       0                               0D    676
     120     839       0       0       0       0       0       000010000D    677
     120       1       0       1       0                               0D    678
     126     840       0       0       0       0       0       001010500D    679
     126       1       0       1       0                               0D    680
     126     841       0       0       0       0       0       001010500D    681
     126       1       0       1       0                               0D    682
     126     842       0       0       0       0       0       001010500D    683
     126       1       0       1       0                               0D    684
     126     843       0       0       0       0       0       001010500D    685
     126       1       0       2       0                               0D    686
     508     845       0       0       0       0       0       000010000D    687
     508       1       0       2       1                               0D    688
     510     847       0       0       0       0       0       000010000D    689
     510       1    -223       1       1                               0D    690
     110     848       0       0       0       0       0       001010000D    691
     110       1       0       1       0                               0D    692
     110     849       0       0       0       0       0       001010001D    693
     110       1       0       1       0                               0D    694
     120     850       0       0       0       0       0       000010000D    695
     120       1       0       1       0                               0D    696
     126     851       0       0       0       0       0       001010500D    697
     126       1       0       2       0                               0D    698
     126     853       0       0       0       0       0       001010500D    699
     126       1       0       1       0                               0D    700
     126     854       0       0       0       0       0       001010500D    701
     126       1       0       2       0                               0D    702
     126     856       0       0       0       0       0       001010500D    703
     126       1       0       2       0                               0D    704
     508     858       0       0       0       0       0       000010000D    705
     508       1       0       2       1                               0D    706
     510     860       0       0       0       0       0       000010000D    707
     510       1    -223       1       1                               0D    708
     110     861       0       0       0       0       0       001010000D    709
     110       1       0       1       0                               0D    710
     110     862       0       0       0       0       0       001010001D    711
     110       1       0       1       0                               0D    712
     120     863       0       0       0       0       0       000010000D    713
     120       1       0       1       0                               0D    714
     126     864       0       0       0       0       0       001010500D    715
     126       1       0       2       0                               0D    716
     126     866       0       0       0       0       0       001010500D    717
     126       1       0       2       0                               0D    718
     126     868       0       0       0       0       0       001010500D    719
     126       1       0       1       0                               0D    720
     126     869       0       0       0       0       0       001010500D    721
     126       1       0       2       0                               0D    722
     126     871       0       0       0       0       0       001010500D    723
     126       1       0       2       0                               0D    724
     126     873       0       0       0       0       0       001010500D    725
     126       1       0       3       0                               0D    726
     126     876       0       0       0       0       0       001010500D    727
     126       1       0       2       0                               0D    728
     126     878       0       0       0       0       0       001010500D    729
     126       1       0       2       0                               0D    730
     508     880       0       0       0       0       0       000010000D    731
     508       1       0       3       1                               0D    732
     510     883       0       0       0       0       0       000010000D    733
     510       1    -223       1       1                               0D    734
     514     884       0       0       0       0       0       000010000D    735
     514       1       0       3       1                               0D    736
     186     887       0       0       0       0       0       000010000D    737
     186       1       0       1       0                               0D    738
502,56,73,-73,0,73,73,0,527,73,0,527,-73,8.93992163377568E-15,         1P      1
429,-3.06161699786838E-15,0,479,3.06161699786838E-15,0,73,             1P      2
24.9999999999998,146,410.698729810776,24.9999999999983,146,404,        1P      3
-6.12323399573677E-15,146,409.604054239151,-22.9999999999976,          1P      4
146,73,-23.0000000000001,146,73,-73,146,527,-73,146,527,-23,146,       1P      5
498.395945760855,-22.9999999999917,146,504,3.06161699786838E-15,       1P      6
146,497.301270189225,24.9999999999977,146,527,25,146,527,73,146,       1P      7
73,73,146,429,-3.06161699786838E-15,146,479,                           1P      8
1.53080849893419E-15,146,-73,-73,146,-73,73,146,-73,73,1450,73,        1P      9
73,1450,527,25,144,527,71,144,527,71,1.99999999999999,527,-71,         1P     10
2.00000000000001,527,-71,144,527,-23,144,73,-73,1450,-73,-73,          1P     11
1450,410.698729810776,24.9999999999999,144,73,25,1450,71,25,           1P     12
1450,71,25,144,498.395945760855,-23.0000000000001,144,                 1P     13
409.604054239151,-23.0000000000001,144,404,                            1P     14
-6.12323399573677E-15,2,504,3.06161699786838E-15,2,71,-23,144,         1P     15
71,-23,1450,73,-23,1450,497.301270189225,24.9999999999999,144,         1P     16
71,-71,1450,-71,-71,1450,-71,71,1450,71,71,1450,71,71,144,73,71,       1P     17
1.99999999999999,-71,71,146,73,-71,2,-71,-71,146,71,-71,144;           1P     18
110,73,-73,0,73,73,0;                                                  3P     19
110,73,73,0,527,73,0;                                                  5P     20
110,527,-73,0,527,73,0;                                                7P     21
110,73,-73,0,527,-73,0;                                                9P     22
124,1,1.22464679914735E-16,0,454,1.22464679914735E-16,-1,0,0,0,       11P     23
0,-1,0;                                                               11P     24
100,0,0,0,25,0,-25,3.06161699786838E-15;                              13P     25
124,-1,0,0,454,0,1,0,0,0,0,-1,0;                                      15P     26
100,0,0,0,25,0,-25,3.06161699786838E-15;                              17P     27
110,410.698729810776,25,146,73,25,146;                                19P     28
124,-1,0,0,454,0,1,0,0,0,0,-1,146;                                    21P     29
100,0,0,0,50,0,43.3012701892238,24.9999999999968;                     23P     30
124,-0.887918915216974,-0.459999999999904,0,454,                      25P     31
-0.459999999999904,0.887918915216974,0,0,0,0,-1,146;                  25P     32
100,0,0,0,50,0,44.3959457608487,22.9999999999952;                     27P     33
110,73,-23,146,409.604054239151,-23,146;                              29P     34
110,73,-23.0000000000002,146,73,-73,146;                              31P     35
110,73,-73,146,527,-73,146;                                           33P     36
110,527,-23,146,527,-73,146;                                          35P     37
110,498.395945760855,-23,146,527,-23,146;                             37P     38
124,1,1.22464679914735E-16,0,454,1.22464679914735E-16,-1,0,0,0,       39P     39
0,-1,146;                                                             39P     40
100,0,0,0,50,0,44.3959457608549,22.9999999999833;                     41P     41
124,0.866025403784491,0.499999999999909,0,454,0.499999999999909,      43P     42
-0.866025403784491,0,0,0,0,-1,146;                                    43P     43
100,0,0,0,50,0,43.3012701892246,24.9999999999954;                     45P     44
110,527,25,146,497.301270189225,25,146;                               47P     45
110,527,73,146,527,25,146;                                            49P     46
110,73,73,146,527,73,146;                                             51P     47
110,73,73,146,73,24.9999999999998,146;                                53P     48
124,-1,0,0,454,0,1,0,0,0,0,-1,146;                                    55P     49
100,0,0,0,25,0,-25,3.06161699786838E-15;                              57P     50
124,1,1.22464679914735E-16,0,454,1.22464679914735E-16,-1,0,0,0,       59P     51
0,-1,146;                                                             59P     52
100,0,0,0,25,0,-25,3.06161699786838E-15;                              61P     53
110,479,3.06161699786838E-15,146,479,3.06161699786838E-15,0;          63P     54
110,429,0,146,429,0,0;                                                65P     55
124,-1,0,0,73,0,0,-1,-73,0,-1,0,146;                                  67P     56
100,0,0,0,146,0,8.93992163377568E-15,146;                             69P     57
110,-73,-73,146,-73,73,146;                                           71P     58
124,-1,0,0,73,0,0,-1,73,0,-1,0,146;                                   73P     59
100,0,0,0,146,0,8.93992163377568E-15,146;                             75P     60
110,-73,73,146,-73,73,1450;                                           77P     61
110,73,73,1450,-73,73,1450;                                           79P     62
110,73,73,146,73,73,1450;                                             81P     63
110,527,73,0,527,73,146;                                              83P     64
110,527,25,144,527,25,146;                                            85P     65
110,527,71,144,527,25,144;                                            87P     66
110,527,71,1.99999999999999,527,71,144;                               89P     67
110,527,-71,2.00000000000001,527,71,1.99999999999999;                 91P     68
110,527,-71,144,527,-71,1.99999999999999;                             93P     69
110,527,-23,144,527,-71,144;                                          95P     70
110,527,-23,146,527,-23,144;                                          97P     71
110,527,-73,146,527,-73,0;                                            99P     72
110,73,-73,146,73,-73,1450;                                          101P     73
110,-73,-73,1450,73,-73,1450;                                        103P     74
110,-73,-73,146,-73,-73,1450;                                        105P     75
110,410.698729810776,24.9999999999998,146,410.698729810776,          107P     76
24.9999999999998,144;                                                107P     77
110,73,24.9999999999998,146,73,25,1450;                              109P     78
110,73,25,1450,71,25,1450;                                           111P     79
110,71,25,144,71,25,1450;                                            113P     80
110,410.698729810776,25,144,71,25,144;                               115P     81
110,498.395945760855,-23.0000000000002,146,498.395945760855,         117P     82
-23.0000000000002,144;                                               117P     83
124,0.887918915216925,-0.46,0,454,-0.46,-0.887918915216925,0,0,      119P     84
0,0,-1,144;                                                          119P     85
100,0,0,0,50,0,-28.84,40.8442700999786;                              121P     86
110,409.604054239151,-23.0000000000002,146,409.604054239151,         123P     87
-23.0000000000002,144;                                               123P     88
110,404,-1.22464679914735E-14,146,404,-1.22464679914735E-14,2;       125P     89
124,1,1.22464679914735E-16,0,454,1.22464679914735E-16,-1,            127P     90
-1.2353185766956E-16,0,-1.51282894087753E-32,                        127P     91
1.2353185766956E-16,-1,2;                                            127P     92
100,0,0,0,50,0,-50,6.12323399573677E-15;                             129P     93
110,504,6.12323399573677E-15,146,504,6.12323399573677E-15,2;         131P     94
110,71,-23,144,409.604054239151,-23,144;                             133P     95
110,71,-23,1450,71,-23,144;                                          135P     96
110,71,-23,1450,73,-23,1450;                                         137P     97
110,73,-23,1450,73,-23.0000000000002,146;                            139P     98
110,73,-73,1450,73,-23,1450;                                         141P     99
110,498.395945760855,-23,144,527,-23,144;                            143P    100
110,497.301270189225,24.9999999999998,146,497.301270189225,          145P    101
24.9999999999998,144;                                                145P    102
110,527,25,144,497.301270189225,25,144;                              147P    103
110,73,25,1450,73,73,1450;                                           149P    104
110,-73,73,1450,-73,-73,1450;                                        151P    105
110,71,-71,1450,71,-23,1450;                                         153P    106
110,-71,-71,1450,71,-71,1450;                                        155P    107
110,-71,71,1450,-71,-71,1450;                                        157P    108
110,71,71,1450,-71,71,1450;                                          159P    109
110,71,25,1450,71,71,1450;                                           161P    110
124,-0.866025403784439,0.5,0,454,0.5,0.866025403784439,0,0,0,0,      163P    111
-1,144;                                                              163P    112
100,0,0,0,50,0,-25,43.3012701892219;                                 165P    113
110,71,25,144,71,71,144;                                             167P    114
110,71,71,144,527,71,144;                                            169P    115
124,-1,0,0,73,0,-1.00076441656352E-16,-1,71,0,-1,                    171P    116
1.00076441656352E-16,146;                                            171P    117
100,0,0,0,144,0,8.81745695386094E-15,144;                            173P    118
110,73,71,1.99999999999999,527,71,1.99999999999999;                  175P    119
110,71,71,144,71,71,1450;                                            177P    120
110,-71,71,146,-71,71.0000000000001,1450;                            179P    121
110,73,-71,2.00000000000001,73,71,1.99999999999999;                  181P    122
110,73,-71,2,527,-71,2;                                              183P    123
124,-1,0,0,454,0,1,-1.2353185766956E-16,0,0,                         185P    124
-1.2353185766956E-16,-1,2;                                           185P    125
100,0,0,0,50,0,-50,6.12323399573677E-15;                             187P    126
124,-1,0,0,73,0,-1.00076441656352E-16,-1,-71,0,-1,                   189P    127
1.00076441656352E-16,146;                                            189P    128
100,0,0,0,144,0,8.81745695386094E-15,144;                            191P    129
110,-71,-71,146,-71,-71,1450;                                        193P    130
110,71,-71,144,71,-70.9999999999999,1450;                            195P    131
110,71,-71,144,527,-71,144;                                          197P    132
110,71,-71,144,71,-23,144;                                           199P    133
110,-71,-71,146,-71,71,146;                                          201P    134
504,84,3,1,1,1,2,5,1,2,1,3,7,1,4,1,3,9,1,1,1,4,13,1,6,1,5,17,1,      203P    135
5,1,6,19,1,8,1,7,23,1,9,1,8,27,1,10,1,9,29,1,11,1,10,31,1,11,1,      203P    136
12,33,1,12,1,13,35,1,14,1,13,37,1,15,1,14,41,1,16,1,15,45,1,17,      203P    137
1,16,47,1,18,1,17,49,1,19,1,18,51,1,20,1,19,53,1,20,1,7,57,1,21,     203P    138
1,22,61,1,22,1,21,63,1,22,1,6,65,1,21,1,5,69,1,23,1,1,71,1,23,1,     203P    139
24,75,1,24,1,2,77,1,24,1,25,79,1,26,1,25,81,1,20,1,26,83,1,3,1,      203P    140
19,85,1,27,1,18,87,1,28,1,27,89,1,29,1,28,91,1,30,1,29,93,1,31,      203P    141
1,30,95,1,32,1,31,97,1,14,1,32,99,1,13,1,4,101,1,12,1,33,103,1,      203P    142
34,1,33,105,1,23,1,34,107,1,8,1,35,109,1,7,1,36,111,1,36,1,37,       203P    143
113,1,38,1,37,115,1,35,1,38,117,1,15,1,39,121,1,39,1,40,123,1,       203P    144
10,1,40,125,1,9,1,41,129,1,42,1,41,131,1,16,1,42,133,1,43,1,40,      203P    145
135,1,44,1,43,137,1,44,1,45,139,1,45,1,11,141,1,33,1,45,143,1,       203P    146
39,1,32,145,1,17,1,46,147,1,27,1,46,149,1,36,1,26,151,1,25,1,34,     203P    147
153,1,47,1,44,155,1,48,1,47,157,1,49,1,48,159,1,50,1,49,161,1,       203P    148
37,1,50,165,1,35,1,46,167,1,38,1,51,169,1,51,1,28,173,1,53,1,52,     203P    149
175,1,52,1,29,177,1,51,1,50,179,1,53,1,49,181,1,54,1,52,183,1,       203P    150
54,1,30,187,1,41,1,42,191,1,55,1,54,193,1,55,1,48,195,1,56,1,47,     203P    151
197,1,56,1,31,199,1,56,1,43,201,1,55,1,53;                           203P    152
128,1,1,1,1,0,0,1,0,0,0,0,1,1,0,0,1,1,1,1,1,1,73,-73,0,527,-73,      205P    153
0,73,73,0,527,73,0,0,1,0,1;                                          205P    154
126,1,1,1,0,1,0,0,0,1,1,1,1,0,0,0,0,1,0,0,1,0,0,1;                   207P    155
126,1,1,1,0,1,0,0,0,1,1,1,1,0,1,0,1,1,0,0,1,0,0,1;                   209P    156
126,1,1,1,0,1,0,0,0,1,1,1,1,1,0,0,1,1,0,0,1,0,0,1;                   211P    157
126,1,1,1,0,1,0,0,0,1,1,1,1,0,0,0,1,0,0,0,1,0,0,1;                   213P    158
508,4,0,203,1,1,1,0,207,0,203,2,1,1,0,209,0,203,3,0,1,0,211,0,       215P    159
203,4,0,1,0,213;                                                     215P    160
126,28,3,1,0,1,0,0,0,0,0,0.0384615384615385,0.0769230769230769,      217P    161
0.115384615384615,0.153846153846154,0.192307692307692,               217P    162
0.230769230769231,0.269230769230769,0.307692307692308,               217P    163
0.346153846153846,0.384615384615385,0.423076923076923,               217P    164
0.461538461538461,0.5,0.538461538461538,0.576923076923077,           217P    165
0.615384615384615,0.653846153846154,0.692307692307692,               217P    166
0.73076923076923,0.769230769230769,0.807692307692307,                217P    167
0.846153846153846,0.884615384615384,0.923076923076923,               217P    168
0.961538461538461,1,1,1,1,1,1,1,1,1,1,1,1,1,1,1,1,1,1,1,1,1,1,1,     217P    169
1,1,1,1,1,1,1,1,1,1,0.894273127753304,0.5,0,0.894273127753304,       217P    170
0.493103282723942,0,0.894004813170124,0.479309876513238,0,           217P    171
0.892803266492032,0.458921453060914,0,0.890820166266834,             217P    172
0.439132053413423,0,0.888084430561365,0.420230243858132,0,           217P    173
0.884635952562553,0.402491657410452,0,0.880525018844915,             217P    174
0.386174962050242,0,0.875811576079073,0.371518092086393,0,           217P    175
0.870564356874299,0.358734777647574,0,0.864859877502308,             217P    176
0.348011428254485,0,0.858781322117714,0.339504414485298,0,           217P    177
0.852417329745737,0.333337787757663,0,0.845860701725625,             217P    178
0.329601471375094,0,0.83920704845815,0.32834994924396,0,             217P    179
0.832553395190675,0.329601471375094,0,0.825996767170563,             217P    180
0.333337787757662,0,0.819632774798586,0.339504414485298,0,           217P    181
0.813554219413992,0.348011428254485,0,0.807849740042001,             217P    182
0.358734777647574,0,0.802602520837227,0.371518092086393,0,           217P    183
0.797889078071384,0.386174962050242,0,0.793778144353746,             217P    184
0.402491657410452,0,0.790329666354934,0.420230243858132,0,           217P    185
0.787593930649466,0.439132053413423,0,0.785610830424268,             217P    186
0.458921453060914,0,0.784409283746176,0.479309876513238,0,           217P    187
0.784140969162996,0.493103282723942,0,0.784140969162996,0.5,0,0,     217P    188
1,0,0,1;                                                             217P    189
126,28,3,1,0,1,0,0,0,0,0,0.0384615384615385,0.0769230769230769,      219P    190
0.115384615384615,0.153846153846154,0.192307692307692,               219P    191
0.230769230769231,0.269230769230769,0.307692307692308,               219P    192
0.346153846153846,0.384615384615385,0.423076923076923,               219P    193
0.461538461538461,0.5,0.538461538461538,0.576923076923077,           219P    194
0.615384615384615,0.653846153846154,0.692307692307692,               219P    195
0.73076923076923,0.769230769230769,0.807692307692307,                219P    196
0.846153846153846,0.884615384615384,0.923076923076923,               219P    197
0.961538461538461,1,1,1,1,1,1,1,1,1,1,1,1,1,1,1,1,1,1,1,1,1,1,1,     219P    198
1,1,1,1,1,1,1,1,1,1,0.784140969162996,0.5,0,0.784140969162996,       219P    199
0.506896717276058,0,0.784409283746176,0.520690123486762,0,           219P    200
0.785610830424268,0.541078546939086,0,0.787593930649466,             219P    201
0.560867946586577,0,0.790329666354934,0.579769756141868,0,           219P    202
0.793778144353746,0.597508342589548,0,0.797889078071383,             219P    203
0.613825037949758,0,0.802602520837227,0.628481907913607,0,           219P    204
0.807849740042001,0.641265222352426,0,0.813554219413991,             219P    205
0.651988571745515,0,0.819632774798586,0.660495585514702,0,           219P    206
0.825996767170563,0.666662212242338,0,0.832553395190675,             219P    207
0.670398528624906,0,0.83920704845815,0.67165005075604,0,             219P    208
0.845860701725624,0.670398528624906,0,0.852417329745737,             219P    209
0.666662212242338,0,0.858781322117714,0.660495585514702,0,           219P    210
0.864859877502308,0.651988571745515,0,0.870564356874299,             219P    211
0.641265222352426,0,0.875811576079073,0.628481907913607,0,           219P    212
0.880525018844916,0.613825037949758,0,0.884635952562553,             219P    213
0.597508342589548,0,0.888084430561366,0.579769756141868,0,           219P    214
0.890820166266834,0.560867946586577,0,0.892803266492032,             219P    215
0.541078546939086,0,0.894004813170123,0.520690123486762,0,           219P    216
0.894273127753304,0.506896717276058,0,0.894273127753304,0.5,0,0,     219P    217
1,0,0,1;                                                             219P    218
508,2,0,203,5,0,1,0,217,0,203,6,0,1,0,219;                           221P    219
314,56.4705882352941,56.4705882352941,56.4705882352941,1H ;          223P    220
510,205,2,1,215,221;                                                 225P    221
128,1,1,1,1,0,0,1,0,0,0,0,1,1,0,0,1,1,1,1,1,1,73,73,146,73,-73,      227P    222
146,527,73,146,527,-73,146,0,1,0,1;                                  227P    223
126,1,1,1,0,1,0,0,0,1,1,1,1,0.328767123287671,0.743829801345322,     229P    224
0,0.328767123287671,0,0,0,1,0,0,1;                                   229P    225
126,8,3,1,0,1,0,0,0,0,0,0.166666666666667,0.333333333333333,0.5,     231P    226
0.666666666666667,0.833333333333333,1,1,1,1,1,1,1,1,1,1,1,1,1,       231P    227
0.5,0.729074889867842,0,0.490038075045696,0.729074889867842,0,       231P    228
0.470114236258661,0.729354635450126,0,0.440455917893993,             231P    229
0.730610297009307,0,0.411250768192271,0.732692445447305,0,           231P    230
0.382721053646885,0.73558523422631,0,0.355083900797678,              231P    231
0.739266647965125,0,0.337394403368715,0.742227994028881,0,           231P    232
0.328767123287693,0.743829801345322,0,0,1,0,0,1;                     231P    233
126,7,3,1,0,1,0,0,0,0,0,0.2,0.4,0.6,0.8,1,1,1,1,1,1,1,1,1,1,1,1,     233P    234
0.65753424657531,0.74141862167214,0,0.647844269905269,               233P    235
0.73980424728654,0,0.627984055507004,0.736873629957561,0,            233P    236
0.597024942790859,0.733412232979062,0,0.565179781504645,             233P    237
0.730916977891822,0,0.532739379554485,0.72941065120022,0,            233P    238
0.510913132386275,0.729074889867842,0,0.5,0.729074889867842,0,0,     233P    239
1,0,0,1;                                                             233P    240
126,1,1,1,0,1,0,0,0,1,1,1,1,0.657534246575343,0,0,                   235P    241
0.657534246575343,0.74141862167214,0,0,1,0,0,1;                      235P    242
126,1,1,1,0,1,0,0,0,1,1,1,1,0.657534246575343,0,0,1,0,0,0,1,0,0,     237P    243
1;                                                                   237P    244
126,1,1,1,0,1,0,0,0,1,1,1,1,1,0,0,1,1,0,0,1,0,0,1;                   239P    245
126,1,1,1,0,1,0,0,0,1,1,1,1,0.657534246575343,1,0,1,1,0,0,1,0,0,     241P    246
1;                                                                   241P    247
126,1,1,1,0,1,0,0,0,1,1,1,1,0.657534246575343,0.936995475244174,     243P    248
0,0.657534246575343,1,0,0,1,0,0,1;                                   243P    249
126,7,3,1,0,1,0,0,0,0,0,0.2,0.4,0.6,0.8,1,1,1,1,1,1,1,1,1,1,1,1,     245P    250
0.5,0.949339207048458,0,0.510913132386269,0.949339207048458,0,       245P    251
0.532739379554466,0.94900344571608,0,0.565179781504609,              245P    252
0.94749711902448,0,0.597024942790806,0.945001863937243,0,            245P    253
0.627984055506936,0.941540466958747,0,0.647844269905192,             245P    254
0.938609849629771,0,0.657534246575228,0.936995475244174,0,0,1,0,     245P    255
0,1;                                                                 245P    256
126,8,3,1,0,1,0,0,0,0,0,0.166666666666667,0.333333333333333,0.5,     247P    257
0.666666666666667,0.833333333333333,1,1,1,1,1,1,1,1,1,1,1,1,1,       247P    258
0.328767123287703,0.934584295570979,0,0.337394403368724,             247P    259
0.93618610288742,0,0.355083900797686,0.939147448951176,0,            247P    260
0.382721053646892,0.94282886268999,0,0.411250768192276,              247P    261
0.945721651468995,0,0.440455917893997,0.947803799906992,0,           247P    262
0.470114236258663,0.949059461466173,0,0.490038075045697,             247P    263
0.949339207048458,0,0.5,0.949339207048458,0,0,1,0,0,1;               247P    264
126,1,1,1,0,1,0,0,0,1,1,1,1,0.328767123287671,1,0,                   249P    265
0.328767123287671,0.934584295570979,0,0,1,0,0,1;                     249P    266
126,1,1,1,0,1,0,0,0,1,1,1,1,0,1,0,0.328767123287671,1,0,0,1,0,0,     251P    267
1;                                                                   251P    268
126,1,1,1,0,1,0,0,0,1,1,1,1,0,0,0,0,1,0,0,1,0,0,1;                   253P    269
126,1,1,1,0,1,0,0,0,1,1,1,1,0,0,0,0.328767123287672,0,0,0,1,0,0,     255P    270
1;                                                                   255P    271
508,14,0,203,7,0,1,0,229,0,203,8,0,1,0,231,0,203,9,0,1,0,233,0,      257P    272
203,10,0,1,0,235,0,203,11,1,1,0,237,0,203,12,1,1,0,239,0,203,13,     257P    273
0,1,0,241,0,203,14,0,1,0,243,0,203,15,0,1,0,245,0,203,16,0,1,0,      257P    274
247,0,203,17,0,1,0,249,0,203,18,0,1,0,251,0,203,19,0,1,0,253,0,      257P    275
203,20,1,1,0,255;                                                    257P    276
126,28,3,1,0,1,0,0,0,0,0,0.0384615384615385,0.0769230769230769,      259P    277
0.115384615384615,0.153846153846154,0.192307692307692,               259P    278
0.230769230769231,0.269230769230769,0.307692307692308,               259P    279
0.346153846153846,0.384615384615385,0.423076923076923,               259P    280
0.461538461538461,0.5,0.538461538461538,0.576923076923077,           259P    281
0.615384615384615,0.653846153846154,0.692307692307692,               259P    282
0.73076923076923,0.769230769230769,0.807692307692307,                259P    283
0.846153846153846,0.884615384615384,0.923076923076923,               259P    284
0.961538461538461,1,1,1,1,1,1,1,1,1,1,1,1,1,1,1,1,1,1,1,1,1,1,1,     259P    285
1,1,1,1,1,1,1,1,1,1,0.5,0.784140969162996,0,0.493103282723942,       259P    286
0.784140969162996,0,0.479309876513238,0.784409283746176,0,           259P    287
0.458921453060914,0.785610830424268,0,0.439132053413423,             259P    288
0.787593930649466,0,0.420230243858132,0.790329666354934,0,           259P    289
0.402491657410452,0.793778144353746,0,0.386174962050242,             259P    290
0.797889078071384,0,0.371518092086393,0.802602520837227,0,           259P    291
0.358734777647574,0.807849740042001,0,0.348011428254485,             259P    292
0.813554219413991,0,0.339504414485299,0.819632774798586,0,           259P    293
0.333337787757662,0.825996767170563,0,0.329601471375095,             259P    294
0.832553395190675,0,0.32834994924396,0.83920704845815,0,             259P    295
0.329601471375094,0.845860701725625,0,0.333337787757663,             259P    296
0.852417329745737,0,0.339504414485299,0.858781322117714,0,           259P    297
0.348011428254485,0.864859877502309,0,0.358734777647574,             259P    298
0.870564356874299,0,0.371518092086393,0.875811576079073,0,           259P    299
0.386174962050242,0.880525018844916,0,0.402491657410452,             259P    300
0.884635952562553,0,0.420230243858132,0.888084430561366,0,           259P    301
0.439132053413423,0.890820166266834,0,0.458921453060914,             259P    302
0.892803266492032,0,0.479309876513238,0.894004813170123,0,           259P    303
0.493103282723942,0.894273127753304,0,0.5,0.894273127753304,0,0,     259P    304
1,0,0,1;                                                             259P    305
126,28,3,1,0,1,0,0,0,0,0,0.0384615384615385,0.0769230769230769,      261P    306
0.115384615384615,0.153846153846154,0.192307692307692,               261P    307
0.230769230769231,0.269230769230769,0.307692307692308,               261P    308
0.346153846153846,0.384615384615385,0.423076923076923,               261P    309
0.461538461538461,0.5,0.538461538461538,0.576923076923077,           261P    310
0.615384615384615,0.653846153846154,0.692307692307692,               261P    311
0.73076923076923,0.769230769230769,0.807692307692307,                261P    312
0.846153846153846,0.884615384615384,0.923076923076923,               261P    313
0.961538461538461,1,1,1,1,1,1,1,1,1,1,1,1,1,1,1,1,1,1,1,1,1,1,1,     261P    314
1,1,1,1,1,1,1,1,1,1,0.5,0.894273127753304,0,0.506896717276058,       261P    315
0.894273127753304,0,0.520690123486762,0.894004813170123,0,           261P    316
0.541078546939086,0.892803266492032,0,0.560867946586577,             261P    317
0.890820166266833,0,0.579769756141868,0.888084430561366,0,           261P    318
0.597508342589548,0.884635952562553,0,0.613825037949758,             261P    319
0.880525018844916,0,0.628481907913607,0.875811576079073,0,           261P    320
0.641265222352426,0.870564356874299,0,0.651988571745515,             261P    321
0.864859877502308,0,0.660495585514702,0.858781322117714,0,           261P    322
0.666662212242337,0.852417329745737,0,0.670398528624906,             261P    323
0.845860701725625,0,0.67165005075604,0.83920704845815,0,             261P    324
0.670398528624906,0.832553395190675,0,0.666662212242338,             261P    325
0.825996767170563,0,0.660495585514702,0.819632774798586,0,           261P    326
0.651988571745516,0.813554219413992,0,0.641265222352426,             261P    327
0.807849740042001,0,0.628481907913607,0.802602520837227,0,           261P    328
0.613825037949758,0.797889078071384,0,0.597508342589548,             261P    329
0.793778144353746,0,0.579769756141869,0.790329666354934,0,           261P    330
0.560867946586578,0.787593930649466,0,0.541078546939086,             261P    331
0.785610830424268,0,0.520690123486762,0.784409283746176,0,           261P    332
0.506896717276058,0.784140969162996,0,0.5,0.784140969162996,0,0,     261P    333
1,0,0,1;                                                             261P    334
508,2,0,203,21,1,1,0,259,0,203,22,1,1,0,261;                         263P    335
510,227,2,1,257,263;                                                 265P    336
110,454,0,1450,454,0,1449;                                           267P    337
110,479,3.06161699786838E-15,146,479,3.06161699786838E-15,0;         269P    338
120,267,269,0,6.28318530717959;                                      271P    339
126,1,1,1,0,1,0,0,0,1,1,1,1,0,0,0,1,0,0,0,1,0,0,1;                   273P    340
126,1,1,1,0,1,0,0,0,1,1,1,1,1,0,0,1,3.14159265358979,0,0,1,0,0,      275P    341
1;                                                                   275P    342
126,1,1,1,0,1,0,0,0,1,1,1,1,0,3.14159265358979,0,1,                  277P    343
3.14159265358979,0,0,1,0,0,1;                                        277P    344
126,1,1,1,0,1,0,0,0,1,1,1,1,0,0,0,0,3.14159265358979,0,0,1,0,0,      279P    345
1;                                                                   279P    346
508,4,0,203,23,1,1,0,273,0,203,5,1,1,0,275,0,203,24,0,1,0,277,0,     281P    347
203,22,0,1,0,279;                                                    281P    348
510,271,1,1,281;                                                     283P    349
110,73,-73,146,73,-74,146;                                           285P    350
110,-73.0000000000001,-73,146,-73.0000000000001,73,146;              287P    351
120,285,287,0,6.28318530717959;                                      289P    352
126,1,1,1,0,1,0,0,0,1,1,1,1,0,1.5707963267949,0,1,                   291P    353
1.5707963267949,0,0,1,0,0,1;                                         291P    354
126,1,1,1,0,1,0,0,0,1,1,1,1,0,0,0,0,1.5707963267949,0,0,1,0,0,1;     293P    355
126,1,1,1,0,1,0,0,0,1,1,1,1,0,0,0,1,0,0,0,1,0,0,1;                   295P    356
126,1,1,1,0,1,0,0,0,1,1,1,1,1,0,0,1,1.5707963267949,0,0,1,0,0,1;     297P    357
508,4,0,203,1,0,1,0,291,0,203,25,0,1,0,293,0,203,26,1,1,0,295,0,     299P    358
203,27,1,1,0,297;                                                    299P    359
510,289,1,1,299;                                                     301P    360
128,1,1,1,1,0,0,1,0,0,0,0,1,1,0,0,1,1,1,1,1,1,527,73,0,              303P    361
-73.0000000000001,73,0,527,73,1450,-73.0000000000001,73,1450,0,      303P    362
1,0,1;                                                               303P    363
126,1,1,1,0,1,0,0,0,1,1,1,1,1,0.100689655172414,0,1,1,0,0,1,0,0,     305P    364
1;                                                                   305P    365
126,1,1,1,0,1,0,0,0,1,1,1,1,0.756666666666666,1,0,1,1,0,0,1,0,0,     307P    366
1;                                                                   307P    367
126,1,1,1,0,1,0,0,0,1,1,1,1,0.756666666666666,0.100689655172414,     309P    368
0,0.756666666666666,1,0,0,1,0,0,1;                                   309P    369
126,1,1,1,0,1,0,0,0,1,1,1,1,0.756666666666666,0.100689655172414,     311P    370
0,0,0.100689655172414,0,0,1,0,0,1;                                   311P    371
126,1,1,1,0,1,0,0,0,1,1,1,1,0,0,0,0,0.100689655172414,0,0,1,0,0,     313P    372
1;                                                                   313P    373
126,1,1,1,0,1,0,0,0,1,1,1,1,0.756666666666666,0,0,0,0,0,0,1,0,0,     315P    374
1;                                                                   315P    375
126,16,3,1,0,1,0,0,0,0,0,0.0714285714285714,0.142857142857143,       317P    376
0.214285714285714,0.285714285714286,0.357142857142857,               317P    377
0.428571428571429,0.5,0.571428571428571,0.642857142857143,           317P    378
0.714285714285714,0.785714285714286,0.857142857142857,               317P    379
0.928571428571429,1,1,1,1,1,1,1,1,1,1,1,1,1,1,1,1,1,1,1,1,1,1,       317P    380
0.100689655172414,0,1,0.0969238708750074,0,0.998977838336683,        317P    381
0.089392313782682,0,0.994397392265744,0.0782370395401728,0,          317P    382
0.986827344385805,0.0673641224388815,0,0.976362892441254,            317P    383
0.0569102925851797,0,0.96313563298671,0.0470070137948957,0,          317P    384
0.9473119064852,0.0377788253197655,0,0.929090705475815,              317P    385
0.0293417770444904,0,0.9087011721439,0.0218019697302623,0,           317P    386
0.886399716662335,0.0152542208330854,0,0.862466792919149,            317P    387
0.00978087209327411,0,0.837203370772703,0.00545075404725325,0,       317P    388
0.810927154444582,0.00231832044176122,0,0.783968575025185,           317P    389
0.000422963446889802,0,0.765767312052065,0,0,0.756666666666666,      317P    390
0,0,0,1,0,0,1;                                                       317P    391
508,7,0,203,28,1,1,0,305,0,203,29,0,1,0,307,0,203,30,0,1,0,309,      319P    392
0,203,19,1,1,0,311,0,203,31,0,1,0,313,0,203,2,0,1,0,315,0,203,       319P    393
27,0,1,0,317;                                                        319P    394
510,303,1,1,319;                                                     321P    395
128,1,1,1,1,0,0,1,0,0,0,0,1,1,0,0,1,1,1,1,1,1,527,-73,146,527,       323P    396
-73,0,527,73,146,527,73,0,0,1,0,1;                                   323P    397
126,1,1,1,0,1,0,0,0,1,1,1,1,0.0136986301369864,                      325P    398
0.671232876712329,0,0,0.671232876712329,0,0,1,0,0,1;                 325P    399
126,1,1,1,0,1,0,0,0,1,1,1,1,0.0136986301369864,                      327P    400
0.986301369863014,0,0.0136986301369864,0.671232876712329,0,0,1,      327P    401
0,0,1;                                                               327P    402
126,1,1,1,0,1,0,0,0,1,1,1,1,0.986301369863014,0.986301369863014,     329P    403
0,0.0136986301369864,0.986301369863014,0,0,1,0,0,1;                  329P    404
126,1,1,1,0,1,0,0,0,1,1,1,1,0.986301369863014,                       331P    405
0.0136986301369864,0,0.986301369863014,0.986301369863014,0,0,1,      331P    406
0,0,1;                                                               331P    407
126,1,1,1,0,1,0,0,0,1,1,1,1,0.0136986301369864,                      333P    408
0.0136986301369862,0,0.986301369863014,0.0136986301369862,0,0,1,     333P    409
0,0,1;                                                               333P    410
126,1,1,1,0,1,0,0,0,1,1,1,1,0.0136986301369864,                      335P    411
0.342465753424657,0,0.0136986301369864,0.0136986301369864,0,0,1,     335P    412
0,0,1;                                                               335P    413
126,1,1,1,0,1,0,0,0,1,1,1,1,0,0.342465753424657,0,                   337P    414
0.0136986301369864,0.342465753424657,0,0,1,0,0,1;                    337P    415
126,1,1,1,0,1,0,0,0,1,1,1,1,0,0.342465753424657,0,0,0,0,0,1,0,0,     339P    416
1;                                                                   339P    417
126,1,1,1,0,1,0,0,0,1,1,1,1,0,0,0,1,0,0,0,1,0,0,1;                   341P    418
126,1,1,1,0,1,0,0,0,1,1,1,1,1,0,0,1,1,0,0,1,0,0,1;                   343P    419
126,1,1,1,0,1,0,0,0,1,1,1,1,1,1,0,0,1,0,0,1,0,0,1;                   345P    420
126,1,1,1,0,1,0,0,0,1,1,1,1,0,1,0,0,0.671232876712329,0,0,1,0,0,     347P    421
1;                                                                   347P    422
508,12,0,203,32,0,1,0,325,0,203,33,0,1,0,327,0,203,34,0,1,0,329,     349P    423
0,203,35,0,1,0,331,0,203,36,0,1,0,333,0,203,37,0,1,0,335,0,203,      349P    424
38,0,1,0,337,0,203,13,1,1,0,339,0,203,39,1,1,0,341,0,203,3,1,1,      349P    425
0,343,0,203,31,1,1,0,345,0,203,18,1,1,0,347;                         349P    426
510,323,1,1,349;                                                     351P    427
128,1,1,1,1,0,0,1,0,0,0,0,1,1,0,0,1,1,1,1,1,1,-73.0000000000001,     353P    428
-73,0,527,-73,0,-73.0000000000001,-73,1450,527,-73,1450,0,1,0,1;     353P    429
126,1,1,1,0,1,0,0,0,1,1,1,1,0.243333333333333,0,0,1,0,0,0,1,0,0,     355P    430
1;                                                                   355P    431
126,1,1,1,0,1,0,0,0,1,1,1,1,1,0.100689655172414,0,1,0,0,0,1,0,0,     357P    432
1;                                                                   357P    433
126,1,1,1,0,1,0,0,0,1,1,1,1,0.243333333333333,0.100689655172414,     359P    434
0,1,0.100689655172414,0,0,1,0,0,1;                                   359P    435
126,1,1,1,0,1,0,0,0,1,1,1,1,0.243333333333333,0.100689655172414,     361P    436
0,0.243333333333333,1,0,0,1,0,0,1;                                   361P    437
126,1,1,1,0,1,0,0,0,1,1,1,1,0,1,0,0.243333333333333,1,0,0,1,0,0,     363P    438
1;                                                                   363P    439
126,1,1,1,0,1,0,0,0,1,1,1,1,0,0.100689655172414,0,0,1,0,0,1,0,0,     365P    440
1;                                                                   365P    441
126,16,3,1,0,1,0,0,0,0,0,0.0714285714285714,0.142857142857143,       367P    442
0.214285714285714,0.285714285714286,0.357142857142857,               367P    443
0.428571428571429,0.5,0.571428571428571,0.642857142857143,           367P    444
0.714285714285714,0.785714285714286,0.857142857142857,               367P    445
0.928571428571429,1,1,1,1,1,1,1,1,1,1,1,1,1,1,1,1,1,1,1,1,1,0,       367P    446
0.100689655172414,0,0,0.0969238708750074,0,0.00102216166331702,      367P    447
0.089392313782682,0,0.00560260773425628,0.0782370395401728,0,        367P    448
0.0131726556141954,0.0673641224388815,0,0.0236371075587458,          367P    449
0.0569102925851797,0,0.0368643670132897,0.0470070137948957,0,        367P    450
0.0526880935148005,0.0377788253197655,0,0.0709092945241852,          367P    451
0.0293417770444904,0,0.0912988278560999,0.0218019697302623,0,        367P    452
0.113600283337665,0.0152542208330854,0,0.137533207080851,            367P    453
0.00978087209327411,0,0.162796629227297,0.00545075404725325,0,       367P    454
0.189072845555417,0.00231832044176122,0,0.216031424974815,           367P    455
0.000422963446889802,0,0.234232687947935,0,0,0.243333333333333,      367P    456
0,0,0,1,0,0,1;                                                       367P    457
508,7,0,203,4,1,1,0,355,0,203,39,0,1,0,357,0,203,12,0,1,0,359,0,     369P    458
203,40,1,1,0,361,0,203,41,0,1,0,363,0,203,42,0,1,0,365,0,203,25,     369P    459
1,1,0,367;                                                           369P    460
510,353,1,1,369;                                                     371P    461
128,1,1,1,1,0,0,1,0,0,0,0,1,1,0,0,1,1,1,1,1,1,71,                    373P    462
24.9999999999998,144,71,25,1450,410.698729810776,                    373P    463
24.9999999999998,144,410.698729810776,25,1450,0,1,0,1;               373P    464
126,1,1,1,0,1,0,0,0,1,1,1,1,0.00153139356814701,1,0,0,1,0,0,1,0,     375P    465
0,1;                                                                 375P    466
126,1,1,1,0,1,0,0,0,1,1,1,1,0.00153139356814701,1,0,                 377P    467
0.00153139356814701,0.00588756985083239,0,0,1,0,0,1;                 377P    468
126,1,1,1,0,1,0,0,0,1,1,1,1,0.00153139356814701,                     379P    469
0.00588756985083239,0,1,0.00588756985083239,0,0,1,0,0,1;             379P    470
126,1,1,1,0,1,0,0,0,1,1,1,1,1,0.00588756985083239,0,1,0,0,0,1,0,     381P    471
0,1;                                                                 381P    472
126,1,1,1,0,1,0,0,0,1,1,1,1,0,0,0,1,0,0,0,1,0,0,1;                   383P    473
126,1,1,1,0,1,0,0,0,1,1,1,1,0,1,0,0,0,0,0,1,0,0,1;                   385P    474
508,6,0,203,43,0,1,0,375,0,203,7,1,1,0,377,0,203,44,1,1,0,379,0,     387P    475
203,45,1,1,0,381,0,203,46,0,1,0,383,0,203,47,0,1,0,385;              387P    476
510,373,1,1,387;                                                     389P    477
110,454,0,146,454,0,145;                                             391P    478
110,504,6.12323399573677E-15,146,504,6.12323399573677E-15,2;         393P    479
120,391,393,0,6.28318530717959;                                      395P    480
126,1,1,1,0,1,0,0,0,1,1,1,1,0,0,0,0,0.477995198518576,0,0,1,0,0,     397P    481
1;                                                                   397P    482
126,1,1,1,0,1,0,0,0,1,1,1,1,0,0.477995198518576,0,                   399P    483
0.0138888888888889,0.477995198518576,0,0,1,0,0,1;                    399P    484
126,1,1,1,0,1,0,0,0,1,1,1,1,0.0138888888888889,                      401P    485
0.477995198518952,0,0.0138888888888889,2.66359745507084,0,0,1,0,     401P    486
0,1;                                                                 401P    487
126,1,1,1,0,1,0,0,0,1,1,1,1,0,2.66359745507095,0,                    403P    488
0.0138888888888889,2.66359745507095,0,0,1,0,0,1;                     403P    489
126,1,1,1,0,1,0,0,0,1,1,1,1,0,2.66359745507095,0,0,                  405P    490
3.14159265358979,0,0,1,0,0,1;                                        405P    491
126,1,1,1,0,1,0,0,0,1,1,1,1,0,3.14159265358979,0,1,                  407P    492
3.14159265358979,0,0,1,0,0,1;                                        407P    493
126,1,1,1,0,1,0,0,0,1,1,1,1,1,0,0,1,3.14159265358979,0,0,1,0,0,      409P    494
1;                                                                   409P    495
126,1,1,1,0,1,0,0,0,1,1,1,1,0,0,0,1,0,0,0,1,0,0,1;                   411P    496
508,8,0,203,15,1,1,0,397,0,203,48,1,1,0,399,0,203,49,1,1,0,401,      413P    497
0,203,50,0,1,0,403,0,203,9,1,1,0,405,0,203,51,1,1,0,407,0,203,       413P    498
52,0,1,0,409,0,203,53,0,1,0,411;                                     413P    499
510,395,1,1,413;                                                     415P    500
128,1,1,1,1,0,0,1,0,0,0,0,1,1,0,0,1,1,1,1,1,1,71,-23,1450,71,        417P    501
-23.0000000000002,144,409.604054239151,-23,1450,                     417P    502
409.604054239151,-23.0000000000002,144,0,1,0,1;                      417P    503
126,1,1,1,0,1,0,0,0,1,1,1,1,0.998468606431853,1,0,1,1,0,0,1,0,0,     419P    504
1;                                                                   419P    505
126,1,1,1,0,1,0,0,0,1,1,1,1,1,0,0,1,1,0,0,1,0,0,1;                   421P    506
126,1,1,1,0,1,0,0,0,1,1,1,1,0,0,0,1,0,0,0,1,0,0,1;                   423P    507
126,1,1,1,0,1,0,0,0,1,1,1,1,0,0,0,0,0.00590660381930169,0,0,1,0,     425P    508
0,1;                                                                 425P    509
126,1,1,1,0,1,0,0,0,1,1,1,1,0,0.00590660381930169,0,                 427P    510
0.998468606431853,0.00590660381930169,0,0,1,0,0,1;                   427P    511
126,1,1,1,0,1,0,0,0,1,1,1,1,0.998468606431853,                       429P    512
0.00590660381930169,0,0.998468606431853,1,0,0,1,0,0,1;               429P    513
508,6,0,203,50,1,1,0,419,0,203,54,0,1,0,421,0,203,55,0,1,0,423,      431P    514
0,203,56,1,1,0,425,0,203,57,1,1,0,427,0,203,10,1,1,0,429;            431P    515
510,417,1,1,431;                                                     433P    516
128,1,1,1,1,0,0,1,0,0,0,0,1,1,0,0,1,1,1,1,1,1,73,-73,146,73,-23,     435P    517
146,73,-73,1450,73,-23,1450,0,1,0,1;                                 435P    518
126,1,1,1,0,1,0,0,0,1,1,1,1,1,1,0,0.999999999999997,0,0,0,1,0,0,     437P    519
1;                                                                   437P    520
126,1,1,1,0,1,0,0,0,1,1,1,1,0,1,0,1,1,0,0,1,0,0,1;                   439P    521
126,1,1,1,0,1,0,0,0,1,1,1,1,0,0,0,0,1,0,0,1,0,0,1;                   441P    522
126,1,1,1,0,1,0,0,0,1,1,1,1,0.999999999999997,0,0,0,0,0,0,1,0,0,     443P    523
1;                                                                   443P    524
508,4,0,203,57,0,1,0,437,0,203,58,0,1,0,439,0,203,40,0,1,0,441,      445P    525
0,203,11,0,1,0,443;                                                  445P    526
510,435,1,1,445;                                                     447P    527
128,1,1,1,1,0,0,1,0,0,0,0,1,1,0,0,1,1,1,1,1,1,498.395945760855,      449P    528
-23.0000000000002,146,498.395945760855,-23.0000000000002,144,        449P    529
527,-23.0000000000002,146,527,-23.0000000000002,144,0,1,0,1;         449P    530
126,1,1,1,0,1,0,0,0,1,1,1,1,0,0,0,0.999999999999886,0,0,0,1,0,0,     451P    531
1;                                                                   451P    532
126,1,1,1,0,1,0,0,0,1,1,1,1,0,0,0,0,1,0,0,1,0,0,1;                   453P    533
126,1,1,1,0,1,0,0,0,1,1,1,1,0,1,0,1,0.999999999999996,0,0,1,0,0,     455P    534
1;                                                                   455P    535
126,1,1,1,0,1,0,0,0,1,1,1,1,1,0,0,1,0.999999999999996,0,0,1,0,0,     457P    536
1;                                                                   457P    537
508,4,0,203,48,0,1,0,451,0,203,14,1,1,0,453,0,203,38,1,1,0,455,      459P    538
0,203,59,0,1,0,457;                                                  459P    539
510,449,1,1,459;                                                     461P    540
128,1,1,1,1,0,0,1,0,0,0,0,1,1,0,0,1,1,1,1,1,1,497.301270189225,      463P    541
24.9999999999998,144,497.301270189225,24.9999999999998,146,527,      463P    542
24.9999999999998,144,527,24.9999999999998,146,0,1,0,1;               463P    543
126,1,1,1,0,1,0,0,0,1,1,1,1,1,0,0,0,0,0,0,1,0,0,1;                   465P    544
126,1,1,1,0,1,0,0,0,1,1,1,1,0,1,0,0,0,0,0,1,0,0,1;                   467P    545
126,1,1,1,0,1,0,0,0,1,1,1,1,0,1,0,1,1,0,0,1,0,0,1;                   469P    546
126,1,1,1,0,1,0,0,0,1,1,1,1,1,1,0,1,0,0,0,1,0,0,1;                   471P    547
508,4,0,203,60,1,1,0,465,0,203,61,0,1,0,467,0,203,32,1,1,0,469,      473P    548
0,203,17,1,1,0,471;                                                  473P    549
510,463,1,1,473;                                                     475P    550
128,1,1,1,1,0,0,1,0,0,0,0,1,1,0,0,1,1,1,1,1,1,73,                    477P    551
24.9999999999998,146,73,73,146,73,24.9999999999998,1450,73,73,       477P    552
1450,0,1,0,1;                                                        477P    553
126,1,1,1,0,1,0,0,0,1,1,1,1,0,0,0,0,1,0,0,1,0,0,1;                   479P    554
126,1,1,1,0,1,0,0,0,1,1,1,1,1,0,0,0,0,0,0,1,0,0,1;                   481P    555
126,1,1,1,0,1,0,0,0,1,1,1,1,1,0,0,1,1,0,0,1,0,0,1;                   483P    556
126,1,1,1,0,1,0,0,0,1,1,1,1,0,1,0,1,1,0,0,1,0,0,1;                   485P    557
508,4,0,203,44,0,1,0,479,0,203,20,0,1,0,481,0,203,30,1,1,0,483,      487P    558
0,203,62,0,1,0,485;                                                  487P    559
510,477,1,1,487;                                                     489P    560
128,1,1,1,1,0,0,1,0,0,0,0,1,1,0,0,1,1,1,1,1,1,-73,73,146,-73,        491P    561
-73,146,-73,73,1450,-73,-73,1450,0,1,0,1;                            491P    562
126,1,1,1,0,1,0,0,0,1,1,1,1,1,0,0,0,0,0,0,1,0,0,1;                   493P    563
126,1,1,1,0,1,0,0,0,1,1,1,1,1,0,0,1,1,0,0,1,0,0,1;                   495P    564
126,1,1,1,0,1,0,0,0,1,1,1,1,0,1,0,1,1,0,0,1,0,0,1;                   497P    565
126,1,1,1,0,1,0,0,0,1,1,1,1,0,0,0,0,1,0,0,1,0,0,1;                   499P    566
508,4,0,203,26,0,1,0,493,0,203,42,1,1,0,495,0,203,63,0,1,0,497,      501P    567
0,203,28,0,1,0,499;                                                  501P    568
510,491,1,1,501;                                                     503P    569
128,1,1,1,1,0,0,1,0,0,0,0,1,1,0,0,1,1,1,1,1,1,-73,-73,1450,73,       505P    570
-73,1450,-73,73,1450,73,73,1450,0,1,0,1;                             505P    571
126,1,1,1,0,1,0,0,0,1,1,1,1,1,0.671232876712329,0,                   507P    572
0.986301369863014,0.671232876712329,0,0,1,0,0,1;                     507P    573
126,1,1,1,0,1,0,0,0,1,1,1,1,1,0.671232876712329,0,1,1,0,0,1,0,0,     509P    574
1;                                                                   509P    575
126,1,1,1,0,1,0,0,0,1,1,1,1,1,1,0,0,1,0,0,1,0,0,1;                   511P    576
126,1,1,1,0,1,0,0,0,1,1,1,1,0,1,0,0,0,0,0,1,0,0,1;                   513P    577
126,1,1,1,0,1,0,0,0,1,1,1,1,0,0,0,1,0,0,0,1,0,0,1;                   515P    578
126,1,1,1,0,1,0,0,0,1,1,1,1,1,0,0,1,0.342465753424658,0,0,1,0,0,     517P    579
1;                                                                   517P    580
126,1,1,1,0,1,0,0,0,1,1,1,1,0.986301369863014,0.342465753424658,     519P    581
0,1,0.342465753424658,0,0,1,0,0,1;                                   519P    582
126,1,1,1,0,1,0,0,0,1,1,1,1,0.986301369863014,                       521P    583
0.0136986301369864,0,0.986301369863014,0.342465753424658,0,0,1,      521P    584
0,0,1;                                                               521P    585
126,1,1,1,0,1,0,0,0,1,1,1,1,0.0136986301369864,                      523P    586
0.0136986301369864,0,0.986301369863014,0.0136986301369864,0,0,1,     523P    587
0,0,1;                                                               523P    588
126,1,1,1,0,1,0,0,0,1,1,1,1,0.0136986301369864,                      525P    589
0.986301369863014,0,0.0136986301369864,0.0136986301369864,0,0,1,     525P    590
0,0,1;                                                               525P    591
126,1,1,1,0,1,0,0,0,1,1,1,1,0.986301369863014,0.986301369863014,     527P    592
0,0.0136986301369864,0.986301369863014,0,0,1,0,0,1;                  527P    593
126,1,1,1,0,1,0,0,0,1,1,1,1,0.986301369863014,0.671232876712329,     529P    594
0,0.986301369863014,0.986301369863014,0,0,1,0,0,1;                   529P    595
508,12,0,203,45,0,1,0,507,0,203,62,1,1,0,509,0,203,29,1,1,0,511,     531P    596
0,203,63,1,1,0,513,0,203,41,1,1,0,515,0,203,58,1,1,0,517,0,203,      531P    597
56,0,1,0,519,0,203,64,0,1,0,521,0,203,65,0,1,0,523,0,203,66,0,1,     531P    598
0,525,0,203,67,0,1,0,527,0,203,68,0,1,0,529;                         531P    599
510,505,1,1,531;                                                     533P    600
128,1,1,1,1,0,0,1,0,0,0,0,1,1,0,0,1,1,1,1,1,1,71,71,144,71,25,       535P    601
144,527,71,144,527,25,144,0,1,0,1;                                   535P    602
126,20,3,1,0,1,0,0,0,0,0,0.0555555555555555,0.111111111111111,       537P    603
0.166666666666667,0.222222222222222,0.277777777777778,               537P    604
0.333333333333333,0.388888888888889,0.444444444444444,0.5,           537P    605
0.555555555555556,0.611111111111111,0.666666666666667,               537P    606
0.722222222222222,0.777777777777778,0.833333333333333,               537P    607
0.888888888888889,0.944444444444444,1,1,1,1,1,1,1,1,1,1,1,1,1,1,     537P    608
1,1,1,1,1,1,1,1,1,1,1,1,0.744953354848197,0,0.963490350961469,       537P    609
0.747079730642537,0,0.892926586451062,0.751761493866962,0,           537P    610
0.795878431613084,0.759976232899827,0,0.708940309691818,             537P    611
0.769271968235672,0,0.633287874495875,0.779522993047918,0,           537P    612
0.569944204849011,0.790590679262914,0,0.519765912694523,             537P    613
0.802325355558017,0,0.483431574030016,0.814568330527605,0,           537P    614
0.461432548273518,0.827154038948378,0,0.454066334558893,             537P    615
0.839912280701755,0,0.461432548273518,0.85267052245513,0,            537P    616
0.483431574030016,0.865256230875904,0,0.519765912694523,             537P    617
0.877499205845492,0,0.569944204849011,0.889233882140595,0,           537P    618
0.633287874495874,0.90030156835559,0,0.708940309691818,              537P    619
0.910552593167836,0,0.795878431613083,0.919848328503682,0,           537P    620
0.892926586451062,0.928063067536547,0,0.963490350961469,             537P    621
0.932744830760971,0,0.999999999999999,0.934871206555311,0,0,1,0,     537P    622
0,1;                                                                 537P    623
126,1,1,1,0,1,0,0,0,1,1,1,1,1,0.744953354848193,0,1,0,0,0,1,0,0,     539P    624
1;                                                                   539P    625
126,1,1,1,0,1,0,0,0,1,1,1,1,1,0,0,0,0,0,0,1,0,0,1;                   541P    626
126,1,1,1,0,1,0,0,0,1,1,1,1,0,0,0,0,1,0,0,1,0,0,1;                   543P    627
126,1,1,1,0,1,0,0,0,1,1,1,1,0,1,0,1,1,0,0,1,0,0,1;                   545P    628
126,1,1,1,0,1,0,0,0,1,1,1,1,1,1,0,1,0.934871206555317,0,0,1,0,0,     547P    629
1;                                                                   547P    630
508,6,0,203,69,0,1,0,537,0,203,47,1,1,0,539,0,203,70,1,1,0,541,      549P    631
0,203,71,1,1,0,543,0,203,33,1,1,0,545,0,203,61,1,1,0,547;            549P    632
510,535,1,1,549;                                                     551P    633
128,1,1,1,1,0,0,1,0,0,0,0,1,1,0,0,1,1,1,1,1,1,-71,71,                553P    634
1.99999999999999,-71,71.0000000000001,1450,527,71,                   553P    635
1.99999999999999,527,71.0000000000001,1450,0,1,0,1;                  553P    636
126,16,3,1,0,1,0,0,0,0,0,0.0714285714285714,0.142857142857143,       555P    637
0.214285714285714,0.285714285714286,0.357142857142857,               555P    638
0.428571428571429,0.5,0.571428571428571,0.642857142857143,           555P    639
0.714285714285714,0.785714285714286,0.857142857142857,               555P    640
0.928571428571429,1,1,1,1,1,1,1,1,1,1,1,1,1,1,1,1,1,1,1,1,1,         555P    641
0.0994475138121547,0,0,0.0957281854929876,0,0,                       555P    642
0.0882895402152425,0.00101153121948266,0,0.0772718811775716,         555P    643
0.00554434081916598,0,0.0665330960287144,0.01303566047861,0,         555P    644
0.0562082281265871,0.0233912825064786,0,0.0464271195052893,          555P    645
0.0364809789474989,0,0.0373127730585741,0.0521401392733628,0,        555P    646
0.0289798070408385,0.0701718404600906,0,0.0215330133186954,          555P    647
0.0903493233926677,0,0.0150660396482074,0.112418844554614,0,         555P    648
0.00966021197436061,0.136102866768057,0,0.005383511716995,           555P    649
0.161103550250131,0,0.00228972086316385,0.187106494891511,0,         555P    650
0.00041774562793552,0.213784706073029,0,0,0.231796676578338,0,0,     555P    651
0.240802675585284,0,0,1,0,0,1;                                       555P    652
126,1,1,1,0,1,0,0,0,1,1,1,1,0,0.240802675585284,0,0,1,0,0,1,0,0,     557P    653
1;                                                                   557P    654
126,1,1,1,0,1,0,0,0,1,1,1,1,0,1,0,0.0980662983425414,1,0,0,1,0,      559P    655
0,1;                                                                 559P    656
126,1,1,1,0,1,0,0,0,1,1,1,1,0.0980662983425414,                      561P    657
0.237458193979933,0,0.0980662983425414,1,0,0,1,0,0,1;                561P    658
126,1,1,1,0,1,0,0,0,1,1,1,1,0.0980662983425414,                      563P    659
0.237458193979933,0,1,0.237458193979933,0,0,1,0,0,1;                 563P    660
126,1,1,1,0,1,0,0,0,1,1,1,1,1,0.237458193979933,0,1,0,0,0,1,0,0,     565P    661
1;                                                                   565P    662
126,1,1,1,0,1,0,0,0,1,1,1,1,0.0994475138121547,0,0,1,0,0,0,1,0,      567P    663
0,1;                                                                 567P    664
508,7,0,203,72,1,1,0,555,0,203,73,1,1,0,557,0,203,34,1,1,0,559,      569P    665
0,203,71,0,1,0,561,0,203,74,1,1,0,563,0,203,67,1,1,0,565,0,203,      569P    666
75,0,1,0,567;                                                        569P    667
510,553,1,1,569;                                                     571P    668
128,1,1,1,1,0,0,1,0,0,0,0,1,1,0,0,1,1,1,1,1,1,73,-71,                573P    669
2.00000000000001,73,71,1.99999999999999,527,-71,                     573P    670
2.00000000000001,527,71,1.99999999999999,0,1,0,1;                    573P    671
126,1,1,1,0,1,0,0,0,1,1,1,1,0,0,0,1,0,0,0,1,0,0,1;                   575P    672
126,1,1,1,0,1,0,0,0,1,1,1,1,0,0,0,0,1,0,0,1,0,0,1;                   577P    673
126,1,1,1,0,1,0,0,0,1,1,1,1,0,1,0,1,1,0,0,1,0,0,1;                   579P    674
126,1,1,1,0,1,0,0,0,1,1,1,1,1,0,0,1,1,0,0,1,0,0,1;                   581P    675
508,4,0,203,76,0,1,0,575,0,203,77,1,1,0,577,0,203,35,1,1,0,579,      583P    676
0,203,73,0,1,0,581;                                                  583P    677
126,28,3,1,0,1,0,0,0,0,0,0.0384615384615385,0.0769230769230769,      585P    678
0.115384615384615,0.153846153846154,0.192307692307692,               585P    679
0.230769230769231,0.269230769230769,0.307692307692308,               585P    680
0.346153846153846,0.384615384615385,0.423076923076923,               585P    681
0.461538461538461,0.5,0.538461538461538,0.576923076923077,           585P    682
0.615384615384615,0.653846153846154,0.692307692307692,               585P    683
0.73076923076923,0.769230769230769,0.807692307692307,                585P    684
0.846153846153846,0.884615384615384,0.923076923076923,               585P    685
0.961538461538461,1,1,1,1,1,1,1,1,1,1,1,1,1,1,1,1,1,1,1,1,1,1,1,     585P    686
1,1,1,1,1,1,1,1,1,1,0.5,0.729074889867841,0,0.514181982004288,       585P    687
0.729074889867841,0,0.542545887733341,0.729611519034203,0,           585P    688
0.584471378212768,0.732014612390386,0,0.625165073262539,             585P    689
0.735980812840782,0,0.664033583052292,0.741452284251718,0,           585P    690
0.70051011293062,0.748349240249343,0,0.734062754093868,              585P    691
0.756571107684618,0,0.764202233174459,0.765997993216304,0,           585P    692
0.790489048781045,0.776492431625852,0,0.812539879927397,             585P    693
0.787901390369833,0,0.830033175847133,0.800058501139022,0,           585P    694
0.842713844892694,0.812786485882975,0,0.85039697435544,              585P    695
0.825899741923201,0,0.852970526906787,0.83920704845815,0,            585P    696
0.85039697435544,0.852514354993099,0,0.842713844892694,              585P    697
0.865627611033324,0,0.830033175847133,0.878355595777277,0,           585P    698
0.812539879927398,0.890512706546467,0,0.790489048781045,             585P    699
0.901921665290448,0,0.764202233174459,0.912416103699996,0,           585P    700
0.734062754093869,0.921842989231682,0,0.70051011293062,              585P    701
0.930064856666957,0,0.664033583052293,0.936961812664581,0,           585P    702
0.625165073262539,0.942433284075518,0,0.584471378212769,             585P    703
0.946399484525913,0,0.542545887733342,0.948802577882097,0,           585P    704
0.514181982004288,0.949339207048458,0,0.5,0.949339207048458,0,0,     585P    705
1,0,0,1;                                                             585P    706
126,28,3,1,0,1,0,0,0,0,0,0.0384615384615385,0.0769230769230769,      587P    707
0.115384615384615,0.153846153846154,0.192307692307692,               587P    708
0.230769230769231,0.269230769230769,0.307692307692308,               587P    709
0.346153846153846,0.384615384615385,0.423076923076923,               587P    710
0.461538461538461,0.5,0.538461538461538,0.576923076923077,           587P    711
0.615384615384615,0.653846153846154,0.692307692307692,               587P    712
0.73076923076923,0.769230769230769,0.807692307692307,                587P    713
0.846153846153846,0.884615384615384,0.923076923076923,               587P    714
0.961538461538461,1,1,1,1,1,1,1,1,1,1,1,1,1,1,1,1,1,1,1,1,1,1,1,     587P    715
1,1,1,1,1,1,1,1,1,1,0.5,0.949339207048458,0,0.485818017995712,       587P    716
0.949339207048458,0,0.457454112266659,0.948802577882097,0,           587P    717
0.415528621787232,0.946399484525914,0,0.374834926737461,             587P    718
0.942433284075517,0,0.335966416947708,0.936961812664581,0,           587P    719
0.299489887069381,0.930064856666957,0,0.265937245906131,             587P    720
0.921842989231682,0,0.235797766825541,0.912416103699995,0,           587P    721
0.209510951218955,0.901921665290448,0,0.187460120072602,             587P    722
0.890512706546467,0,0.169966824152867,0.878355595777278,0,           587P    723
0.157286155107306,0.865627611033324,0,0.14960302564456,              587P    724
0.852514354993099,0,0.147029473093213,0.83920704845815,0,            587P    725
0.14960302564456,0.825899741923201,0,0.157286155107306,              587P    726
0.812786485882976,0,0.169966824152867,0.800058501139022,0,           587P    727
0.187460120072602,0.787901390369833,0,0.209510951218955,             587P    728
0.776492431625852,0,0.235797766825541,0.765997993216305,0,           587P    729
0.265937245906131,0.756571107684618,0,0.29948988706938,              587P    730
0.748349240249343,0,0.335966416947707,0.741452284251718,0,           587P    731
0.37483492673746,0.735980812840782,0,0.415528621787231,              587P    732
0.732014612390386,0,0.457454112266659,0.729611519034203,0,           587P    733
0.485818017995712,0.729074889867841,0,0.5,0.729074889867841,0,0,     587P    734
1,0,0,1;                                                             587P    735
508,2,0,203,78,1,1,0,585,0,203,52,1,1,0,587;                         589P    736
510,573,2,1,583,589;                                                 591P    737
128,1,1,1,1,0,0,1,0,0,0,0,1,1,0,0,1,1,1,1,1,1,-71,                   593P    738
-70.9999999999999,1450,-71,-71,2,527,-70.9999999999999,1450,527,     593P    739
-71,2,0,1,0,1;                                                       593P    740
126,16,3,1,0,1,0,0,0,0,0,0.0714285714285714,0.142857142857143,       595P    741
0.214285714285714,0.285714285714286,0.357142857142857,               595P    742
0.428571428571429,0.5,0.571428571428571,0.642857142857143,           595P    743
0.714285714285714,0.785714285714286,0.857142857142857,               595P    744
0.928571428571429,1,1,1,1,1,1,1,1,1,1,1,1,1,1,1,1,1,1,1,1,1,         595P    745
0.900552486187845,0,0,0.904271814507012,0,0,0.911710459784758,       595P    746
0.00101153121948266,0,0.922728118822428,0.00554434081916598,0,       595P    747
0.933466903971286,0.01303566047861,0,0.943791771873413,              595P    748
0.0233912825064786,0,0.953572880494711,0.0364809789474989,0,         595P    749
0.962687226941426,0.0521401392733628,0,0.971020192959162,            595P    750
0.0701718404600906,0,0.978466986681305,0.0903493233926677,0,         595P    751
0.984933960351793,0.112418844554614,0,0.990339788025639,             595P    752
0.136102866768057,0,0.994616488283005,0.161103550250131,0,           595P    753
0.997710279136836,0.187106494891511,0,0.999582254372065,             595P    754
0.213784706073029,0,1,0.231796676578338,0,1,0.240802675585284,0,     595P    755
0,1,0,0,1;                                                           595P    756
126,1,1,1,0,1,0,0,0,1,1,1,1,0.900552486187845,0,0,0,0,0,0,1,0,0,     597P    757
1;                                                                   597P    758
126,1,1,1,0,1,0,0,0,1,1,1,1,0,0,0,0,0.237458193979933,0,0,1,0,0,     599P    759
1;                                                                   599P    760
126,1,1,1,0,1,0,0,0,1,1,1,1,0.901933701657459,0.237458193979933,     601P    761
0,0,0.237458193979933,0,0,1,0,0,1;                                   601P    762
126,1,1,1,0,1,0,0,0,1,1,1,1,0.901933701657459,0.237458193979933,     603P    763
0,0.901933701657459,1,0,0,1,0,0,1;                                   603P    764
126,1,1,1,0,1,0,0,0,1,1,1,1,0.901933701657459,1,0,1,1,0,0,1,0,0,     605P    765
1;                                                                   605P    766
126,1,1,1,0,1,0,0,0,1,1,1,1,1,0.240802675585284,0,1,1,0,0,1,0,0,     607P    767
1;                                                                   607P    768
508,7,0,203,79,0,1,0,595,0,203,80,1,1,0,597,0,203,65,1,1,0,599,      609P    769
0,203,81,0,1,0,601,0,203,82,1,1,0,603,0,203,36,1,1,0,605,0,203,      609P    770
77,0,1,0,607;                                                        609P    771
510,593,1,1,609;                                                     611P    772
128,1,1,1,1,0,0,1,0,0,0,0,1,1,0,0,1,1,1,1,1,1,71,-23,144,71,-71,     613P    773
144,527,-23,144,527,-71,144,0,1,0,1;                                 613P    774
126,21,3,1,0,1,0,0,0,0,0,0.0526315789473684,0.105263157894737,       615P    775
0.157894736842105,0.210526315789474,0.263157894736842,               615P    776
0.315789473684211,0.368421052631579,0.421052631578947,               615P    777
0.473684210526316,0.526315789473684,0.578947368421053,               615P    778
0.631578947368421,0.684210526315789,0.736842105263158,               615P    779
0.789473684210526,0.842105263157895,0.894736842105263,               615P    780
0.947368421052632,1,1,1,1,1,1,1,1,1,1,1,1,1,1,1,1,1,1,1,1,1,1,1,     615P    781
1,1,1,0,0.937271810879049,0,0.0354648681420544,                      615P    782
0.935337798417495,0,0.104278662178566,0.931039876390769,0,           615P    783
0.199787639955026,0.923388490275476,0,0.28632237306216,              615P    784
0.914633741501331,0,0.36273910338782,0.904891345991916,0,            615P    785
0.428027768257457,0.894290076351053,0,0.481325403584222,             615P    786
0.8829700569247,0,0.521927536224575,0.871080912444653,0,             615P    787
0.549297499262502,0.8587797901274,0,0.563073524507035,               615P    788
0.846229282603326,0,0.563073524507036,0.833595278800182,0,           615P    789
0.549297499262502,0.821044771276109,0,0.521927536224575,             615P    790
0.808743648958856,0,0.481325403584222,0.796854504478809,0,           615P    791
0.428027768257458,0.785534485052456,0,0.362739103387821,             615P    792
0.774933215411594,0,0.286322373062161,0.765190819902177,0,           615P    793
0.199787639955025,0.756436071128034,0,0.104278662178568,             615P    794
0.74878468501274,0,0.0354648681420555,0.744486762986013,0,0,         615P    795
0.74255275052446,0,0,1,0,0,1;                                        615P    796
126,1,1,1,0,1,0,0,0,1,1,1,1,0,0.937271810879068,0,0,1,0,0,1,0,0,     617P    797
1;                                                                   617P    798
126,1,1,1,0,1,0,0,0,1,1,1,1,0,1,0,1,1,0,0,1,0,0,1;                   619P    799
126,1,1,1,0,1,0,0,0,1,1,1,1,1,0,0,1,1,0,0,1,0,0,1;                   621P    800
126,1,1,1,0,1,0,0,0,1,1,1,1,1,0,0,0,0,0,0,1,0,0,1;                   623P    801
126,1,1,1,0,1,0,0,0,1,1,1,1,0,0,0,0,0.742552750524455,0,0,1,0,0,     625P    802
1;                                                                   625P    803
508,6,0,203,49,0,1,0,615,0,203,59,1,1,0,617,0,203,37,1,1,0,619,      627P    804
0,203,82,0,1,0,621,0,203,83,1,1,0,623,0,203,54,1,1,0,625;            627P    805
510,613,1,1,627;                                                     629P    806
128,1,1,1,1,0,0,1,0,0,0,0,1,1,0,0,1,1,1,1,1,1,71,25,144,71,71,       631P    807
144,71,25,1450,71,71,1450,0,1,0,1;                                   631P    808
126,1,1,1,0,1,0,0,0,1,1,1,1,0,0,0,0,1,0,0,1,0,0,1;                   633P    809
126,1,1,1,0,1,0,0,0,1,1,1,1,0,1,0,0.999999999999999,1,0,0,1,0,0,     635P    810
1;                                                                   635P    811
126,1,1,1,0,1,0,0,0,1,1,1,1,1,0,0,0.999999999999999,1,0,0,1,0,0,     637P    812
1;                                                                   637P    813
126,1,1,1,0,1,0,0,0,1,1,1,1,0,0,0,0.999999999999999,0,0,0,1,0,0,     639P    814
1;                                                                   639P    815
508,4,0,203,46,1,1,0,633,0,203,68,1,1,0,635,0,203,74,0,1,0,637,      641P    816
0,203,70,0,1,0,639;                                                  641P    817
510,631,1,1,641;                                                     643P    818
128,1,1,1,1,0,0,1,0,0,0,0,1,1,0,0,1,1,1,1,1,1,71,-71,144,71,-23,     645P    819
144,71,-71,1450,71,-23,1450,0,1,0,1;                                 645P    820
126,1,1,1,0,1,0,0,0,1,1,1,1,0,0,0,1,0,0,0,1,0,0,1;                   647P    821
126,1,1,1,0,1,0,0,0,1,1,1,1,0,0,0,0,1,0,0,1,0,0,1;                   649P    822
126,1,1,1,0,1,0,0,0,1,1,1,1,0,1,0,1,1,0,0,1,0,0,1;                   651P    823
126,1,1,1,0,1,0,0,0,1,1,1,1,1,1,0,1,0,0,0,1,0,0,1;                   653P    824
508,4,0,203,83,0,1,0,647,0,203,81,1,1,0,649,0,203,64,1,1,0,651,      655P    825
0,203,55,1,1,0,653;                                                  655P    826
510,645,1,1,655;                                                     657P    827
128,1,1,1,1,0,0,1,0,0,0,0,1,1,0,0,1,1,1,1,1,1,-71,71,146,-71,        659P    828
-71,146,-71,71,1450,-71,-71,1450,0,1,0,1;                            659P    829
126,1,1,1,0,1,0,0,0,1,1,1,1,1,0,0,0,0,0,0,1,0,0,1;                   661P    830
126,1,1,1,0,1,0,0,0,1,1,1,1,0,0,0,0,1,0,0,1,0,0,1;                   663P    831
126,1,1,1,0,1,0,0,0,1,1,1,1,0,1,0,1,1,0,0,1,0,0,1;                   665P    832
126,1,1,1,0,1,0,0,0,1,1,1,1,1,0,0,1,1,0,0,1,0,0,1;                   667P    833
508,4,0,203,84,1,1,0,661,0,203,75,1,1,0,663,0,203,66,1,1,0,665,      669P    834
0,203,80,0,1,0,667;                                                  669P    835
510,659,1,1,669;                                                     671P    836
110,73,-73,146,73,-74,146;                                           673P    837
110,-71,-71,146,-71,71,146;                                          675P    838
120,673,675,0,6.28318530717959;                                      677P    839
126,1,1,1,0,1,0,0,0,1,1,1,1,1,0,0,1,1.5707963267949,0,0,1,0,0,1;     679P    840
126,1,1,1,0,1,0,0,0,1,1,1,1,0,0,0,1,0,0,0,1,0,0,1;                   681P    841
126,1,1,1,0,1,0,0,0,1,1,1,1,0,0,0,0,1.5707963267949,0,0,1,0,0,1;     683P    842
126,1,1,1,0,1,0,0,0,1,1,1,1,0,1.5707963267949,0,1,                   685P    843
1.5707963267949,0,0,1,0,0,1;                                         685P    844
508,4,0,203,72,0,1,0,679,0,203,84,0,1,0,681,0,203,79,1,1,0,683,      687P    845
0,203,76,1,1,0,685;                                                  687P    846
510,677,1,1,687;                                                     689P    847
110,454,0,1450,454,0,1449;                                           691P    848
110,429,0,146,429,0,0;                                               693P    849
120,691,693,0,6.28318530717959;                                      695P    850
126,1,1,1,0,1,0,0,0,1,1,1,1,0,0,0,0,3.14159265358979,0,0,1,0,0,      697P    851
1;                                                                   697P    852
126,1,1,1,0,1,0,0,0,1,1,1,1,0,0,0,1,0,0,0,1,0,0,1;                   699P    853
126,1,1,1,0,1,0,0,0,1,1,1,1,1,0,0,1,3.14159265358979,0,0,1,0,0,      701P    854
1;                                                                   701P    855
126,1,1,1,0,1,0,0,0,1,1,1,1,0,3.14159265358979,0,1,                  703P    856
3.14159265358979,0,0,1,0,0,1;                                        703P    857
508,4,0,203,21,0,1,0,697,0,203,24,1,1,0,699,0,203,6,1,1,0,701,0,     705P    858
203,23,0,1,0,703;                                                    705P    859
510,695,1,1,705;                                                     707P    860
110,454,0,146,454,0,145;                                             709P    861
110,404,0,146,404,0,2;                                               711P    862
120,709,711,0,6.28318530717959;                                      713P    863
126,1,1,1,0,1,0,0,0,1,1,1,1,0,3.14159265358979,0,1,                  715P    864
3.14159265358979,0,0,1,0,0,1;                                        715P    865
126,1,1,1,0,1,0,0,0,1,1,1,1,1,0,0,1,3.14159265358979,0,0,1,0,0,      717P    866
1;                                                                   717P    867
126,1,1,1,0,1,0,0,0,1,1,1,1,0,0,0,1,0,0,0,1,0,0,1;                   719P    868
126,1,1,1,0,1,0,0,0,1,1,1,1,0,0,0,0,0.523598775598224,0,0,1,0,0,     721P    869
1;                                                                   721P    870
126,1,1,1,0,1,0,0,0,1,1,1,1,0,0.523598775598224,0,                   723P    871
0.0138888888888889,0.523598775598224,0,0,1,0,0,1;                    723P    872
126,1,1,1,0,1,0,0,0,1,1,1,1,0.0138888888888889,                      725P    873
0.523598775598299,0,0.0138888888888889,2.61799387799149,0,0,1,0,     725P    874
0,1;                                                                 725P    875
126,1,1,1,0,1,0,0,0,1,1,1,1,0,2.6179938779916,0,                     727P    876
0.0138888888888889,2.6179938779916,0,0,1,0,0,1;                      727P    877
126,1,1,1,0,1,0,0,0,1,1,1,1,0,2.6179938779916,0,0,                   729P    878
3.14159265358979,0,0,1,0,0,1;                                        729P    879
508,8,0,203,53,1,1,0,715,0,203,78,0,1,0,717,0,203,51,0,1,0,719,      731P    880
0,203,8,1,1,0,721,0,203,43,1,1,0,723,0,203,69,1,1,0,725,0,203,       731P    881
60,0,1,0,727,0,203,16,1,1,0,729;                                     731P    882
510,713,1,1,731;                                                     733P    883
514,27,225,0,265,1,283,1,301,1,321,1,351,1,371,1,389,0,415,0,        735P    884
433,0,447,1,461,0,475,0,489,1,503,1,533,1,551,0,571,0,591,0,611,     735P    885
0,629,0,643,0,657,0,671,0,689,0,707,1,733,0;                         735P    886
186,735,1,0;                                                         737P    887
S      2G      3D    738P    887                                        T      1
