IGES file generated by C3D Converter 1.8                                S      1
translator by C3D Labs., translator version IGESOUT-5.1.                S      2
1H,,1H;,7H Деталь,43HE:\Сдача задания\Модели\IGES\фрагмент 1.igs,0H,3H1.G      1
0,32,38,6,308,15,7Hunknown,1,2,2HMM,1000,1,16H-17740206:063042,1E-6,5000G      2
0,4Huser,7Hunknown,0,0,13H260306:063044;                                G      3
     502       1       0       0       0       0       0       000010000D      1
     502       0       0      23       1                               0D      2
     110      24       0       0       0       0       0       000010000D      3
     110       1       0       1       0                               0D      4
     124      25       0       0       0       0       0       001020201D      5
     124       1       0       2       0                               0D      6
     100      27       0       0       0       0       5       000010000D      7
     100       1       0       1       0                               0D      8
     110      28       0       0       0       0       0       000010000D      9
     110       1       0       1       0                               0D     10
     124      29       0       0       0       0       0       001020201D     11
     124       1       0       2       0                               0D     12
     100      31       0       0       0       0      11       000010000D     13
     100       1       0       1       0                               0D     14
     110      32       0       0       0       0       0       000010000D     15
     110       1       0       1       0                               0D     16
     110      33       0       0       0       0       0       000010000D     17
     110       1       0       1       0                               0D     18
     110      34       0       0       0       0       0       000010000D     19
     110       1       0       1       0                               0D     20
     110      35       0       0       0       0       0       000010000D     21
     110       1       0       1       0                               0D     22
     110      36       0       0       0       0       0       000010000D     23
     110       1       0       1       0                               0D     24
     110      37       0       0       0       0       0       000010000D     25
     110       1       0       1       0                               0D     26
     124      38       0       0       0       0       0       001020201D     27
     124       1       0       2       0                               0D     28
     100      40       0       0       0       0      27       000010000D     29
     100       1       0       1       0                               0D     30
     124      41       0       0       0       0       0       001020201D     31
     124       1       0       2       0                               0D     32
     100      43       0       0       0       0      31       000010000D     33
     100       1       0       1       0                               0D     34
     110      44       0       0       0       0       0       000010000D     35
     110       1       0       2       0                               0D     36
     110      46       0       0       0       0       0       000010000D     37
     110       1       0       2       0                               0D     38
     110      48       0       0       0       0       0       000010000D     39
     110       1       0       2       0                               0D     40
     110      50       0       0       0       0       0       000010000D     41
     110       1       0       1       0                               0D     42
     110      51       0       0       0       0       0       000010000D     43
     110       1       0       1       0                               0D     44
     110      52       0       0       0       0       0       000010000D     45
     110       1       0       1       0                               0D     46
     124      53       0       0       0       0       0       001020201D     47
     124       1       0       2       0                               0D     48
     100      55       0       0       0       0      47       000010000D     49
     100       1       0       1       0                               0D     50
     124      56       0       0       0       0       0       001020201D     51
     124       1       0       2       0                               0D     52
     100      58       0       0       0       0      51       000010000D     53
     100       1       0       1       0                               0D     54
     110      59       0       0       0       0       0       000010000D     55
     110       1       0       1       0                               0D     56
     110      60       0       0       0       0       0       000010000D     57
     110       1       0       1       0                               0D     58
     124      61       0       0       0       0       0       001020201D     59
     124       1       0       1       0                               0D     60
     100      62       0       0       0       0      59       000010000D     61
     100       1       0       1       0                               0D     62
     124      63       0       0       0       0       0       001020201D     63
     124       1       0       1       0                               0D     64
     100      64       0       0       0       0      63       000010000D     65
     100       1       0       1       0                               0D     66
     110      65       0       0       0       0       0       000010000D     67
     110       1       0       1       0                               0D     68
     110      66       0       0       0       0       0       000010000D     69
     110       1       0       1       0                               0D     70
     110      67       0       0       0       0       0       000010000D     71
     110       1       0       1       0                               0D     72
     110      68       0       0       0       0       0       000010000D     73
     110       1       0       1       0                               0D     74
     110      69       0       0       0       0       0       000010000D     75
     110       1       0       1       0                               0D     76
     110      70       0       0       0       0       0       000010000D     77
     110       1       0       1       0                               0D     78
     110      71       0       0       0       0       0       000010000D     79
     110       1       0       1       0                               0D     80
     110      72       0       0       0       0       0       000010000D     81
     110       1       0       1       0                               0D     82
     110      73       0       0       0       0       0       000010000D     83
     110       1       0       1       0                               0D     84
     110      74       0       0       0       0       0       000010000D     85
     110       1       0       1       0                               0D     86
     124      75       0       0       0       0       0       001020201D     87
     124       1       0       1       0                               0D     88
     100      76       0       0       0       0      87       000010000D     89
     100       1       0       1       0                               0D     90
     124      77       0       0       0       0       0       001020201D     91
     124       1       0       2       0                               0D     92
     100      79       0       0       0       0      91       000010000D     93
     100       1       0       1       0                               0D     94
     110      80       0       0       0       0       0       000010000D     95
     110       1       0       1       0                               0D     96
     110      81       0       0       0       0       0       000010000D     97
     110       1       0       1       0                               0D     98
     110      82       0       0       0       0       0       000010000D     99
     110       1       0       1       0                               0D    100
     124      83       0       0       0       0       0       001020201D    101
     124       1       0       2       0                               0D    102
     100      85       0       0       0       0     101       000010000D    103
     100       1       0       1       0                               0D    104
     124      86       0       0       0       0       0       001020201D    105
     124       1       0       2       0                               0D    106
     100      88       0       0       0       0     105       000010000D    107
     100       1       0       1       0                               0D    108
     110      89       0       0       0       0       0       000010000D    109
     110       1       0       1       0                               0D    110
     110      90       0       0       0       0       0       000010000D    111
     110       1       0       1       0                               0D    112
     124      91       0       0       0       0       0       001020201D    113
     124       1       0       1       0                               0D    114
     100      92       0       0       0       0     113       000010000D    115
     100       1       0       1       0                               0D    116
     124      93       0       0       0       0       0       001020201D    117
     124       1       0       1       0                               0D    118
     100      94       0       0       0       0     117       000010000D    119
     100       1       0       1       0                               0D    120
     110      95       0       0       0       0       0       000010000D    121
     110       1       0       1       0                               0D    122
     110      96       0       0       0       0       0       000010000D    123
     110       1       0       1       0                               0D    124
     110      97       0       0       0       0       0       000010000D    125
     110       1       0       1       0                               0D    126
     110      98       0       0       0       0       0       000010000D    127
     110       1       0       1       0                               0D    128
     110      99       0       0       0       0       0       000010000D    129
     110       1       0       1       0                               0D    130
     110     100       0       0       0       0       0       000010000D    131
     110       1       0       1       0                               0D    132
     110     101       0       0       0       0       0       000010000D    133
     110       1       0       1       0                               0D    134
     110     102       0       0       0       0       0       000010000D    135
     110       1       0       1       0                               0D    136
     110     103       0       0       0       0       0       000010000D    137
     110       1       0       1       0                               0D    138
     110     104       0       0       0       0       0       000010000D    139
     110       1       0       1       0                               0D    140
     110     105       0       0       0       0       0       000010000D    141
     110       1       0       1       0                               0D    142
     110     106       0       0       0       0       0       000010000D    143
     110       1       0       1       0                               0D    144
     110     107       0       0       0       0       0       000010000D    145
     110       1       0       1       0                               0D    146
     110     108       0       0       0       0       0       000010000D    147
     110       1       0       1       0                               0D    148
     110     109       0       0       0       0       0       000010000D    149
     110       1       0       1       0                               0D    150
     110     110       0       0       0       0       0       000010000D    151
     110       1       0       2       0                               0D    152
     110     112       0       0       0       0       0       000010000D    153
     110       1       0       1       0                               0D    154
     110     113       0       0       0       0       0       000010000D    155
     110       1       0       2       0                               0D    156
     124     115       0       0       0       0       0       001020201D    157
     124       1       0       1       0                               0D    158
     100     116       0       0       0       0     157       000010000D    159
     100       1       0       1       0                               0D    160
     124     117       0       0       0       0       0       001020201D    161
     124       1       0       1       0                               0D    162
     100     118       0       0       0       0     161       000010000D    163
     100       1       0       1       0                               0D    164
     110     119       0       0       0       0       0       000010000D    165
     110       1       0       1       0                               0D    166
     110     120       0       0       0       0       0       000010000D    167
     110       1       0       1       0                               0D    168
     124     121       0       0       0       0       0       001020201D    169
     124       1       0       3       0                               0D    170
     100     124       0       0       0       0     169       000010000D    171
     100       1       0       1       0                               0D    172
     110     125       0       0       0       0       0       000010000D    173
     110       1       0       1       0                               0D    174
     124     126       0       0       0       0       0       001020201D    175
     124       1       0       2       0                               0D    176
     100     128       0       0       0       0     175       000010000D    177
     100       1       0       1       0                               0D    178
     124     129       0       0       0       0       0       001020201D    179
     124       1       0       2       0                               0D    180
     100     131       0       0       0       0     179       000010000D    181
     100       1       0       1       0                               0D    182
     124     132       0       0       0       0       0       001020201D    183
     124       1       0       2       0                               0D    184
     100     134       0       0       0       0     183       000010000D    185
     100       1       0       1       0                               0D    186
     110     135       0       0       0       0       0       000010000D    187
     110       1       0       1       0                               0D    188
     110     136       0       0       0       0       0       000010000D    189
     110       1       0       1       0                               0D    190
     110     137       0       0       0       0       0       000010000D    191
     110       1       0       1       0                               0D    192
     110     138       0       0       0       0       0       000010000D    193
     110       1       0       1       0                               0D    194
     110     139       0       0       0       0       0       000010000D    195
     110       1       0       1       0                               0D    196
     110     140       0       0       0       0       0       000010000D    197
     110       1       0       1       0                               0D    198
     124     141       0       0       0       0       0       001020201D    199
     124       1       0       2       0                               0D    200
     100     143       0       0       0       0     199       000010000D    201
     100       1       0       1       0                               0D    202
     110     144       0       0       0       0       0       000010000D    203
     110       1       0       1       0                               0D    204
     110     145       0       0       0       0       0       000010000D    205
     110       1       0       1       0                               0D    206
     110     146       0       0       0       0       0       000010000D    207
     110       1       0       1       0                               0D    208
     110     147       0       0       0       0       0       000010000D    209
     110       1       0       1       0                               0D    210
     110     148       0       0       0       0       0       000010000D    211
     110       1       0       2       0                               0D    212
     124     150       0       0       0       0       0       001020201D    213
     124       1       0       2       0                               0D    214
     100     152       0       0       0       0     213       000010000D    215
     100       1       0       1       0                               0D    216
     124     153       0       0       0       0       0       001020201D    217
     124       1       0       1       0                               0D    218
     100     154       0       0       0       0     217       000010000D    219
     100       1       0       1       0                               0D    220
     124     155       0       0       0       0       0       001020201D    221
     124       1       0       1       0                               0D    222
     100     156       0       0       0       0     221       000010000D    223
     100       1       0       1       0                               0D    224
     110     157       0       0       0       0       0       000010000D    225
     110       1       0       1       0                               0D    226
     110     158       0       0       0       0       0       000010000D    227
     110       1       0       1       0                               0D    228
     110     159       0       0       0       0       0       000010000D    229
     110       1       0       1       0                               0D    230
     110     160       0       0       0       0       0       000010000D    231
     110       1       0       1       0                               0D    232
     110     161       0       0       0       0       0       000010000D    233
     110       1       0       1       0                               0D    234
     110     162       0       0       0       0       0       000010000D    235
     110       1       0       1       0                               0D    236
     110     163       0       0       0       0       0       000010000D    237
     110       1       0       2       0                               0D    238
     110     165       0       0       0       0       0       000010000D    239
     110       1       0       1       0                               0D    240
     110     166       0       0       0       0       0       000010000D    241
     110       1       0       1       0                               0D    242
     504     167       0       0       0       0       0       000010000D    243
     504       1       0      21       1                               0D    244
     110     188       0       0       0       0       0       001010000D    245
     110       1       0       1       0                               0D    246
     110     189       0       0       0       0       0       001010001D    247
     110       1       0       1       0                               0D    248
     120     190       0       0       0       0       0       000010000D    249
     120       1       0       1       0                               0D    250
     126     191       0       0       0       0       0       001010500D    251
     126       1       0       2       0                               0D    252
     126     193       0       0       0       0       0       001010500D    253
     126       1       0       2       0                               0D    254
     126     195       0       0       0       0       0       001010500D    255
     126       1       0       1       0                               0D    256
     126     196       0       0       0       0       0       001010500D    257
     126       1       0       2       0                               0D    258
     508     198       0       0       0       0       0       000010000D    259
     508       1       0       2       1                               0D    260
     314     200       0       0       0       0       0       001000200D    261
     314       1       0       1       0                               0D    262
     510     201       0       0       0       0       0       000010000D    263
     510       1    -261       1       1                               0D    264
     128     202       0       0       0       0       0       000010000D    265
     128       1       0       2       0                               0D    266
     126     204       0       0       0       0       0       001010500D    267
     126       1       0       1       0                               0D    268
     126     205       0       0       0       0       0       001010500D    269
     126       1       0       2       0                               0D    270
     126     207       0       0       0       0       0       001010500D    271
     126       1       0       2       0                               0D    272
     126     209       0       0       0       0       0       001010500D    273
     126       1       0       2       0                               0D    274
     126     211       0       0       0       0       0       001010500D    275
     126       1       0       1       0                               0D    276
     126     212       0       0       0       0       0       001010500D    277
     126       1       0       2       0                               0D    278
     126     214       0       0       0       0       0       001010500D    279
     126       1       0      16       0                               0D    280
     508     230       0       0       0       0       0       000010000D    281
     508       1       0       3       1                               0D    282
     126     233       0       0       0       0       0       001010500D    283
     126       1       0      29       0                               0D    284
     126     262       0       0       0       0       0       001010500D    285
     126       1       0      29       0                               0D    286
     508     291       0       0       0       0       0       000010000D    287
     508       1       0       1       1                               0D    288
     510     292       0       0       0       0       0       000010000D    289
     510       1    -261       1       1                               0D    290
     128     293       0       0       0       0       0       000010000D    291
     128       1       0       2       0                               0D    292
     126     295       0       0       0       0       0       001010500D    293
     126       1       0       2       0                               0D    294
     126     297       0       0       0       0       0       001010500D    295
     126       1       0       1       0                               0D    296
     126     298       0       0       0       0       0       001010500D    297
     126       1       0       2       0                               0D    298
     126     300       0       0       0       0       0       001010500D    299
     126       1       0       2       0                               0D    300
     126     302       0       0       0       0       0       001010500D    301
     126       1       0       2       0                               0D    302
     126     304       0       0       0       0       0       001010500D    303
     126       1       0       1       0                               0D    304
     126     305       0       0       0       0       0       001010500D    305
     126       1       0      16       0                               0D    306
     508     321       0       0       0       0       0       000010000D    307
     508       1       0       3       1                               0D    308
     126     324       0       0       0       0       0       001010500D    309
     126       1       0      29       0                               0D    310
     126     353       0       0       0       0       0       001010500D    311
     126       1       0      29       0                               0D    312
     508     382       0       0       0       0       0       000010000D    313
     508       1       0       1       1                               0D    314
     510     383       0       0       0       0       0       000010000D    315
     510       1    -261       1       1                               0D    316
     128     384       0       0       0       0       0       000010000D    317
     128       1       0       2       0                               0D    318
     126     386       0       0       0       0       0       001010500D    319
     126       1       0       1       0                               0D    320
     126     387       0       0       0       0       0       001010500D    321
     126       1       0       1       0                               0D    322
     126     388       0       0       0       0       0       001010500D    323
     126       1       0       1       0                               0D    324
     126     389       0       0       0       0       0       001010500D    325
     126       1       0       1       0                               0D    326
     508     390       0       0       0       0       0       000010000D    327
     508       1       0       2       1                               0D    328
     126     392       0       0       0       0       0       001010500D    329
     126       1       0      29       0                               0D    330
     126     421       0       0       0       0       0       001010500D    331
     126       1       0      29       0                               0D    332
     508     450       0       0       0       0       0       000010000D    333
     508       1       0       1       1                               0D    334
     510     451       0       0       0       0       0       000010000D    335
     510       1    -261       1       1                               0D    336
     128     452       0       0       0       0       0       000010000D    337
     128       1       0       2       0                               0D    338
     126     454       0       0       0       0       0       001010500D    339
     126       1       0       3       0                               0D    340
     126     457       0       0       0       0       0       001010500D    341
     126       1       0       2       0                               0D    342
     126     459       0       0       0       0       0       001010500D    343
     126       1       0       2       0                               0D    344
     126     461       0       0       0       0       0       001010500D    345
     126       1       0       2       0                               0D    346
     126     463       0       0       0       0       0       001010500D    347
     126       1       0       2       0                               0D    348
     126     465       0       0       0       0       0       001010500D    349
     126       1       0       1       0                               0D    350
     126     466       0       0       0       0       0       001010500D    351
     126       1       0       1       0                               0D    352
     126     467       0       0       0       0       0       001010500D    353
     126       1       0       1       0                               0D    354
     126     468       0       0       0       0       0       001010500D    355
     126       1       0       2       0                               0D    356
     126     470       0       0       0       0       0       001010500D    357
     126       1       0       2       0                               0D    358
     126     472       0       0       0       0       0       001010500D    359
     126       1       0       3       0                               0D    360
     126     475       0       0       0       0       0       001010500D    361
     126       1       0       3       0                               0D    362
     508     478       0       0       0       0       0       000010000D    363
     508       1       0       4       1                               0D    364
     510     482       0       0       0       0       0       000010000D    365
     510       1    -261       1       1                               0D    366
     128     483       0       0       0       0       0       000010000D    367
     128       1       0       2       0                               0D    368
     126     485       0       0       0       0       0       001010500D    369
     126       1       0       1       0                               0D    370
     126     486       0       0       0       0       0       001010500D    371
     126       1       0       2       0                               0D    372
     126     488       0       0       0       0       0       001010500D    373
     126       1       0       2       0                               0D    374
     126     490       0       0       0       0       0       001010500D    375
     126       1       0       8       0                               0D    376
     126     498       0       0       0       0       0       001010500D    377
     126       1       0       8       0                               0D    378
     126     506       0       0       0       0       0       001010500D    379
     126       1       0       2       0                               0D    380
     126     508       0       0       0       0       0       001010500D    381
     126       1       0       2       0                               0D    382
     126     510       0       0       0       0       0       001010500D    383
     126       1       0       1       0                               0D    384
     126     511       0       0       0       0       0       001010500D    385
     126       1       0       2       0                               0D    386
     126     513       0       0       0       0       0       001010500D    387
     126       1       0       2       0                               0D    388
     126     515       0       0       0       0       0       001010500D    389
     126       1       0       8       0                               0D    390
     126     523       0       0       0       0       0       001010500D    391
     126       1       0       8       0                               0D    392
     126     531       0       0       0       0       0       001010500D    393
     126       1       0       2       0                               0D    394
     126     533       0       0       0       0       0       001010500D    395
     126       1       0       2       0                               0D    396
     508     535       0       0       0       0       0       000010000D    397
     508       1       0       5       1                               0D    398
     126     540       0       0       0       0       0       001010500D    399
     126       1       0      29       0                               0D    400
     126     569       0       0       0       0       0       001010500D    401
     126       1       0      29       0                               0D    402
     508     598       0       0       0       0       0       000010000D    403
     508       1       0       1       1                               0D    404
     510     599       0       0       0       0       0       000010000D    405
     510       1    -261       1       1                               0D    406
     128     600       0       0       0       0       0       000010000D    407
     128       1       0       3       0                               0D    408
     126     603       0       0       0       0       0       001010500D    409
     126       1       0       2       0                               0D    410
     126     605       0       0       0       0       0       001010500D    411
     126       1       0       1       0                               0D    412
     126     606       0       0       0       0       0       001010500D    413
     126       1       0       1       0                               0D    414
     126     607       0       0       0       0       0       001010500D    415
     126       1       0       2       0                               0D    416
     508     609       0       0       0       0       0       000010000D    417
     508       1       0       2       1                               0D    418
     510     611       0       0       0       0       0       000010000D    419
     510       1    -261       1       1                               0D    420
     128     612       0       0       0       0       0       000010000D    421
     128       1       0       2       0                               0D    422
     126     614       0       0       0       0       0       001010500D    423
     126       1       0       3       0                               0D    424
     126     617       0       0       0       0       0       001010500D    425
     126       1       0       3       0                               0D    426
     126     620       0       0       0       0       0       001010500D    427
     126       1       0       2       0                               0D    428
     126     622       0       0       0       0       0       001010500D    429
     126       1       0       3       0                               0D    430
     126     625       0       0       0       0       0       001010500D    431
     126       1       0       3       0                               0D    432
     126     628       0       0       0       0       0       001010500D    433
     126       1       0       2       0                               0D    434
     126     630       0       0       0       0       0       001010500D    435
     126       1       0       2       0                               0D    436
     126     632       0       0       0       0       0       001010500D    437
     126       1       0       1       0                               0D    438
     126     633       0       0       0       0       0       001010500D    439
     126       1       0       1       0                               0D    440
     126     634       0       0       0       0       0       001010500D    441
     126       1       0       1       0                               0D    442
     126     635       0       0       0       0       0       001010500D    443
     126       1       0       2       0                               0D    444
     126     637       0       0       0       0       0       001010500D    445
     126       1       0       2       0                               0D    446
     508     639       0       0       0       0       0       000010000D    447
     508       1       0       4       1                               0D    448
     510     643       0       0       0       0       0       000010000D    449
     510       1    -261       1       1                               0D    450
     128     644       0       0       0       0       0       000010000D    451
     128       1       0       2       0                               0D    452
     126     646       0       0       0       0       0       001010500D    453
     126       1       0       1       0                               0D    454
     126     647       0       0       0       0       0       001010500D    455
     126       1       0       1       0                               0D    456
     126     648       0       0       0       0       0       001010500D    457
     126       1       0       1       0                               0D    458
     126     649       0       0       0       0       0       001010500D    459
     126       1       0       1       0                               0D    460
     508     650       0       0       0       0       0       000010000D    461
     508       1       0       2       1                               0D    462
     510     652       0       0       0       0       0       000010000D    463
     510       1    -261       1       1                               0D    464
     110     653       0       0       0       0       0       001010000D    465
     110       1       0       1       0                               0D    466
     110     654       0       0       0       0       0       001010001D    467
     110       1       0       1       0                               0D    468
     120     655       0       0       0       0       0       000010000D    469
     120       1       0       1       0                               0D    470
     126     656       0       0       0       0       0       001010500D    471
     126       1       0       1       0                               0D    472
     126     657       0       0       0       0       0       001010500D    473
     126       1       0       1       0                               0D    474
     126     658       0       0       0       0       0       001010500D    475
     126       1       0       2       0                               0D    476
     126     660       0       0       0       0       0       001010500D    477
     126       1       0       1       0                               0D    478
     508     661       0       0       0       0       0       000010000D    479
     508       1       0       2       1                               0D    480
     510     663       0       0       0       0       0       000010000D    481
     510       1    -261       1       1                               0D    482
     128     664       0       0       0       0       0       000010000D    483
     128       1       0       2       0                               0D    484
     126     666       0       0       0       0       0       001010500D    485
     126       1       0       1       0                               0D    486
     126     667       0       0       0       0       0       001010500D    487
     126       1       0       1       0                               0D    488
     126     668       0       0       0       0       0       001010500D    489
     126       1       0       1       0                               0D    490
     126     669       0       0       0       0       0       001010500D    491
     126       1       0       1       0                               0D    492
     508     670       0       0       0       0       0       000010000D    493
     508       1       0       2       1                               0D    494
     510     672       0       0       0       0       0       000010000D    495
     510       1    -261       1       1                               0D    496
     110     673       0       0       0       0       0       001010000D    497
     110       1       0       1       0                               0D    498
     110     674       0       0       0       0       0       001010001D    499
     110       1       0       1       0                               0D    500
     120     675       0       0       0       0       0       000010000D    501
     120       1       0       1       0                               0D    502
     126     676       0       0       0       0       0       001010500D    503
     126       1       0       2       0                               0D    504
     126     678       0       0       0       0       0       001010500D    505
     126       1       0       2       0                               0D    506
     126     680       0       0       0       0       0       001010500D    507
     126       1       0       1       0                               0D    508
     126     681       0       0       0       0       0       001010500D    509
     126       1       0       2       0                               0D    510
     508     683       0       0       0       0       0       000010000D    511
     508       1       0       2       1                               0D    512
     510     685       0       0       0       0       0       000010000D    513
     510       1    -261       1       1                               0D    514
     128     686       0       0       0       0       0       000010000D    515
     128       1       0       3       0                               0D    516
     126     689       0       0       0       0       0       001010500D    517
     126       1       0       1       0                               0D    518
     126     690       0       0       0       0       0       001010500D    519
     126       1       0       1       0                               0D    520
     126     691       0       0       0       0       0       001010500D    521
     126       1       0       1       0                               0D    522
     126     692       0       0       0       0       0       001010500D    523
     126       1       0       1       0                               0D    524
     508     693       0       0       0       0       0       000010000D    525
     508       1       0       2       1                               0D    526
     126     695       0       0       0       0       0       001010500D    527
     126       1       0      29       0                               0D    528
     126     724       0       0       0       0       0       001010500D    529
     126       1       0      29       0                               0D    530
     508     753       0       0       0       0       0       000010000D    531
     508       1       0       1       1                               0D    532
     510     754       0       0       0       0       0       000010000D    533
     510       1    -261       1       1                               0D    534
     128     755       0       0       0       0       0       000010000D    535
     128       1       0       2       0                               0D    536
     126     757       0       0       0       0       0       001010500D    537
     126       1       0       2       0                               0D    538
     126     759       0       0       0       0       0       001010500D    539
     126       1       0       2       0                               0D    540
     126     761       0       0       0       0       0       001010500D    541
     126       1       0       2       0                               0D    542
     126     763       0       0       0       0       0       001010500D    543
     126       1       0       2       0                               0D    544
     126     765       0       0       0       0       0       001010500D    545
     126       1       0      14       0                               0D    546
     126     779       0       0       0       0       0       001010500D    547
     126       1       0       2       0                               0D    548
     126     781       0       0       0       0       0       001010500D    549
     126       1       0       2       0                               0D    550
     508     783       0       0       0       0       0       000010000D    551
     508       1       0       3       1                               0D    552
     126     786       0       0       0       0       0       001010500D    553
     126       1       0      29       0                               0D    554
     126     815       0       0       0       0       0       001010500D    555
     126       1       0      29       0                               0D    556
     508     844       0       0       0       0       0       000010000D    557
     508       1       0       1       1                               0D    558
     510     845       0       0       0       0       0       000010000D    559
     510       1    -261       1       1                               0D    560
     128     846       0       0       0       0       0       000010000D    561
     128       1       0       2       0                               0D    562
     126     848       0       0       0       0       0       001010500D    563
     126       1       0      20       0                               0D    564
     126     868       0       0       0       0       0       001010500D    565
     126       1       0       2       0                               0D    566
     126     870       0       0       0       0       0       001010500D    567
     126       1       0       1       0                               0D    568
     126     871       0       0       0       0       0       001010500D    569
     126       1       0       1       0                               0D    570
     126     872       0       0       0       0       0       001010500D    571
     126       1       0       1       0                               0D    572
     126     873       0       0       0       0       0       001010500D    573
     126       1       0       2       0                               0D    574
     508     875       0       0       0       0       0       000010000D    575
     508       1       0       2       1                               0D    576
     510     877       0       0       0       0       0       000010000D    577
     510       1    -261       1       1                               0D    578
     128     878       0       0       0       0       0       000010000D    579
     128       1       0       3       0                               0D    580
     126     881       0       0       0       0       0       001010500D    581
     126       1       0       2       0                               0D    582
     126     883       0       0       0       0       0       001010500D    583
     126       1       0       2       0                               0D    584
     126     885       0       0       0       0       0       001010500D    585
     126       1       0       1       0                               0D    586
     126     886       0       0       0       0       0       001010500D    587
     126       1       0       2       0                               0D    588
     508     888       0       0       0       0       0       000010000D    589
     508       1       0       2       1                               0D    590
     510     890       0       0       0       0       0       000010000D    591
     510       1    -261       1       1                               0D    592
     128     891       0       0       0       0       0       000010000D    593
     128       1       0       3       0                               0D    594
     126     894       0       0       0       0       0       001010500D    595
     126       1       0       2       0                               0D    596
     126     896       0       0       0       0       0       001010500D    597
     126       1       0       2       0                               0D    598
     126     898       0       0       0       0       0       001010500D    599
     126       1       0       1       0                               0D    600
     126     899       0       0       0       0       0       001010500D    601
     126       1       0       1       0                               0D    602
     508     900       0       0       0       0       0       000010000D    603
     508       1       0       2       1                               0D    604
     510     902       0       0       0       0       0       000010000D    605
     510       1    -261       1       1                               0D    606
     128     903       0       0       0       0       0       000010000D    607
     128       1       0       3       0                               0D    608
     126     906       0       0       0       0       0       001010500D    609
     126       1       0      20       0                               0D    610
     126     926       0       0       0       0       0       001010500D    611
     126       1       0       2       0                               0D    612
     126     928       0       0       0       0       0       001010500D    613
     126       1       0       1       0                               0D    614
     126     929       0       0       0       0       0       001010500D    615
     126       1       0       1       0                               0D    616
     126     930       0       0       0       0       0       001010500D    617
     126       1       0       1       0                               0D    618
     126     931       0       0       0       0       0       001010500D    619
     126       1       0       2       0                               0D    620
     508     933       0       0       0       0       0       000010000D    621
     508       1       0       2       1                               0D    622
     510     935       0       0       0       0       0       000010000D    623
     510       1    -261       1       1                               0D    624
     128     936       0       0       0       0       0       000010000D    625
     128       1       0       3       0                               0D    626
     126     939       0       0       0       0       0       001010500D    627
     126       1       0       2       0                               0D    628
     126     941       0       0       0       0       0       001010500D    629
     126       1       0       2       0                               0D    630
     126     943       0       0       0       0       0       001010500D    631
     126       1       0       2       0                               0D    632
     126     945       0       0       0       0       0       001010500D    633
     126       1       0      14       0                               0D    634
     126     959       0       0       0       0       0       001010500D    635
     126       1       0       2       0                               0D    636
     126     961       0       0       0       0       0       001010500D    637
     126       1       0       2       0                               0D    638
     126     963       0       0       0       0       0       001010500D    639
     126       1       0       2       0                               0D    640
     508     965       0       0       0       0       0       000010000D    641
     508       1       0       3       1                               0D    642
     126     968       0       0       0       0       0       001010500D    643
     126       1       0      29       0                               0D    644
     126     997       0       0       0       0       0       001010500D    645
     126       1       0      29       0                               0D    646
     508    1026       0       0       0       0       0       000010000D    647
     508       1       0       1       1                               0D    648
     510    1027       0       0       0       0       0       000010000D    649
     510       1    -261       1       1                               0D    650
     110    1028       0       0       0       0       0       001010000D    651
     110       1       0       1       0                               0D    652
     110    1029       0       0       0       0       0       001010001D    653
     110       1       0       1       0                               0D    654
     120    1030       0       0       0       0       0       000010000D    655
     120       1       0       1       0                               0D    656
     126    1031       0       0       0       0       0       001010500D    657
     126       1       0       2       0                               0D    658
     126    1033       0       0       0       0       0       001010500D    659
     126       1       0       1       0                               0D    660
     126    1034       0       0       0       0       0       001010500D    661
     126       1       0       2       0                               0D    662
     126    1036       0       0       0       0       0       001010500D    663
     126       1       0       2       0                               0D    664
     126    1038       0       0       0       0       0       001010500D    665
     126       1       0       3       0                               0D    666
     126    1041       0       0       0       0       0       001010500D    667
     126       1       0       2       0                               0D    668
     126    1043       0       0       0       0       0       001010500D    669
     126       1       0       2       0                               0D    670
     126    1045       0       0       0       0       0       001010500D    671
     126       1       0       2       0                               0D    672
     508    1047       0       0       0       0       0       000010000D    673
     508       1       0       3       1                               0D    674
     510    1050       0       0       0       0       0       000010000D    675
     510       1    -261       1       1                               0D    676
     128    1051       0       0       0       0       0       000010000D    677
     128       1       0       3       0                               0D    678
     126    1054       0       0       0       0       0       001010500D    679
     126       1       0       2       0                               0D    680
     126    1056       0       0       0       0       0       001010500D    681
     126       1       0       2       0                               0D    682
     126    1058       0       0       0       0       0       001010500D    683
     126       1       0       2       0                               0D    684
     126    1060       0       0       0       0       0       001010500D    685
     126       1       0       2       0                               0D    686
     126    1062       0       0       0       0       0       001010500D    687
     126       1       0       1       0                               0D    688
     126    1063       0       0       0       0       0       001010500D    689
     126       1       0       1       0                               0D    690
     508    1064       0       0       0       0       0       000010000D    691
     508       1       0       2       1                               0D    692
     510    1066       0       0       0       0       0       000010000D    693
     510       1    -261       1       1                               0D    694
     128    1067       0       0       0       0       0       000010000D    695
     128       1       0       3       0                               0D    696
     126    1070       0       0       0       0       0       001010500D    697
     126       1       0       2       0                               0D    698
     126    1072       0       0       0       0       0       001010500D    699
     126       1       0       1       0                               0D    700
     126    1073       0       0       0       0       0       001010500D    701
     126       1       0       1       0                               0D    702
     126    1074       0       0       0       0       0       001010500D    703
     126       1       0       2       0                               0D    704
     126    1076       0       0       0       0       0       001010500D    705
     126       1       0       2       0                               0D    706
     126    1078       0       0       0       0       0       001010500D    707
     126       1       0       2       0                               0D    708
     508    1080       0       0       0       0       0       000010000D    709
     508       1       0       2       1                               0D    710
     510    1082       0       0       0       0       0       000010000D    711
     510       1    -261       1       1                               0D    712
     128    1083       0       0       0       0       0       000010000D    713
     128       1       0       2       0                               0D    714
     126    1085       0       0       0       0       0       001010500D    715
     126       1       0       1       0                               0D    716
     126    1086       0       0       0       0       0       001010500D    717
     126       1       0       2       0                               0D    718
     126    1088       0       0       0       0       0       001010500D    719
     126       1       0       2       0                               0D    720
     126    1090       0       0       0       0       0       001010500D    721
     126       1       0       1       0                               0D    722
     508    1091       0       0       0       0       0       000010000D    723
     508       1       0       2       1                               0D    724
     510    1093       0       0       0       0       0       000010000D    725
     510       1    -261       1       1                               0D    726
     128    1094       0       0       0       0       0       000010000D    727
     128       1       0       2       0                               0D    728
     126    1096       0       0       0       0       0       001010500D    729
     126       1       0       1       0                               0D    730
     126    1097       0       0       0       0       0       001010500D    731
     126       1       0       1       0                               0D    732
     126    1098       0       0       0       0       0       001010500D    733
     126       1       0       1       0                               0D    734
     126    1099       0       0       0       0       0       001010500D    735
     126       1       0       1       0                               0D    736
     508    1100       0       0       0       0       0       000010000D    737
     508       1       0       2       1                               0D    738
     510    1102       0       0       0       0       0       000010000D    739
     510       1    -261       1       1                               0D    740
     128    1103       0       0       0       0       0       000010000D    741
     128       1       0       3       0                               0D    742
     126    1106       0       0       0       0       0       001010500D    743
     126       1       0       1       0                               0D    744
     126    1107       0       0       0       0       0       001010500D    745
     126       1       0       1       0                               0D    746
     126    1108       0       0       0       0       0       001010500D    747
     126       1       0       1       0                               0D    748
     126    1109       0       0       0       0       0       001010500D    749
     126       1       0       1       0                               0D    750
     508    1110       0       0       0       0       0       000010000D    751
     508       1       0       2       1                               0D    752
     510    1112       0       0       0       0       0       000010000D    753
     510       1    -261       1       1                               0D    754
     110    1113       0       0       0       0       0       001010000D    755
     110       1       0       1       0                               0D    756
     110    1114       0       0       0       0       0       001010001D    757
     110       1       0       2       0                               0D    758
     120    1116       0       0       0       0       0       000010000D    759
     120       1       0       1       0                               0D    760
     126    1117       0       0       0       0       0       001010500D    761
     126       1       0       2       0                               0D    762
     126    1119       0       0       0       0       0       001010500D    763
     126       1       0       2       0                               0D    764
     126    1121       0       0       0       0       0       001010500D    765
     126       1       0       1       0                               0D    766
     126    1122       0       0       0       0       0       001010500D    767
     126       1       0       2       0                               0D    768
     508    1124       0       0       0       0       0       000010000D    769
     508       1       0       2       1                               0D    770
     510    1126       0       0       0       0       0       000010000D    771
     510       1    -261       1       1                               0D    772
     110    1127       0       0       0       0       0       001010000D    773
     110       1       0       1       0                               0D    774
     110    1128       0       0       0       0       0       001010001D    775
     110       1       0       1       0                               0D    776
     120    1129       0       0       0       0       0       000010000D    777
     120       1       0       1       0                               0D    778
     126    1130       0       0       0       0       0       001010500D    779
     126       1       0       1       0                               0D    780
     126    1131       0       0       0       0       0       001010500D    781
     126       1       0       2       0                               0D    782
     126    1133       0       0       0       0       0       001010500D    783
     126       1       0       2       0                               0D    784
     126    1135       0       0       0       0       0       001010500D    785
     126       1       0       2       0                               0D    786
     508    1137       0       0       0       0       0       000010000D    787
     508       1       0       2       1                               0D    788
     510    1139       0       0       0       0       0       000010000D    789
     510       1    -261       1       1                               0D    790
     110    1140       0       0       0       0       0       001010000D    791
     110       1       0       1       0                               0D    792
     110    1141       0       0       0       0       0       001010001D    793
     110       1       0       1       0                               0D    794
     120    1142       0       0       0       0       0       000010000D    795
     120       1       0       1       0                               0D    796
     126    1143       0       0       0       0       0       001010500D    797
     126       1       0       2       0                               0D    798
     126    1145       0       0       0       0       0       001010500D    799
     126       1       0       2       0                               0D    800
     126    1147       0       0       0       0       0       001010500D    801
     126       1       0       2       0                               0D    802
     126    1149       0       0       0       0       0       001010500D    803
     126       1       0       1       0                               0D    804
     508    1150       0       0       0       0       0       000010000D    805
     508       1       0       2       1                               0D    806
     510    1152       0       0       0       0       0       000010000D    807
     510       1    -261       1       1                               0D    808
     110    1153       0       0       0       0       0       001010000D    809
     110       1       0       1       0                               0D    810
     110    1154       0       0       0       0       0       001010001D    811
     110       1       0       1       0                               0D    812
     120    1155       0       0       0       0       0       000010000D    813
     120       1       0       1       0                               0D    814
     126    1156       0       0       0       0       0       001010500D    815
     126       1       0       2       0                               0D    816
     126    1158       0       0       0       0       0       001010500D    817
     126       1       0       2       0                               0D    818
     126    1160       0       0       0       0       0       001010500D    819
     126       1       0       2       0                               0D    820
     126    1162       0       0       0       0       0       001010500D    821
     126       1       0       1       0                               0D    822
     508    1163       0       0       0       0       0       000010000D    823
     508       1       0       2       1                               0D    824
     510    1165       0       0       0       0       0       000010000D    825
     510       1    -261       1       1                               0D    826
     110    1166       0       0       0       0       0       001010000D    827
     110       1       0       1       0                               0D    828
     110    1167       0       0       0       0       0       001010001D    829
     110       1       0       1       0                               0D    830
     120    1168       0       0       0       0       0       000010000D    831
     120       1       0       1       0                               0D    832
     126    1169       0       0       0       0       0       001010500D    833
     126       1       0       1       0                               0D    834
     126    1170       0       0       0       0       0       001010500D    835
     126       1       0       2       0                               0D    836
     126    1172       0       0       0       0       0       001010500D    837
     126       1       0       2       0                               0D    838
     126    1174       0       0       0       0       0       001010500D    839
     126       1       0       3       0                               0D    840
     126    1177       0       0       0       0       0       001010500D    841
     126       1       0       2       0                               0D    842
     126    1179       0       0       0       0       0       001010500D    843
     126       1       0       2       0                               0D    844
     126    1181       0       0       0       0       0       001010500D    845
     126       1       0       2       0                               0D    846
     126    1183       0       0       0       0       0       001010500D    847
     126       1       0       2       0                               0D    848
     508    1185       0       0       0       0       0       000010000D    849
     508       1       0       3       1                               0D    850
     510    1188       0       0       0       0       0       000010000D    851
     510       1    -261       1       1                               0D    852
     110    1189       0       0       0       0       0       001010000D    853
     110       1       0       1       0                               0D    854
     110    1190       0       0       0       0       0       001010001D    855
     110       1       0       1       0                               0D    856
     120    1191       0       0       0       0       0       000010000D    857
     120       1       0       1       0                               0D    858
     126    1192       0       0       0       0       0       001010500D    859
     126       1       0       2       0                               0D    860
     126    1194       0       0       0       0       0       001010500D    861
     126       1       0       1       0                               0D    862
     126    1195       0       0       0       0       0       001010500D    863
     126       1       0       2       0                               0D    864
     126    1197       0       0       0       0       0       001010500D    865
     126       1       0       2       0                               0D    866
     508    1199       0       0       0       0       0       000010000D    867
     508       1       0       2       1                               0D    868
     510    1201       0       0       0       0       0       000010000D    869
     510       1    -261       1       1                               0D    870
     514    1202       0       0       0       0       0       000010000D    871
     514       1       0       4       1                               0D    872
     186    1206       0       0       0       0       0       000010000D    873
     186       1       0       1       0                               0D    874
502,64,600,3.9801020972289E-15,-65,600,150,-64.9999999999999,          1P      1
600,-5.16386699644318E-14,-85,600,150,-84.9999999999999,675,150,       1P      2
150,675,150,-300,525,150,-300,525,150,150,-775,150,150,-775,150,       1P      3
300,525,150,300,-775,-1.83697019872103E-14,300,525,                    1P      4
-1.83697019872103E-14,300,-775,-9.18485099360515E-15,150,525,          1P      5
-3.76065604240092E-14,150,525,1.83697019872103E-14,-300,675,           1P      6
1.83697019872103E-14,-300,675,-9.18485099360515E-15,150,675,75,        1P      7
-250,675,75,-200,673,2.00000000000003,-300,673,148,-300,527,148,       1P      8
-300,527,100,-300,525,100,-300,525,50,-300,527,50,-300,527,            1P      9
2.00000000000003,-300,525,100,-268.301270189222,525,75,-275,525,       1P     10
50.0000000000001,-268.301270189222,525,50,150,525,                     1P     11
50.0000000000001,-181.698729810778,525,75.0000000000001,-175,          1P     12
525,99.9999999999996,-181.698729810778,525,100,150,525,75,-250,        1P     13
525,75,-200,-775,99.9999999999998,150,-775,99.9999999999998,152,       1P     14
-775,148,152,-775,148,298,-775,1.99999999999999,298,-775,              1P     15
2.00000000000003,152,-775,50,152,-775,50,150,673,148,                  1P     16
167.233687939614,673,2.00000000000003,167.233687939614,673,            1P     17
75.0000000000001,-175,673,75,-275,527,148,152,542.233687939588,        1P     18
148,298,600,148,-63.9999999999999,600,148,-85.9999999999999,527,       1P     19
100,-268.301270189222,527,100,-181.698729810778,527,100,152,527,       1P     20
50,-268.301270189222,527,50,-181.698729810778,527,50,152,527,          1P     21
2.00000000000003,152,542.233687939588,2.00000000000003,298,600,        1P     22
2.00000000000004,-64,600,2.00000000000005,-86;                         1P     23
110,600,3.9801020972289E-15,-65,600,150,-64.9999999999999;             3P     24
124,0,-1,0,600,6.12323399573677E-17,0,1,4.59242549680257E-15,-1,       5P     25
0,6.12323399573677E-17,-75;                                            5P     26
100,0,0,0,10,0,-10,1.22464679914735E-15;                               7P     27
110,600,5.20474889637625E-15,-85,600,150,-84.9999999999999;            9P     28
124,0,-1,0,600,6.12323399573677E-17,0,1,150,-1,0,                     11P     29
6.12323399573677E-17,-74.9999999999999;                               11P     30
100,0,0,0,10,0,-10,1.22464679914735E-15;                              13P     31
110,675,150,150,675,150,-300;                                         15P     32
110,675,150,-300,525,150,-300;                                        17P     33
110,525,150,150,525,150,-300;                                         19P     34
110,-775,150,150,525,150,150;                                         21P     35
110,-775,150,300,-775,150,150;                                        23P     36
110,-775,150,300,525,150,300;                                         25P     37
124,1,0,0,525,0,-6.12323399573677E-17,-1,150,0,1,                     27P     38
-6.12323399573677E-17,150;                                            27P     39
100,0,0,0,150,0,9.18485099360515E-15,150;                             29P     40
124,0,1,0,600,-6.12323399573677E-17,0,1,150,1,0,                      31P     41
6.12323399573677E-17,-74.9999999999999;                               31P     42
100,0,0,0,10,0,-10,1.22464679914735E-15;                              33P     43
110,-775,-1.83697019872103E-14,300,525,-1.83697019872103E-14,         35P     44
300;                                                                  35P     45
110,-775,-9.18485099360514E-15,150,-775,-1.83697019872103E-14,        37P     46
300;                                                                  37P     47
110,-775,-9.18485099360514E-15,150,525,-9.18485099360515E-15,         39P     48
150;                                                                  39P     49
110,525,-9.18485099360515E-15,150,525,1.83697019872103E-14,-300;      41P     50
110,675,1.83697019872103E-14,-300,525,1.83697019872103E-14,-300;      43P     51
110,675,-9.18485099360515E-15,150,675,1.83697019872103E-14,-300;      45P     52
124,1,0,0,525,0,-6.12323399573677E-17,-1,-9.18485099360515E-15,       47P     53
0,1,-6.12323399573677E-17,150;                                        47P     54
100,0,0,0,150,0,9.18485099360515E-15,150;                             49P     55
124,0,1,0,600,-6.12323399573677E-17,0,1,4.59242549680257E-15,1,       51P     56
0,6.12323399573677E-17,-75;                                           51P     57
100,0,0,0,10,0,-10,1.22464679914735E-15;                              53P     58
110,675,-3.76065604240092E-14,150,675,150,150;                        55P     59
110,675,1.83697019872103E-14,-300,675,150,-300;                       57P     60
124,0,0,1,675,0,-1,0,75,1,0,0,-225;                                   59P     61
100,0,0,0,25,0,-25,3.06161699786838E-15;                              61P     62
124,0,0,1,675,0,1,0,75,-1,0,0,-225;                                   63P     63
100,0,0,0,25,0,-25,3.06161699786838E-15;                              65P     64
110,673,148,-300,673,2.00000000000003,-300;                           67P     65
110,527,148,-300,673,148,-300;                                        69P     66
110,527,148,-300,527,100,-300;                                        71P     67
110,525,100,-300,527,100,-300;                                        73P     68
110,525,150,-300,525,100,-300;                                        75P     69
110,525,1.83697019872103E-14,-300,525,50,-300;                        77P     70
110,527,50,-300,525,50,-300;                                          79P     71
110,527,2.00000000000003,-300,527,50,-300;                            81P     72
110,673,2.00000000000003,-300,527,2.00000000000003,-300;              83P     73
110,525,100,-268.301270189222,525,100,-300;                           85P     74
124,0,0,1,525,0,1,0,75,-1,0,0,-225;                                   87P     75
100,0,0,0,50,0,43.301270189222,24.9999999999999;                      89P     76
124,0,0,1,525,-0.499999999999998,0.86602540378444,0,75,               91P     77
-0.86602540378444,-0.499999999999998,0,-225;                          91P     78
100,0,0,0,50,0,43.301270189222,24.9999999999999;                      93P     79
110,525,50,-300,525,50,-268.301270189222;                             95P     80
110,525,-3.76065604240092E-14,150,525,50,150;                         97P     81
110,525,50,-181.698729810778,525,50,150;                              99P     82
124,0,0,1,525,-2.8421709430404E-16,-1,0,75,1,                        101P     83
-2.8421709430404E-16,0,-225;                                         101P     84
100,0,0,0,50,0,43.301270189222,24.9999999999999;                     103P     85
124,0,0,1,525,0.499999999999985,-0.866025403784447,0,75,             105P     86
0.866025403784447,0.499999999999985,0,-225;                          105P     87
100,0,0,0,50,0,43.3012701892224,24.9999999999992;                    107P     88
110,525,100,150,525,100,-181.698729810778;                           109P     89
110,525,150,150,525,100,150;                                         111P     90
124,0,0,1,525,0,1,0,75,-1,0,0,-225;                                  113P     91
100,0,0,0,25,0,-25,3.06161699786838E-15;                             115P     92
124,0,0,1,525,0,-1,0,75,1,0,0,-225;                                  117P     93
100,0,0,0,25,0,-25,3.06161699786838E-15;                             119P     94
110,-775,99.9999999999997,150,525,100,150;                           121P     95
110,-775,150,150,-775,99.9999999999997,150;                          123P     96
110,-775,99.9999999999997,152,-775,148,152;                          125P     97
110,-775,148,152,-775,148,298;                                       127P     98
110,-775,148,298,-775,2,298;                                         129P     99
110,-775,2.00000000000003,298,-775,2.00000000000003,152;             131P    100
110,-775,2.00000000000003,152,-775,50,152;                           133P    101
110,-775,50,152,-775,50,150;                                         135P    102
110,-775,50,150,-775,-9.18485099360515E-15,150;                      137P    103
110,-775,-1.83697019872103E-14,300,-775,150,300;                     139P    104
110,-775,99.9999999999997,150,-775,99.9999999999997,152;             141P    105
110,525,-4.67914114176143E-14,300,525,150,300;                       143P    106
110,525,50,150,-775,50,150;                                          145P    107
110,525,75,-200,675,75,-200;                                         147P    108
110,525,75,-250,675,75,-250;                                         149P    109
110,673,2.00000000000003,167.233687939614,673,148,                   151P    110
167.233687939614;                                                    151P    111
110,673,148,167.233687939614,673,148,-300;                           153P    112
110,673,2.00000000000003,167.233687939614,673,2.00000000000003,      155P    113
-300;                                                                155P    114
124,0,0,1,673,0,1,0,75,-1,0,0,-225;                                  157P    115
100,0,0,0,50,0,-50,6.12323399573677E-15;                             159P    116
124,0,0,1,673,0,-1,0,75,1,0,0,-225;                                  161P    117
100,0,0,0,50,0,-50,6.12323399573677E-15;                             163P    118
110,-775,148,152,527,148,152;                                        165P    119
110,527,148,152,527,148,-300;                                        167P    120
124,0.993288590604027,-0.115662335165194,1.9203857723246E-16,        169P    121
525,1.90749727720832E-16,-2.22116302845078E-17,-1,148,               169P    122
0.115662335165194,0.993288590604027,0,150;                           169P    123
100,0,0,0,149,0,34.2360512088976,145.013422818792;                   171P    124
110,542.233687939588,148,298,-775,148,298;                           173P    125
124,0,-1,-1.9203857723246E-16,600,0,-1.9203857723246E-16,1,148,      175P    126
-1,0,0,-74.9999999999999;                                            175P    127
100,0,0,0,11,0,-11,1.34711147906209E-15;                             177P    128
124,0,1,-1.9203857723246E-16,600,0,1.9203857723246E-16,1,148,1,      179P    129
0,0,-74.9999999999999;                                               179P    130
100,0,0,0,11,0,-11,1.34711147906209E-15;                             181P    131
124,0,0,1,527,0.499999999999999,0.866025403784439,0,75,              183P    132
-0.866025403784439,0.499999999999999,0,-225;                         183P    133
100,0,0,0,50,0,-25.0000000000001,43.3012701892219;                   185P    134
110,527,100,-300,527,100,-268.301270189222;                          187P    135
110,527,148,152,527,100,152;                                         189P    136
110,527,100,-181.698729810778,527,100,152;                           191P    137
110,525,100,-268.301270189222,527,100,-268.301270189222;             193P    138
110,525,50,-268.301270189222,527,50,-268.301270189222;               195P    139
110,527,50,-268.301270189222,527,50,-300;                            197P    140
124,0,0,1,527,-0.5,-0.866025403784439,0,75,0.866025403784439,        199P    141
-0.5,0,-225;                                                         199P    142
100,0,0,0,50,0,-25,43.301270189222;                                  201P    143
110,527,50,152,527,50,-181.698729810778;                             203P    144
110,527,2.00000000000003,152,527,50,152;                             205P    145
110,527,2.00000000000003,-300,527,2.00000000000003,152;              207P    146
110,527,2.00000000000003,152,-775,2.00000000000003,152;              209P    147
110,542.233687939588,2.00000000000003,298,-775,2.00000000000003,     211P    148
298;                                                                 211P    149
124,0.993288590604027,-0.115662335165195,0,525,0,0,-1,               213P    150
2.00000000000003,0.115662335165195,0.993288590604027,0,150;          213P    151
100,0,0,0,149,0,34.2360512088976,145.013422818792;                   215P    152
124,0,1,0,600,0,0,1,2.00000000000003,1,0,0,-74.9999999999999;        217P    153
100,0,0,0,11,0,-11,1.34711147906209E-15;                             219P    154
124,0,-1,0,600,0,0,1,2.00000000000003,-1,0,0,-74.9999999999999;      221P    155
100,0,0,0,11,0,-11,1.34711147906209E-15;                             223P    156
110,525,75,-275,673,75,-275;                                         225P    157
110,525,100,-181.698729810778,527,100,-181.698729810778;             227P    158
110,525,75.0000000000001,-175,673,75.0000000000001,-175;             229P    159
110,525,50,-181.698729810778,527,50,-181.698729810778;               231P    160
110,-775,50,152,527,50,152;                                          233P    161
110,527,100,152,-775,99.9999999999997,152;                           235P    162
110,542.233687939588,2.00000000000002,298,542.233687939588,148,      237P    163
298;                                                                 237P    164
110,600,2.00000000000005,-64,600,148,-64;                            239P    165
110,600,2.00000000000005,-86,600,148,-85.9999999999999;              241P    166
504,96,3,1,1,1,2,7,1,3,1,1,9,1,3,1,4,13,1,4,1,2,15,1,5,1,6,17,1,     243P    167
6,1,7,19,1,8,1,7,21,1,9,1,8,23,1,10,1,9,25,1,10,1,11,29,1,5,1,       243P    168
11,33,1,2,1,4,35,1,12,1,13,37,1,14,1,12,39,1,14,1,15,41,1,15,1,      243P    169
16,43,1,17,1,16,45,1,18,1,17,49,1,18,1,13,53,1,1,1,3,55,1,18,1,      243P    170
5,57,1,17,1,6,61,1,20,1,19,65,1,19,1,20,67,1,22,1,21,69,1,23,1,      243P    171
22,71,1,23,1,24,73,1,25,1,24,75,1,7,1,25,77,1,16,1,26,79,1,27,1,     243P    172
26,81,1,28,1,27,83,1,21,1,28,85,1,29,1,25,89,1,30,1,29,93,1,31,      243P    173
1,30,95,1,26,1,31,97,1,15,1,32,99,1,33,1,32,103,1,34,1,33,107,1,     243P    174
35,1,34,109,1,36,1,35,111,1,8,1,36,115,1,37,1,38,119,1,38,1,37,      243P    175
121,1,39,1,36,123,1,9,1,39,125,1,40,1,41,127,1,41,1,42,129,1,42,     243P    176
1,43,131,1,43,1,44,133,1,44,1,45,135,1,45,1,46,137,1,46,1,14,        243P    177
139,1,12,1,10,141,1,39,1,40,143,1,13,1,11,145,1,32,1,46,147,1,       243P    178
38,1,20,149,1,37,1,19,151,1,48,1,47,153,1,47,1,22,155,1,48,1,21,     243P    179
159,1,50,1,49,163,1,49,1,50,165,1,41,1,51,167,1,51,1,23,171,1,       243P    180
47,1,52,173,1,52,1,42,177,1,54,1,53,181,1,53,1,54,185,1,55,1,56,     243P    181
187,1,24,1,55,189,1,51,1,57,191,1,56,1,57,193,1,29,1,55,195,1,       243P    182
31,1,58,197,1,58,1,27,201,1,59,1,58,203,1,60,1,59,205,1,61,1,60,     243P    183
207,1,28,1,61,209,1,61,1,44,211,1,62,1,43,215,1,48,1,62,219,1,       243P    184
63,1,64,223,1,64,1,63,225,1,30,1,50,227,1,35,1,56,229,1,34,1,49,     243P    185
231,1,33,1,59,233,1,45,1,60,235,1,57,1,40,237,1,62,1,52,239,1,       243P    186
63,1,53,241,1,64,1,54;                                               243P    187
110,600,4.59242549680257E-15,-75,600,1,-75;                          245P    188
110,600,5.20474889637625E-15,-85,600,150,-84.9999999999999;          247P    189
120,245,247,0,6.28318530717959;                                      249P    190
126,1,1,1,0,1,0,0,0,1,1,1,1,0,3.14159265358979,0,1,                  251P    191
3.14159265358979,0,0,1,0,0,1;                                        251P    192
126,1,1,1,0,1,0,0,0,1,1,1,1,0,0,0,0,3.14159265358979,0,0,1,0,0,      253P    193
1;                                                                   253P    194
126,1,1,1,0,1,0,0,0,1,1,1,1,0,0,0,1,0,0,0,1,0,0,1;                   255P    195
126,1,1,1,0,1,0,0,0,1,1,1,1,1,0,0,1,3.14159265358979,0,0,1,0,0,      257P    196
1;                                                                   257P    197
508,4,0,243,1,0,1,0,251,0,243,2,0,1,0,253,0,243,3,1,1,0,255,0,       259P    198
243,4,1,1,0,257;                                                     259P    199
314,56.4705882352941,56.4705882352941,56.4705882352941,1H ;          261P    200
510,249,1,1,259;                                                     263P    201
128,1,1,1,1,0,0,1,0,0,0,0,1,1,0,0,1,1,1,1,1,1,675,150,300,675,       265P    202
150,-300,-775,150,300,-775,150,-300,0,1,0,1;                         265P    203
126,1,1,1,0,1,0,0,0,1,1,1,1,0.25,0,0,1,0,0,0,1,0,0,1;                267P    204
126,1,1,1,0,1,0,0,0,1,1,1,1,1,0,0,1,0.103448275862069,0,0,1,0,0,     269P    205
1;                                                                   269P    206
126,1,1,1,0,1,0,0,0,1,1,1,1,0.25,0.103448275862069,0,1,              271P    207
0.103448275862069,0,0,1,0,0,1;                                       271P    208
126,1,1,1,0,1,0,0,0,1,1,1,1,0.25,1,0,0.25,0.103448275862069,0,0,     273P    209
1,0,0,1;                                                             273P    210
126,1,1,1,0,1,0,0,0,1,1,1,1,0,1,0,0.25,1,0,0,1,0,0,1;                275P    211
126,1,1,1,0,1,0,0,0,1,1,1,1,0,1,0,0,0.103448275862069,0,0,1,0,0,     277P    212
1;                                                                   277P    213
126,16,3,1,0,1,0,0,0,0,0,0.0714285714285714,0.142857142857143,       279P    214
0.214285714285714,0.285714285714286,0.357142857142857,               279P    215
0.428571428571429,0.5,0.571428571428571,0.642857142857143,           279P    216
0.714285714285714,0.785714285714286,0.857142857142857,               279P    217
0.928571428571429,1,1,1,1,1,1,1,1,1,1,1,1,1,1,1,1,1,1,1,1,1,         279P    218
0.25,0,0,0.240650021864316,0,0,0.221950094152207,                    279P    219
0.000434551486530654,0,0.19425292351584,0.00238183607030257,0,       279P    220
0.167256810849962,0.00560008977457521,0,0.141301240151559,           279P    221
0.0100488411917201,0,0.116712619867463,0.0156721446915261,0,         279P    222
0.0938001656055821,0.0223992839694475,0,0.0728520149221079,          279P    223
0.0301456613470792,0,0.0541316029261648,0.038813861629896,0,         279P    224
0.037874349671188,0.0482948771865367,0,0.0242846995466565,           279P    225
0.0584694786834038,0,0.0135335502885569,0.0692097148344673,0,        279P    226
0.00575610383656461,0.0803805200755197,0,0.00105016609244879,        279P    227
0.0918414182698787,0,0,0.0995793193921308,0,0,0.103448275862069,     279P    228
0,0,1,0,0,1;                                                         279P    229
508,7,0,243,5,1,1,0,267,0,243,6,1,1,0,269,0,243,7,0,1,0,271,0,       281P    230
243,8,0,1,0,273,0,243,9,0,1,0,275,0,243,10,1,1,0,277,0,243,11,0,     281P    231
1,0,279;                                                             281P    232
126,28,3,1,0,1,0,0,0,0,0,0.0384615384615385,0.0769230769230769,      283P    233
0.115384615384615,0.153846153846154,0.192307692307692,               283P    234
0.230769230769231,0.269230769230769,0.307692307692308,               283P    235
0.346153846153846,0.384615384615385,0.423076923076923,               283P    236
0.461538461538461,0.5,0.538461538461538,0.576923076923077,           283P    237
0.615384615384615,0.653846153846154,0.692307692307692,               283P    238
0.73076923076923,0.769230769230769,0.807692307692307,                283P    239
0.846153846153846,0.884615384615384,0.923076923076923,               283P    240
0.961538461538461,1,1,1,1,1,1,1,1,1,1,1,1,1,1,1,1,1,1,1,1,1,1,1,     283P    241
1,1,1,1,1,1,1,1,1,1,0.608333333333333,0.0517241379310345,0,          283P    242
0.608333333333333,0.0514463666972954,0,0.608414543213843,            283P    243
0.0508908253712918,0,0.608778211341745,0.0500696640405223,0,         283P    244
0.609378429676572,0.0492726289098924,0,0.610206445683427,            283P    245
0.0485113422353895,0,0.6112501850244,0.0477969053743245,0,           283P    246
0.612494427629605,0.0471397364025752,0,0.613921029640067,            283P    247
0.0465494183295486,0,0.615509187986046,0.0460345593204263,0,         283P    248
0.617235743742635,0.0456026671793532,0,0.619075519839039,            283P    249
0.0452600398661665,0,0.621001688196957,0.0450116736586535,0,         283P    250
0.622986160944378,0.0448611902953829,0,0.625,0.0448107841626533,     283P    251
0,0.627013839055622,0.044861190295383,0,0.628998311803043,           283P    252
0.0450116736586533,0,0.630924480160961,0.0452600398661665,0,         283P    253
0.632764256257365,0.0456026671793531,0,0.634490812013954,            283P    254
0.0460345593204263,0,0.636078970359933,0.0465494183295485,0,         283P    255
0.637505572370395,0.0471397364025752,0,0.6387498149756,              283P    256
0.0477969053743243,0,0.639793554316573,0.0485113422353895,0,         283P    257
0.640621570323428,0.0492726289098923,0,0.641221788658255,            283P    258
0.0500696640405223,0,0.641585456786157,0.0508908253712917,0,         283P    259
0.641666666666667,0.0514463666972954,0,0.641666666666667,            283P    260
0.0517241379310345,0,0,1,0,0,1;                                      283P    261
126,28,3,1,0,1,0,0,0,0,0,0.0384615384615385,0.0769230769230769,      285P    262
0.115384615384615,0.153846153846154,0.192307692307692,               285P    263
0.230769230769231,0.269230769230769,0.307692307692308,               285P    264
0.346153846153846,0.384615384615385,0.423076923076923,               285P    265
0.461538461538461,0.5,0.538461538461538,0.576923076923077,           285P    266
0.615384615384615,0.653846153846154,0.692307692307692,               285P    267
0.73076923076923,0.769230769230769,0.807692307692307,                285P    268
0.846153846153846,0.884615384615384,0.923076923076923,               285P    269
0.961538461538461,1,1,1,1,1,1,1,1,1,1,1,1,1,1,1,1,1,1,1,1,1,1,1,     285P    270
1,1,1,1,1,1,1,1,1,1,0.641666666666667,0.0517241379310345,0,          285P    271
0.641666666666667,0.0520019091647736,0,0.641585456786157,            285P    272
0.0525574504907772,0,0.641221788658255,0.0533786118215467,0,         285P    273
0.640621570323428,0.0541756469521766,0,0.639793554316573,            285P    274
0.0549369336266795,0,0.6387498149756,0.0556513704877445,0,           285P    275
0.637505572370394,0.0563085394594939,0,0.636078970359933,            285P    276
0.0568988575325205,0,0.634490812013954,0.0574137165416427,0,         285P    277
0.632764256257365,0.0578456086827159,0,0.630924480160961,            285P    278
0.0581882359959025,0,0.628998311803043,0.0584366022034155,0,         285P    279
0.627013839055622,0.0585870855666859,0,0.625,0.0586374916994158,     285P    280
0,0.622986160944378,0.0585870855666859,0,0.621001688196957,          285P    281
0.0584366022034155,0,0.619075519839039,0.0581882359959023,0,         285P    282
0.617235743742635,0.0578456086827159,0,0.615509187986046,            285P    283
0.0574137165416425,0,0.613921029640067,0.0568988575325204,0,         285P    284
0.612494427629606,0.0563085394594938,0,0.6112501850244,              285P    285
0.0556513704877445,0,0.610206445683427,0.0549369336266795,0,         285P    286
0.609378429676572,0.0541756469521766,0,0.608778211341745,            285P    287
0.0533786118215467,0,0.608414543213843,0.0525574504907771,0,         285P    288
0.608333333333333,0.0520019091647736,0,0.608333333333333,            285P    289
0.0517241379310345,0,0,1,0,0,1;                                      285P    290
508,2,0,243,12,0,1,0,283,0,243,4,0,1,0,285;                          287P    291
510,265,2,1,281,287;                                                 289P    292
128,1,1,1,1,0,0,1,0,0,0,0,1,1,0,0,1,1,1,1,1,1,675,0,300,675,0,       291P    293
-300,-775,0,300,-775,0,-300,0,1,0,1;                                 291P    294
126,1,1,1,0,1,0,0,0,1,1,1,1,0,1,0,0,0.103448275862069,0,0,1,0,0,     293P    295
1;                                                                   293P    296
126,1,1,1,0,1,0,0,0,1,1,1,1,0.25,1,0,0,1,0,0,1,0,0,1;                295P    297
126,1,1,1,0,1,0,0,0,1,1,1,1,0.25,1,0,0.25,0.103448275862069,0,0,     297P    298
1,0,0,1;                                                             297P    299
126,1,1,1,0,1,0,0,0,1,1,1,1,0.25,0.103448275862069,0,1,              299P    300
0.103448275862069,0,0,1,0,0,1;                                       299P    301
126,1,1,1,0,1,0,0,0,1,1,1,1,1,0,0,1,0.103448275862069,0,0,1,0,0,     301P    302
1;                                                                   301P    303
126,1,1,1,0,1,0,0,0,1,1,1,1,0.25,0,0,1,0,0,0,1,0,0,1;                303P    304
126,16,3,1,0,1,0,0,0,0,0,0.0714285714285714,0.142857142857143,       305P    305
0.214285714285714,0.285714285714286,0.357142857142857,               305P    306
0.428571428571429,0.5,0.571428571428571,0.642857142857143,           305P    307
0.714285714285714,0.785714285714286,0.857142857142857,               305P    308
0.928571428571429,1,1,1,1,1,1,1,1,1,1,1,1,1,1,1,1,1,1,1,1,1,         305P    309
0.25,0,0,0.240650021864316,0,0,0.221950094152207,                    305P    310
0.000434551486530654,0,0.19425292351584,0.00238183607030257,0,       305P    311
0.167256810849962,0.00560008977457521,0,0.141301240151559,           305P    312
0.0100488411917201,0,0.116712619867463,0.0156721446915261,0,         305P    313
0.0938001656055821,0.0223992839694475,0,0.0728520149221079,          305P    314
0.0301456613470792,0,0.0541316029261648,0.038813861629896,0,         305P    315
0.037874349671188,0.0482948771865367,0,0.0242846995466565,           305P    316
0.0584694786834038,0,0.0135335502885569,0.0692097148344673,0,        305P    317
0.00575610383656461,0.0803805200755197,0,0.00105016609244879,        305P    318
0.0918414182698787,0,0,0.0995793193921308,0,0,0.103448275862069,     305P    319
0,0,1,0,0,1;                                                         305P    320
508,7,0,243,13,0,1,0,293,0,243,14,0,1,0,295,0,243,15,1,1,0,297,      307P    321
0,243,16,1,1,0,299,0,243,17,0,1,0,301,0,243,18,0,1,0,303,0,243,      307P    322
19,1,1,0,305;                                                        307P    323
126,28,3,1,0,1,0,0,0,0,0,0.0384615384615385,0.0769230769230769,      309P    324
0.115384615384615,0.153846153846154,0.192307692307692,               309P    325
0.230769230769231,0.269230769230769,0.307692307692308,               309P    326
0.346153846153846,0.384615384615385,0.423076923076923,               309P    327
0.461538461538461,0.5,0.538461538461538,0.576923076923077,           309P    328
0.615384615384615,0.653846153846154,0.692307692307692,               309P    329
0.73076923076923,0.769230769230769,0.807692307692307,                309P    330
0.846153846153846,0.884615384615384,0.923076923076923,               309P    331
0.961538461538461,1,1,1,1,1,1,1,1,1,1,1,1,1,1,1,1,1,1,1,1,1,1,1,     309P    332
1,1,1,1,1,1,1,1,1,1,0.641666666666667,0.0517241379310345,0,          309P    333
0.641666666666667,0.0520019091647736,0,0.641585456786157,            309P    334
0.0525574504907772,0,0.641221788658255,0.0533786118215467,0,         309P    335
0.640621570323428,0.0541756469521766,0,0.639793554316573,            309P    336
0.0549369336266795,0,0.6387498149756,0.0556513704877445,0,           309P    337
0.637505572370394,0.0563085394594939,0,0.636078970359933,            309P    338
0.0568988575325205,0,0.634490812013954,0.0574137165416427,0,         309P    339
0.632764256257365,0.0578456086827159,0,0.630924480160961,            309P    340
0.0581882359959025,0,0.628998311803043,0.0584366022034155,0,         309P    341
0.627013839055622,0.0585870855666859,0,0.625,0.0586374916994158,     309P    342
0,0.622986160944378,0.0585870855666859,0,0.621001688196957,          309P    343
0.0584366022034155,0,0.619075519839039,0.0581882359959023,0,         309P    344
0.617235743742635,0.0578456086827159,0,0.615509187986046,            309P    345
0.0574137165416425,0,0.613921029640067,0.0568988575325204,0,         309P    346
0.612494427629606,0.0563085394594938,0,0.6112501850244,              309P    347
0.0556513704877445,0,0.610206445683427,0.0549369336266795,0,         309P    348
0.609378429676572,0.0541756469521766,0,0.608778211341745,            309P    349
0.0533786118215467,0,0.608414543213843,0.0525574504907771,0,         309P    350
0.608333333333333,0.0520019091647736,0,0.608333333333333,            309P    351
0.0517241379310345,0,0,1,0,0,1;                                      309P    352
126,28,3,1,0,1,0,0,0,0,0,0.0384615384615385,0.0769230769230769,      311P    353
0.115384615384615,0.153846153846154,0.192307692307692,               311P    354
0.230769230769231,0.269230769230769,0.307692307692308,               311P    355
0.346153846153846,0.384615384615385,0.423076923076923,               311P    356
0.461538461538461,0.5,0.538461538461538,0.576923076923077,           311P    357
0.615384615384615,0.653846153846154,0.692307692307692,               311P    358
0.73076923076923,0.769230769230769,0.807692307692307,                311P    359
0.846153846153846,0.884615384615384,0.923076923076923,               311P    360
0.961538461538461,1,1,1,1,1,1,1,1,1,1,1,1,1,1,1,1,1,1,1,1,1,1,1,     311P    361
1,1,1,1,1,1,1,1,1,1,0.608333333333333,0.0517241379310345,0,          311P    362
0.608333333333333,0.0514463666972954,0,0.608414543213843,            311P    363
0.0508908253712918,0,0.608778211341745,0.0500696640405223,0,         311P    364
0.609378429676572,0.0492726289098924,0,0.610206445683427,            311P    365
0.0485113422353895,0,0.6112501850244,0.0477969053743245,0,           311P    366
0.612494427629605,0.0471397364025752,0,0.613921029640067,            311P    367
0.0465494183295486,0,0.615509187986046,0.0460345593204263,0,         311P    368
0.617235743742635,0.0456026671793532,0,0.619075519839039,            311P    369
0.0452600398661665,0,0.621001688196957,0.0450116736586535,0,         311P    370
0.622986160944378,0.0448611902953829,0,0.625,0.0448107841626533,     311P    371
0,0.627013839055622,0.044861190295383,0,0.628998311803043,           311P    372
0.0450116736586533,0,0.630924480160961,0.0452600398661665,0,         311P    373
0.632764256257365,0.0456026671793531,0,0.634490812013954,            311P    374
0.0460345593204263,0,0.636078970359933,0.0465494183295485,0,         311P    375
0.637505572370395,0.0471397364025752,0,0.6387498149756,              311P    376
0.0477969053743243,0,0.639793554316573,0.0485113422353895,0,         311P    377
0.640621570323428,0.0492726289098923,0,0.641221788658255,            311P    378
0.0500696640405223,0,0.641585456786157,0.0508908253712917,0,         311P    379
0.641666666666667,0.0514463666972954,0,0.641666666666667,            311P    380
0.0517241379310345,0,0,1,0,0,1;                                      311P    381
508,2,0,243,2,1,1,0,309,0,243,20,1,1,0,311;                          313P    382
510,291,2,1,307,313;                                                 315P    383
128,1,1,1,1,0,0,1,0,0,0,0,1,1,0,0,1,1,1,1,1,1,675,0,150,675,0,       317P    384
-300,675,150,150,675,150,-300,0,1,0,1;                               317P    385
126,1,1,1,0,1,0,0,0,1,1,1,1,0,0,0,0,1,0,0,1,0,0,1;                   319P    386
126,1,1,1,0,1,0,0,0,1,1,1,1,0,0,0,1,0,0,0,1,0,0,1;                   321P    387
126,1,1,1,0,1,0,0,0,1,1,1,1,1,0,0,1,1,0,0,1,0,0,1;                   323P    388
126,1,1,1,0,1,0,0,0,1,1,1,1,0,1,0,1,1,0,0,1,0,0,1;                   325P    389
508,4,0,243,21,0,1,0,319,0,243,18,1,1,0,321,0,243,22,1,1,0,323,      327P    390
0,243,5,0,1,0,325;                                                   327P    391
126,28,3,1,0,1,0,0,0,0,0,0.0384615384615385,0.0769230769230769,      329P    392
0.115384615384615,0.153846153846154,0.192307692307692,               329P    393
0.230769230769231,0.269230769230769,0.307692307692308,               329P    394
0.346153846153846,0.384615384615385,0.423076923076923,               329P    395
0.461538461538461,0.5,0.538461538461538,0.576923076923077,           329P    396
0.615384615384615,0.653846153846154,0.692307692307692,               329P    397
0.73076923076923,0.769230769230769,0.807692307692307,                329P    398
0.846153846153846,0.884615384615384,0.923076923076923,               329P    399
0.961538461538461,1,1,1,1,1,1,1,1,1,1,1,1,1,1,1,1,1,1,1,1,1,1,1,     329P    400
1,1,1,1,1,1,1,1,1,1,0.777777777777778,0.5,0,0.777777777777778,       329P    401
0.493287195184637,0,0.778048477379476,0.479861613139552,0,           329P    402
0.779260704472484,0.46001688097929,0,0.781261432255239,              329P    403
0.440755198655731,0,0.784021485611422,0.422357437355248,0,           329P    404
0.787500616748002,0.405091879879507,0,0.791648092098685,             329P    405
0.389210296395569,0,0.796403432133558,0.374944276297423,0,           329P    406
0.801697293286819,0.362501850243639,0,0.807452479142116,             329P    407
0.352064456834365,0,0.813585066130129,0.343784296765691,0,           329P    408
0.82000562732319,0.337782113417458,0,0.826620536481259,              329P    409
0.334145432138425,0,0.833333333333334,0.332927283930787,0,           329P    410
0.840046130185408,0.334145432138425,0,0.846661039343477,             329P    411
0.337782113417458,0,0.853081600536538,0.343784296765691,0,           329P    412
0.859214187524551,0.352064456834365,0,0.864969373379848,             329P    413
0.362501850243639,0,0.870263234533109,0.374944276297423,0,           329P    414
0.875018574567982,0.389210296395569,0,0.879166049918665,             329P    415
0.405091879879507,0,0.882645181055245,0.422357437355248,0,           329P    416
0.885405234411428,0.440755198655731,0,0.887405962194183,             329P    417
0.460016880979289,0,0.888618189287191,0.479861613139552,0,           329P    418
0.888888888888889,0.493287195184637,0,0.888888888888889,0.5,0,0,     329P    419
1,0,0,1;                                                             329P    420
126,28,3,1,0,1,0,0,0,0,0,0.0384615384615385,0.0769230769230769,      331P    421
0.115384615384615,0.153846153846154,0.192307692307692,               331P    422
0.230769230769231,0.269230769230769,0.307692307692308,               331P    423
0.346153846153846,0.384615384615385,0.423076923076923,               331P    424
0.461538461538461,0.5,0.538461538461538,0.576923076923077,           331P    425
0.615384615384615,0.653846153846154,0.692307692307692,               331P    426
0.73076923076923,0.769230769230769,0.807692307692307,                331P    427
0.846153846153846,0.884615384615384,0.923076923076923,               331P    428
0.961538461538461,1,1,1,1,1,1,1,1,1,1,1,1,1,1,1,1,1,1,1,1,1,1,1,     331P    429
1,1,1,1,1,1,1,1,1,1,0.888888888888889,0.5,0,0.888888888888889,       331P    430
0.506712804815363,0,0.888618189287191,0.520138386860448,0,           331P    431
0.887405962194183,0.53998311902071,0,0.885405234411428,              331P    432
0.559244801344268,0,0.882645181055244,0.577642562644752,0,           331P    433
0.879166049918665,0.594908120120493,0,0.875018574567981,             331P    434
0.610789703604431,0,0.870263234533109,0.625055723702577,0,           331P    435
0.864969373379848,0.637498149756361,0,0.859214187524551,             331P    436
0.647935543165635,0,0.853081600536538,0.65621570323431,0,            331P    437
0.846661039343477,0.662217886582542,0,0.840046130185408,             331P    438
0.665854567861575,0,0.833333333333334,0.667072716069212,0,           331P    439
0.826620536481259,0.665854567861575,0,0.82000562732319,              331P    440
0.662217886582542,0,0.813585066130129,0.65621570323431,0,            331P    441
0.807452479142116,0.647935543165635,0,0.801697293286819,             331P    442
0.637498149756361,0,0.796403432133558,0.625055723702577,0,           331P    443
0.791648092098685,0.610789703604431,0,0.787500616748002,             331P    444
0.594908120120494,0,0.784021485611423,0.577642562644752,0,           331P    445
0.781261432255239,0.559244801344269,0,0.779260704472484,             331P    446
0.539983119020711,0,0.778048477379476,0.520138386860449,0,           331P    447
0.777777777777778,0.506712804815363,0,0.777777777777778,0.5,0,0,     331P    448
1,0,0,1;                                                             331P    449
508,2,0,243,23,0,1,0,329,0,243,24,0,1,0,331;                         333P    450
510,317,2,1,327,333;                                                 335P    451
128,1,1,1,1,0,0,1,0,0,0,0,1,1,0,0,1,1,1,1,1,1,675,0,-300,525,0,      337P    452
-300,675,150,-300,525,150,-300,0,1,0,1;                              337P    453
126,1,1,1,0,1,0,0,0,1,1,1,1,0.0133333333333333,                      339P    454
0.986666666666667,0,0.0133333333333333,0.0133333333333334,0,0,1,     339P    455
0,0,1;                                                               339P    456
126,1,1,1,0,1,0,0,0,1,1,1,1,0.986666666666667,0.986666666666666,     341P    457
0,0.0133333333333333,0.986666666666667,0,0,1,0,0,1;                  341P    458
126,1,1,1,0,1,0,0,0,1,1,1,1,0.986666666666667,0.986666666666667,     343P    459
0,0.986666666666667,0.666666666666666,0,0,1,0,0,1;                   343P    460
126,1,1,1,0,1,0,0,0,1,1,1,1,1,0.666666666666666,0,                   345P    461
0.986666666666667,0.666666666666666,0,0,1,0,0,1;                     345P    462
126,1,1,1,0,1,0,0,0,1,1,1,1,1,1,0,1,0.666666666666666,0,0,1,0,0,     347P    463
1;                                                                   347P    464
126,1,1,1,0,1,0,0,0,1,1,1,1,0,1,0,1,1,0,0,1,0,0,1;                   349P    465
126,1,1,1,0,1,0,0,0,1,1,1,1,0,0,0,0,1,0,0,1,0,0,1;                   351P    466
126,1,1,1,0,1,0,0,0,1,1,1,1,0,0,0,1,0,0,0,1,0,0,1;                   353P    467
126,1,1,1,0,1,0,0,0,1,1,1,1,1,0,0,1,0.333333333333333,0,0,1,0,0,     355P    468
1;                                                                   355P    469
126,1,1,1,0,1,0,0,0,1,1,1,1,0.986666666666667,0.333333333333333,     357P    470
0,1,0.333333333333333,0,0,1,0,0,1;                                   357P    471
126,1,1,1,0,1,0,0,0,1,1,1,1,0.986666666666667,                       359P    472
0.0133333333333334,0,0.986666666666667,0.333333333333333,0,0,1,      359P    473
0,0,1;                                                               359P    474
126,1,1,1,0,1,0,0,0,1,1,1,1,0.0133333333333333,                      361P    475
0.0133333333333334,0,0.986666666666667,0.0133333333333334,0,0,1,     361P    476
0,0,1;                                                               361P    477
508,12,0,243,25,0,1,0,339,0,243,26,0,1,0,341,0,243,27,1,1,0,343,     363P    478
0,243,28,0,1,0,345,0,243,29,0,1,0,347,0,243,6,0,1,0,349,0,243,       363P    479
22,0,1,0,351,0,243,17,1,1,0,353,0,243,30,1,1,0,355,0,243,31,0,1,     363P    480
0,357,0,243,32,0,1,0,359,0,243,33,0,1,0,361;                         363P    481
510,337,1,1,363;                                                     365P    482
128,1,1,1,1,0,0,1,0,0,0,0,1,1,0,0,1,1,1,1,1,1,525,0,150,525,0,       367P    483
-300,525,150,150,525,150,-300,0,1,0,1;                               367P    484
126,1,1,1,0,1,0,0,0,1,1,1,1,0,1,0,1,1,0,0,1,0,0,1;                   369P    485
126,1,1,1,0,1,0,0,0,1,1,1,1,1,1,0,1,0.666666666666666,0,0,1,0,0,     371P    486
1;                                                                   371P    487
126,1,1,1,0,1,0,0,0,1,1,1,1,0.929558378198271,0.666666666666666,     373P    488
0,1,0.666666666666666,0,0,1,0,0,1;                                   373P    489
126,8,3,1,0,1,0,0,0,0,0,0.166666666666667,0.333333333333333,0.5,     375P    490
0.666666666666667,0.833333333333333,1,1,1,1,1,1,1,1,1,1,1,1,1,       375P    491
0.944444444444444,0.5,0,0.944444444444444,0.509696273622191,0,       375P    492
0.944162212234762,0.529088810041574,0,0.942895389239498,             375P    493
0.557956239916521,0,0.940794732815385,0.586382585626201,0,           375P    494
0.937876230358343,0.614151507783714,0,0.934162092941849,             375P    495
0.641051669890279,0,0.93117442380197,0.658269447387804,0,            375P    496
0.929558378198271,0.666666666666666,0,0,1,0,0,1;                     375P    497
126,8,3,1,0,1,0,0,0,0,0,0.166666666666667,0.333333333333333,0.5,     377P    498
0.666666666666667,0.833333333333333,1,1,1,1,1,1,1,1,1,1,1,1,1,       377P    499
0.929558378198271,0.333333333333334,0,0.93117442380197,              377P    500
0.341730552612196,0,0.934162092941849,0.358948330109722,0,           377P    501
0.937876230358343,0.385848492216286,0,0.940794732815385,             377P    502
0.413617414373799,0,0.942895389239498,0.442043760083479,0,           377P    503
0.944162212234762,0.470911189958426,0,0.944444444444444,             377P    504
0.490303726377809,0,0.944444444444444,0.5,0,0,1,0,0,1;               377P    505
126,1,1,1,0,1,0,0,0,1,1,1,1,1,0.333333333333333,0,                   379P    506
0.929558378198271,0.333333333333333,0,0,1,0,0,1;                     379P    507
126,1,1,1,0,1,0,0,0,1,1,1,1,1,0,0,1,0.333333333333333,0,0,1,0,0,     381P    508
1;                                                                   381P    509
126,1,1,1,0,1,0,0,0,1,1,1,1,0,0,0,1,0,0,0,1,0,0,1;                   383P    510
126,1,1,1,0,1,0,0,0,1,1,1,1,0,0,0,0,0.333333333333334,0,0,1,0,0,     385P    511
1;                                                                   385P    512
126,1,1,1,0,1,0,0,0,1,1,1,1,0.737108288468396,0.333333333333334,     387P    513
0,0,0.333333333333334,0,0,1,0,0,1;                                   387P    514
126,8,3,1,0,1,0,0,0,0,0,0.166666666666667,0.333333333333333,0.5,     389P    515
0.666666666666667,0.833333333333333,1,1,1,1,1,1,1,1,1,1,1,1,1,       389P    516
0.722222222222222,0.5,0,0.722222222222222,0.49030372637781,0,        389P    517
0.722504454431905,0.470911189958426,0,0.723771277427169,             389P    518
0.442043760083479,0,0.725871933851282,0.413617414373799,0,           389P    519
0.728790436308324,0.385848492216286,0,0.732504573724819,             389P    520
0.358948330109722,0,0.735492242864697,0.341730552612196,0,           389P    521
0.737108288468396,0.333333333333334,0,0,1,0,0,1;                     389P    522
126,8,3,1,0,1,0,0,0,0,0,0.166666666666667,0.333333333333333,0.5,     391P    523
0.666666666666667,0.833333333333333,1,1,1,1,1,1,1,1,1,1,1,1,1,       391P    524
0.737108288468395,0.666666666666662,0,0.735492242864697,             391P    525
0.6582694473878,0,0.732504573724817,0.641051669890275,0,             391P    526
0.728790436308324,0.614151507783711,0,0.725871933851282,             391P    527
0.586382585626199,0,0.723771277427169,0.55795623991652,0,            391P    528
0.722504454431905,0.529088810041573,0,0.722222222222222,             391P    529
0.509696273622191,0,0.722222222222222,0.5,0,0,1,0,0,1;               391P    530
126,1,1,1,0,1,0,0,0,1,1,1,1,0,0.666666666666667,0,                   393P    531
0.737108288468396,0.666666666666666,0,0,1,0,0,1;                     393P    532
126,1,1,1,0,1,0,0,0,1,1,1,1,0,1,0,0,0.666666666666667,0,0,1,0,0,     395P    533
1;                                                                   395P    534
508,14,0,243,7,1,1,0,369,0,243,29,1,1,0,371,0,243,34,0,1,0,373,      397P    535
0,243,35,0,1,0,375,0,243,36,0,1,0,377,0,243,37,0,1,0,379,0,243,      397P    536
30,0,1,0,381,0,243,16,0,1,0,383,0,243,38,1,1,0,385,0,243,39,0,1,     397P    537
0,387,0,243,40,0,1,0,389,0,243,41,0,1,0,391,0,243,42,0,1,0,393,      397P    538
0,243,43,0,1,0,395;                                                  397P    539
126,28,3,1,0,1,0,0,0,0,0,0.0384615384615385,0.0769230769230769,      399P    540
0.115384615384615,0.153846153846154,0.192307692307692,               399P    541
0.230769230769231,0.269230769230769,0.307692307692308,               399P    542
0.346153846153846,0.384615384615385,0.423076923076923,               399P    543
0.461538461538461,0.5,0.538461538461538,0.576923076923077,           399P    544
0.615384615384615,0.653846153846154,0.692307692307692,               399P    545
0.73076923076923,0.769230769230769,0.807692307692307,                399P    546
0.846153846153846,0.884615384615384,0.923076923076923,               399P    547
0.961538461538461,1,1,1,1,1,1,1,1,1,1,1,1,1,1,1,1,1,1,1,1,1,1,1,     399P    548
1,1,1,1,1,1,1,1,1,1,0.888888888888889,0.5,0,0.888888888888889,       399P    549
0.506712804815363,0,0.888618189287191,0.520138386860448,0,           399P    550
0.887405962194183,0.53998311902071,0,0.885405234411428,              399P    551
0.559244801344269,0,0.882645181055244,0.577642562644752,0,           399P    552
0.879166049918665,0.594908120120493,0,0.875018574567982,             399P    553
0.610789703604431,0,0.870263234533109,0.625055723702577,0,           399P    554
0.864969373379848,0.637498149756361,0,0.859214187524551,             399P    555
0.647935543165635,0,0.853081600536538,0.65621570323431,0,            399P    556
0.846661039343477,0.662217886582542,0,0.840046130185408,             399P    557
0.665854567861575,0,0.833333333333334,0.667072716069213,0,           399P    558
0.826620536481259,0.665854567861575,0,0.82000562732319,              399P    559
0.662217886582542,0,0.813585066130129,0.65621570323431,0,            399P    560
0.807452479142116,0.647935543165635,0,0.801697293286819,             399P    561
0.637498149756361,0,0.796403432133558,0.625055723702578,0,           399P    562
0.791648092098685,0.610789703604431,0,0.787500616748002,             399P    563
0.594908120120494,0,0.784021485611422,0.577642562644752,0,           399P    564
0.781261432255239,0.559244801344269,0,0.779260704472484,             399P    565
0.539983119020711,0,0.778048477379476,0.520138386860449,0,           399P    566
0.777777777777778,0.506712804815363,0,0.777777777777778,0.5,0,0,     399P    567
1,0,0,1;                                                             399P    568
126,28,3,1,0,1,0,0,0,0,0,0.0384615384615385,0.0769230769230769,      401P    569
0.115384615384615,0.153846153846154,0.192307692307692,               401P    570
0.230769230769231,0.269230769230769,0.307692307692308,               401P    571
0.346153846153846,0.384615384615385,0.423076923076923,               401P    572
0.461538461538461,0.5,0.538461538461538,0.576923076923077,           401P    573
0.615384615384615,0.653846153846154,0.692307692307692,               401P    574
0.73076923076923,0.769230769230769,0.807692307692307,                401P    575
0.846153846153846,0.884615384615384,0.923076923076923,               401P    576
0.961538461538461,1,1,1,1,1,1,1,1,1,1,1,1,1,1,1,1,1,1,1,1,1,1,1,     401P    577
1,1,1,1,1,1,1,1,1,1,0.777777777777778,0.5,0,0.777777777777778,       401P    578
0.493287195184637,0,0.778048477379476,0.479861613139552,0,           401P    579
0.779260704472484,0.46001688097929,0,0.781261432255239,              401P    580
0.440755198655732,0,0.784021485611422,0.422357437355248,0,           401P    581
0.787500616748002,0.405091879879507,0,0.791648092098685,             401P    582
0.389210296395569,0,0.796403432133558,0.374944276297423,0,           401P    583
0.801697293286819,0.362501850243639,0,0.807452479142116,             401P    584
0.352064456834365,0,0.813585066130129,0.343784296765691,0,           401P    585
0.82000562732319,0.337782113417458,0,0.826620536481259,              401P    586
0.334145432138425,0,0.833333333333334,0.332927283930788,0,           401P    587
0.840046130185408,0.334145432138425,0,0.846661039343477,             401P    588
0.337782113417458,0,0.853081600536538,0.343784296765691,0,           401P    589
0.859214187524551,0.352064456834365,0,0.864969373379848,             401P    590
0.362501850243639,0,0.870263234533109,0.374944276297423,0,           401P    591
0.875018574567982,0.389210296395569,0,0.879166049918665,             401P    592
0.405091879879507,0,0.882645181055244,0.422357437355248,0,           401P    593
0.885405234411428,0.440755198655731,0,0.887405962194183,             401P    594
0.460016880979289,0,0.888618189287191,0.479861613139552,0,           401P    595
0.888888888888889,0.493287195184637,0,0.888888888888889,0.5,0,0,     401P    596
1,0,0,1;                                                             401P    597
508,2,0,243,44,1,1,0,399,0,243,45,1,1,0,401;                         403P    598
510,367,2,1,397,403;                                                 405P    599
128,1,1,1,1,0,0,1,0,0,0,0,1,1,0,0,1,1,1,1,1,1,-775,                  407P    600
99.9999999999997,150,525,99.9999999999997,150,-775,150,150,525,      407P    601
150,150,0,1,0,1;                                                     407P    602
126,1,1,1,0,1,0,0,0,1,1,1,1,0,0.999999999999999,0,1,1,0,0,1,0,0,     409P    603
1;                                                                   409P    604
126,1,1,1,0,1,0,0,0,1,1,1,1,1,1,0,1,0,0,0,1,0,0,1;                   411P    605
126,1,1,1,0,1,0,0,0,1,1,1,1,0,0,0,1,0,0,0,1,0,0,1;                   413P    606
126,1,1,1,0,1,0,0,0,1,1,1,1,0,0.999999999999999,0,0,0,0,0,1,0,0,     415P    607
1;                                                                   415P    608
508,4,0,243,8,1,1,0,409,0,243,43,1,1,0,411,0,243,46,0,1,0,413,0,     417P    609
243,47,0,1,0,415;                                                    417P    610
510,407,1,1,417;                                                     419P    611
128,1,1,1,1,0,0,1,0,0,0,0,1,1,0,0,1,1,1,1,1,1,-775,0,150,-775,0,     421P    612
300,-775,150,150,-775,150,300,0,1,0,1;                               421P    613
126,1,1,1,0,1,0,0,0,1,1,1,1,0.0133333333333333,                      423P    614
0.666666666666665,0,0.0133333333333331,0.986666666666666,0,0,1,      423P    615
0,0,1;                                                               423P    616
126,1,1,1,0,1,0,0,0,1,1,1,1,0.0133333333333331,                      425P    617
0.986666666666666,0,0.986666666666667,0.986666666666667,0,0,1,0,     425P    618
0,1;                                                                 425P    619
126,1,1,1,0,1,0,0,0,1,1,1,1,0.986666666666667,0.986666666666667,     427P    620
0,0.986666666666667,0.0133333333333335,0,0,1,0,0,1;                  427P    621
126,1,1,1,0,1,0,0,0,1,1,1,1,0.986666666666667,                       429P    622
0.0133333333333335,0,0.0133333333333329,0.0133333333333336,0,0,      429P    623
1,0,0,1;                                                             429P    624
126,1,1,1,0,1,0,0,0,1,1,1,1,0.0133333333333329,                      431P    625
0.0133333333333336,0,0.0133333333333329,0.333333333333334,0,0,1,     431P    626
0,0,1;                                                               431P    627
126,1,1,1,0,1,0,0,0,1,1,1,1,0.0133333333333329,                      433P    628
0.333333333333334,0,0,0.333333333333334,0,0,1,0,0,1;                 433P    629
126,1,1,1,0,1,0,0,0,1,1,1,1,0,0.333333333333334,0,0,0,0,0,1,0,0,     435P    630
1;                                                                   435P    631
126,1,1,1,0,1,0,0,0,1,1,1,1,0,0,0,1,0,0,0,1,0,0,1;                   437P    632
126,1,1,1,0,1,0,0,0,1,1,1,1,1,0,0,1,1,0,0,1,0,0,1;                   439P    633
126,1,1,1,0,1,0,0,0,1,1,1,1,1,1,0,0,1,0,0,1,0,0,1;                   441P    634
126,1,1,1,0,1,0,0,0,1,1,1,1,0,1,0,0,0.666666666666665,0,0,1,0,0,     443P    635
1;                                                                   443P    636
126,1,1,1,0,1,0,0,0,1,1,1,1,0,0.666666666666665,0,                   445P    637
0.0133333333333333,0.666666666666665,0,0,1,0,0,1;                    445P    638
508,12,0,243,48,1,1,0,423,0,243,49,1,1,0,425,0,243,50,1,1,0,427,     447P    639
0,243,51,1,1,0,429,0,243,52,1,1,0,431,0,243,53,1,1,0,433,0,243,      447P    640
54,1,1,0,435,0,243,14,1,1,0,437,0,243,55,1,1,0,439,0,243,9,1,1,      447P    641
0,441,0,243,47,1,1,0,443,0,243,56,1,1,0,445;                         447P    642
510,421,1,1,447;                                                     449P    643
128,1,1,1,1,0,0,1,0,0,0,0,1,1,0,0,1,1,1,1,1,1,-775,0,300,525,0,      451P    644
300,-775,150,300,525,150,300,0,1,0,1;                                451P    645
126,1,1,1,0,1,0,0,0,1,1,1,1,1,0,0,1,1,0,0,1,0,0,1;                   453P    646
126,1,1,1,0,1,0,0,0,1,1,1,1,0,1,0,1,1,0,0,1,0,0,1;                   455P    647
126,1,1,1,0,1,0,0,0,1,1,1,1,0,0,0,0,1,0,0,1,0,0,1;                   457P    648
126,1,1,1,0,1,0,0,0,1,1,1,1,0,0,0,1,0,0,0,1,0,0,1;                   459P    649
508,4,0,243,57,1,1,0,453,0,243,10,0,1,0,455,0,243,55,0,1,0,457,      461P    650
0,243,13,1,1,0,459;                                                  461P    651
510,451,1,1,461;                                                     463P    652
110,525,-3.76065604240092E-14,150,525,-1.00000000000004,150;         465P    653
110,675,-3.76065604240092E-14,150,675,150,150;                       467P    654
120,465,467,0,6.28318530717959;                                      469P    655
126,1,1,1,0,1,0,0,0,1,1,1,1,0,0,0,1,0,0,0,1,0,0,1;                   471P    656
126,1,1,1,0,1,0,0,0,1,1,1,1,1,0,0,1,1.5707963267949,0,0,1,0,0,1;     473P    657
126,1,1,1,0,1,0,0,0,1,1,1,1,0,1.5707963267949,0,1,                   475P    658
1.5707963267949,0,0,1,0,0,1;                                         475P    659
126,1,1,1,0,1,0,0,0,1,1,1,1,0,0,0,0,1.5707963267949,0,0,1,0,0,1;     477P    660
508,4,0,243,21,1,1,0,471,0,243,11,1,1,0,473,0,243,57,0,1,0,475,      479P    661
0,243,19,0,1,0,477;                                                  479P    662
510,469,1,1,479;                                                     481P    663
128,1,1,1,1,0,0,1,0,0,0,0,1,1,0,0,1,1,1,1,1,1,-775,0,150,525,0,      483P    664
150,-775,50,150,525,50,150,0,1,0,1;                                  483P    665
126,1,1,1,0,1,0,0,0,1,1,1,1,0,0,0,1,0,0,0,1,0,0,1;                   485P    666
126,1,1,1,0,1,0,0,0,1,1,1,1,0,1,0,0,0,0,0,1,0,0,1;                   487P    667
126,1,1,1,0,1,0,0,0,1,1,1,1,1,1,0,0,1,0,0,1,0,0,1;                   489P    668
126,1,1,1,0,1,0,0,0,1,1,1,1,1,0,0,1,1,0,0,1,0,0,1;                   491P    669
508,4,0,243,15,0,1,0,485,0,243,54,0,1,0,487,0,243,58,0,1,0,489,      493P    670
0,243,38,0,1,0,491;                                                  493P    671
510,483,1,1,493;                                                     495P    672
110,-675,75,-225,-674,75,-225;                                       497P    673
110,525,75,-250,675,75,-250;                                         499P    674
120,497,499,0,6.28318530717959;                                      501P    675
126,1,1,1,0,1,0,0,0,1,1,1,1,0,3.14159265358979,0,1,                  503P    676
3.14159265358979,0,0,1,0,0,1;                                        503P    677
126,1,1,1,0,1,0,0,0,1,1,1,1,0,0,0,0,3.14159265358979,0,0,1,0,0,      505P    678
1;                                                                   505P    679
126,1,1,1,0,1,0,0,0,1,1,1,1,0,0,0,1,0,0,0,1,0,0,1;                   507P    680
126,1,1,1,0,1,0,0,0,1,1,1,1,1,0,0,1,3.14159265358979,0,0,1,0,0,      509P    681
1;                                                                   509P    682
508,4,0,243,59,0,1,0,503,0,243,44,0,1,0,505,0,243,60,1,1,0,507,      511P    683
0,243,24,1,1,0,509;                                                  511P    684
510,501,1,1,511;                                                     513P    685
128,1,1,1,1,0,0,1,0,0,0,0,1,1,0,0,1,1,1,1,1,1,673,148,               515P    686
167.233687939614,673,2,167.233687939614,673,148,-300,673,2,-300,     515P    687
0,1,0,1;                                                             515P    688
126,1,1,1,0,1,0,0,0,1,1,1,1,1,0,0,0,0,0,0,1,0,0,1;                   517P    689
126,1,1,1,0,1,0,0,0,1,1,1,1,0,0,0,0,1,0,0,1,0,0,1;                   519P    690
126,1,1,1,0,1,0,0,0,1,1,1,1,0,1,0,1,1,0,0,1,0,0,1;                   521P    691
126,1,1,1,0,1,0,0,0,1,1,1,1,1,0,0,1,1,0,0,1,0,0,1;                   523P    692
508,4,0,243,61,1,1,0,517,0,243,62,1,1,0,519,0,243,25,1,1,0,521,      525P    693
0,243,63,0,1,0,523;                                                  525P    694
126,28,3,1,0,1,0,0,0,0,0,0.0384615384615385,0.0769230769230769,      527P    695
0.115384615384615,0.153846153846154,0.192307692307692,               527P    696
0.230769230769231,0.269230769230769,0.307692307692308,               527P    697
0.346153846153846,0.384615384615385,0.423076923076923,               527P    698
0.461538461538461,0.5,0.538461538461538,0.576923076923077,           527P    699
0.615384615384615,0.653846153846154,0.692307692307692,               527P    700
0.73076923076923,0.769230769230769,0.807692307692307,                527P    701
0.846153846153846,0.884615384615384,0.923076923076923,               527P    702
0.961538461538461,1,1,1,1,1,1,1,1,1,1,1,1,1,1,1,1,1,1,1,1,1,1,1,     527P    703
1,1,1,1,1,1,1,1,1,1,0.5,0.946493584162898,0,0.486206565447884,       527P    704
0.946493584162898,0,0.458619753026476,0.945972154206504,0,           527P    705
0.417842906121828,0.943637124837114,0,0.378264106826846,             527P    706
0.93978326101916,0,0.340460487716263,0.934466760765252,0,            527P    707
0.304983314820904,0.92776515062081,0,0.272349924100484,              527P    708
0.919776155152449,0,0.243036184172786,0.910616271903751,0,           527P    709
0.217469555295148,0.900419072598742,0,0.196022856508969,             527P    710
0.889333255365382,0,0.179008828970597,0.87752047638202,0,            527P    711
0.166675575515325,0.865152992566294,0,0.159202942750189,             527P    712
0.852411149681387,0,0.156699898487919,0.839480752488692,0,           527P    713
0.159202942750189,0.826550355295997,0,0.166675575515325,             527P    714
0.81380851241109,0,0.179008828970597,0.801441028595365,0,            527P    715
0.196022856508969,0.789628249612003,0,0.217469555295148,             527P    716
0.778542432378643,0,0.243036184172786,0.768345233073634,0,           527P    717
0.272349924100483,0.759185349824935,0,0.304983314820904,             527P    718
0.751196354356575,0,0.340460487716263,0.744494744212132,0,           527P    719
0.378264106826845,0.739178243958225,0,0.417842906121828,             527P    720
0.735324380140271,0,0.458619753026476,0.732989350770881,0,           527P    721
0.486206565447884,0.732467920814487,0,0.5,0.732467920814487,0,0,     527P    722
1,0,0,1;                                                             527P    723
126,28,3,1,0,1,0,0,0,0,0,0.0384615384615385,0.0769230769230769,      529P    724
0.115384615384615,0.153846153846154,0.192307692307692,               529P    725
0.230769230769231,0.269230769230769,0.307692307692308,               529P    726
0.346153846153846,0.384615384615385,0.423076923076923,               529P    727
0.461538461538461,0.5,0.538461538461538,0.576923076923077,           529P    728
0.615384615384615,0.653846153846154,0.692307692307692,               529P    729
0.73076923076923,0.769230769230769,0.807692307692307,                529P    730
0.846153846153846,0.884615384615384,0.923076923076923,               529P    731
0.961538461538461,1,1,1,1,1,1,1,1,1,1,1,1,1,1,1,1,1,1,1,1,1,1,1,     529P    732
1,1,1,1,1,1,1,1,1,1,0.5,0.732467920814487,0,0.513793434552115,       529P    733
0.732467920814487,0,0.541380246973523,0.732989350770881,0,           529P    734
0.582157093878172,0.735324380140271,0,0.621735893173154,             529P    735
0.739178243958224,0,0.659539512283736,0.744494744212132,0,           529P    736
0.695016685179095,0.751196354356575,0,0.727650075899516,             529P    737
0.759185349824935,0,0.756963815827213,0.768345233073633,0,           529P    738
0.782530444704852,0.778542432378642,0,0.80397714349103,              529P    739
0.789628249612003,0,0.820991171029403,0.801441028595365,0,           529P    740
0.833324424484675,0.81380851241109,0,0.840797057249812,              529P    741
0.826550355295998,0,0.84330010151208,0.839480752488692,0,            529P    742
0.840797057249812,0.852411149681387,0,0.833324424484675,             529P    743
0.865152992566294,0,0.820991171029403,0.87752047638202,0,            529P    744
0.803977143491031,0.889333255365382,0,0.782530444704852,             529P    745
0.900419072598742,0,0.756963815827214,0.910616271903751,0,           529P    746
0.727650075899516,0.919776155152449,0,0.695016685179096,             529P    747
0.92776515062081,0,0.659539512283737,0.934466760765252,0,            529P    748
0.621735893173155,0.93978326101916,0,0.582157093878172,              529P    749
0.943637124837114,0,0.541380246973524,0.945972154206504,0,           529P    750
0.513793434552116,0.946493584162898,0,0.5,0.946493584162898,0,0,     529P    751
1,0,0,1;                                                             529P    752
508,2,0,243,64,1,1,0,527,0,243,65,1,1,0,529;                         531P    753
510,515,2,1,525,531;                                                 533P    754
128,1,1,1,1,0,0,1,0,0,0,0,1,1,0,0,1,1,1,1,1,1,-775,148,298,673,      535P    755
148,298,-775,148,-300,673,148,-300,0,1,0,1;                          535P    756
126,1,1,1,0,1,0,0,0,1,1,1,1,0,0.244147157190636,0,                   537P    757
0.899171270718232,0.244147157190636,0,0,1,0,0,1;                     537P    758
126,1,1,1,0,1,0,0,0,1,1,1,1,0.899171270718232,0.244147157190636,     539P    759
0,0.899171270718232,1,0,0,1,0,0,1;                                   539P    760
126,1,1,1,0,1,0,0,0,1,1,1,1,0.899171270718232,1,0,1,1,0,0,1,0,0,     541P    761
1;                                                                   541P    762
126,1,1,1,0,1,0,0,0,1,1,1,1,1,0.218672762642787,0,1,1,0,0,1,0,0,     543P    763
1;                                                                   543P    764
126,14,3,1,0,1,0,0,0,0,0,0.0833333333333333,0.166666666666667,       545P    765
0.25,0.333333333333333,0.416666666666667,0.5,0.583333333333333,      545P    766
0.666666666666667,0.75,0.833333333333333,0.916666666666667,1,1,      545P    767
1,1,1,1,1,1,1,1,1,1,1,1,1,1,1,1,1,1,0.218672762642786,0,             545P    768
0.999557337822228,0.209467773408658,0,0.998247404564878,             545P    769
0.191177544542004,0,0.995033110512295,0.164442560405074,0,           545P    770
0.99060939997493,0.138740467743662,0,0.985031290503115,              545P    771
0.114390917282332,0,0.978368157420316,0.0916967476126286,0,          545P    772
0.970702870426193,0.0709402067272125,0,0.96213076307158,             545P    773
0.0523794449086664,0,0.952758447144452,0.036245303263361,0,          545P    774
0.942702486387631,0.0227384428700684,0,0.932087948120004,            545P    775
0.0120268494618667,0,0.921046842792736,0.00424374279273735,0,        545P    776
0.913493281423773,0.00107186426992214,0,0.90969177343896,0,0,0,      545P    777
1,0,0,1;                                                             545P    778
126,1,1,1,0,1,0,0,0,1,1,1,1,0.909691773438942,0,0,0,0,0,0,1,0,0,     547P    779
1;                                                                   547P    780
126,1,1,1,0,1,0,0,0,1,1,1,1,0,0.244147157190636,0,0,0,0,0,1,0,0,     549P    781
1;                                                                   549P    782
508,7,0,243,66,1,1,0,537,0,243,67,1,1,0,539,0,243,26,1,1,0,541,      551P    783
0,243,62,0,1,0,543,0,243,68,1,1,0,545,0,243,69,1,1,0,547,0,243,      551P    784
49,0,1,0,549;                                                        551P    785
126,28,3,1,0,1,0,0,0,0,0,0.0384615384615385,0.0769230769230769,      553P    786
0.115384615384615,0.153846153846154,0.192307692307692,               553P    787
0.230769230769231,0.269230769230769,0.307692307692308,               553P    788
0.346153846153846,0.384615384615385,0.423076923076923,               553P    789
0.461538461538461,0.5,0.538461538461538,0.576923076923077,           553P    790
0.615384615384615,0.653846153846154,0.692307692307692,               553P    791
0.73076923076923,0.769230769230769,0.807692307692307,                553P    792
0.846153846153846,0.884615384615384,0.923076923076923,               553P    793
0.961538461538461,1,1,1,1,1,1,1,1,1,1,1,1,1,1,1,1,1,1,1,1,1,1,1,     553P    794
1,1,1,1,1,1,1,1,1,1,0.949585635359116,0.642140468227425,0,           553P    795
0.949279664973885,0.642140468227425,0,0.948667725460781,             553P    796
0.642050838593418,0,0.947763200376128,0.641649465743224,0,           553P    797
0.946885250767457,0.640987017413817,0,0.94604667877448,              553P    798
0.640073153593542,0,0.945259712756939,0.638921200474742,0,           553P    799
0.94453582842687,0.63754795612786,0,0.94388558165444,                553P    800
0.635973445547752,0,0.943318454500055,0.634220628644164,0,           553P    801
0.942842716955158,0.63231506543455,0,0.942465306344292,              553P    802
0.630284543321463,0,0.942191726164055,0.628158671889646,0,           553P    803
0.942025965829514,0.625968451131623,0,0.941970442499608,             553P    804
0.623745819397993,0,0.942025965829514,0.621523187664363,0,           553P    805
0.942191726164056,0.61933296690634,0,0.942465306344292,              553P    806
0.617207095474524,0,0.942842716955158,0.615176573361436,0,           553P    807
0.943318454500055,0.613271010151823,0,0.94388558165444,              553P    808
0.611518193248235,0,0.94453582842687,0.609943682668127,0,            553P    809
0.945259712756939,0.608570438321245,0,0.94604667877448,              553P    810
0.607418485202444,0,0.946885250767457,0.60650462138217,0,            553P    811
0.947763200376128,0.605842173052762,0,0.948667725460781,             553P    812
0.605440800202569,0,0.949279664973885,0.605351170568562,0,           553P    813
0.949585635359116,0.605351170568562,0,0,1,0,0,1;                     553P    814
126,28,3,1,0,1,0,0,0,0,0,0.0384615384615385,0.0769230769230769,      555P    815
0.115384615384615,0.153846153846154,0.192307692307692,               555P    816
0.230769230769231,0.269230769230769,0.307692307692308,               555P    817
0.346153846153846,0.384615384615385,0.423076923076923,               555P    818
0.461538461538461,0.5,0.538461538461538,0.576923076923077,           555P    819
0.615384615384615,0.653846153846154,0.692307692307692,               555P    820
0.73076923076923,0.769230769230769,0.807692307692307,                555P    821
0.846153846153846,0.884615384615384,0.923076923076923,               555P    822
0.961538461538461,1,1,1,1,1,1,1,1,1,1,1,1,1,1,1,1,1,1,1,1,1,1,1,     555P    823
1,1,1,1,1,1,1,1,1,1,0.949585635359116,0.605351170568562,0,           555P    824
0.949891605744347,0.605351170568562,0,0.950503545257451,             555P    825
0.605440800202569,0,0.951408070342104,0.605842173052762,0,           555P    826
0.952286019950775,0.606504621382169,0,0.953124591943752,             555P    827
0.607418485202444,0,0.953911557961293,0.608570438321245,0,           555P    828
0.954635442291362,0.609943682668126,0,0.955285689063792,             555P    829
0.611518193248235,0,0.955852816218177,0.613271010151823,0,           555P    830
0.956328553763074,0.615176573361436,0,0.956705964373939,             555P    831
0.617207095474524,0,0.956979544554177,0.61933296690634,0,            555P    832
0.957145304888718,0.621523187664363,0,0.957200828218624,             555P    833
0.623745819397993,0,0.957145304888718,0.625968451131623,0,           555P    834
0.956979544554177,0.628158671889646,0,0.956705964373939,             555P    835
0.630284543321462,0,0.956328553763074,0.63231506543455,0,            555P    836
0.955852816218177,0.634220628644164,0,0.955285689063792,             555P    837
0.635973445547752,0,0.954635442291362,0.63754795612786,0,            555P    838
0.953911557961293,0.638921200474742,0,0.953124591943753,             555P    839
0.640073153593543,0,0.952286019950775,0.640987017413817,0,           555P    840
0.951408070342104,0.641649465743224,0,0.950503545257451,             555P    841
0.642050838593418,0,0.949891605744347,0.642140468227425,0,           555P    842
0.949585635359116,0.642140468227425,0,0,1,0,0,1;                     555P    843
508,2,0,243,70,1,1,0,553,0,243,71,1,1,0,555;                         557P    844
510,535,2,1,551,557;                                                 559P    845
128,1,1,1,1,0,0,1,0,0,0,0,1,1,0,0,1,1,1,1,1,1,527,148,-300,527,      561P    846
148,152,527,100,-300,527,100,152,0,1,0,1;                            561P    847
126,20,3,1,0,1,0,0,0,0,0,0.0555555555555556,0.111111111111111,       563P    848
0.166666666666667,0.222222222222222,0.277777777777778,               563P    849
0.333333333333333,0.388888888888889,0.444444444444444,0.5,           563P    850
0.555555555555556,0.611111111111111,0.666666666666667,               563P    851
0.722222222222222,0.777777777777778,0.833333333333334,               563P    852
0.888888888888889,0.944444444444445,1,1,1,1,1,1,1,1,1,1,1,1,1,1,     563P    853
1,1,1,1,1,1,1,1,1,1,1,0.070129933209686,1,0,0.0722751264889317,      563P    854
0.965011586338074,0,0.0769983212463147,0.897387978682267,0,          563P    855
0.0852857570847813,0.804383496962539,0,0.0946637555651915,           563P    856
0.721067796787991,0,0.105005497411174,0.648567546391879,0,           563P    857
0.116171127751966,0.587863196313635,0,0.128009650739946,             563P    858
0.53977566633225,0,0.14036097062077,0.504955258445431,0,             563P    859
0.15305805699217,0.48387285876212,0,0.165929203539823,               563P    860
0.476813570618938,0,0.178800350087476,0.48387285876212,0,            563P    861
0.191497436458877,0.504955258445431,0,0.2038487563397,               563P    862
0.53977566633225,0,0.21568727932768,0.587863196313635,0,             563P    863
0.226852909668472,0.64856754639188,0,0.237194651514455,              563P    864
0.721067796787992,0,0.246572649994865,0.804383496962539,0,           563P    865
0.254860085833331,0.897387978682268,0,0.259583280590715,             563P    866
0.965011586338075,0,0.26172847386996,1,0,0,1,0,0,1;                  563P    867
126,1,1,1,0,1,0,0,0,1,1,1,1,0,1,0,0.070129933209686,1,0,0,1,0,0,     565P    868
1;                                                                   565P    869
126,1,1,1,0,1,0,0,0,1,1,1,1,0,0,0,0,1,0,0,1,0,0,1;                   567P    870
126,1,1,1,0,1,0,0,0,1,1,1,1,1,0,0,0,0,0,0,1,0,0,1;                   569P    871
126,1,1,1,0,1,0,0,0,1,1,1,1,1,0,0,1,1,0,0,1,0,0,1;                   571P    872
126,1,1,1,0,1,0,0,0,1,1,1,1,0.26172847386996,1,0,1,1,0,0,1,0,0,      573P    873
1;                                                                   573P    874
508,6,0,243,72,0,1,0,563,0,243,73,0,1,0,565,0,243,27,0,1,0,567,      575P    875
0,243,67,0,1,0,569,0,243,74,1,1,0,571,0,243,75,0,1,0,573;            575P    876
510,561,1,1,575;                                                     577P    877
128,1,1,1,1,0,0,1,0,0,0,0,1,1,0,0,1,1,1,1,1,1,527,100,-300,527,      579P    878
100,-268.301270189222,525,100,-300,525,100,-268.301270189222,0,      579P    879
1,0,1;                                                               579P    880
126,1,1,1,0,1,0,0,0,1,1,1,1,1,1,0,0.999999999999998,0,0,0,1,0,0,     581P    881
1;                                                                   581P    882
126,1,1,1,0,1,0,0,0,1,1,1,1,0.999999999999996,1,0,0,1,0,0,1,0,0,     583P    883
1;                                                                   583P    884
126,1,1,1,0,1,0,0,0,1,1,1,1,0,1,0,0,0,0,0,1,0,0,1;                   585P    885
126,1,1,1,0,1,0,0,0,1,1,1,1,0,0,0,0.999999999999998,0,0,0,1,0,0,     587P    886
1;                                                                   587P    887
508,4,0,243,76,0,1,0,581,0,243,34,1,1,0,583,0,243,28,1,1,0,585,      589P    888
0,243,73,1,1,0,587;                                                  589P    889
510,579,1,1,589;                                                     591P    890
128,1,1,1,1,0,0,1,0,0,0,0,1,1,0,0,1,1,1,1,1,1,527,50,-300,525,       593P    891
50,-300,527,50,-268.301270189222,525,50,-268.301270189222,0,1,0,     593P    892
1;                                                                   593P    893
126,1,1,1,0,1,0,0,0,1,1,1,1,1,0.999999999999998,0,0,                 595P    894
0.999999999999996,0,0,1,0,0,1;                                       595P    895
126,1,1,1,0,1,0,0,0,1,1,1,1,0,0.999999999999998,0,0,0,0,0,1,0,0,     597P    896
1;                                                                   597P    897
126,1,1,1,0,1,0,0,0,1,1,1,1,0,0,0,1,0,0,0,1,0,0,1;                   599P    898
126,1,1,1,0,1,0,0,0,1,1,1,1,1,0,0,1,1,0,0,1,0,0,1;                   601P    899
508,4,0,243,77,1,1,0,595,0,243,78,1,1,0,597,0,243,31,1,1,0,599,      603P    900
0,243,37,1,1,0,601;                                                  603P    901
510,593,1,1,603;                                                     605P    902
128,1,1,1,1,0,0,1,0,0,0,0,1,1,0,0,1,1,1,1,1,1,527,                   607P    903
2.00000000000003,152,527,2.00000000000003,-300,527,50,152,527,       607P    904
50,-300,0,1,0,1;                                                     607P    905
126,20,3,1,0,1,0,0,0,0,0,0.0555555555555555,0.111111111111111,       609P    906
0.166666666666667,0.222222222222222,0.277777777777778,               609P    907
0.333333333333333,0.388888888888889,0.444444444444445,0.5,           609P    908
0.555555555555556,0.611111111111111,0.666666666666667,               609P    909
0.722222222222222,0.777777777777778,0.833333333333334,               609P    910
0.888888888888889,0.944444444444445,1,1,1,1,1,1,1,1,1,1,1,1,1,1,     609P    911
1,1,1,1,1,1,1,1,1,1,1,0.73827152613004,1,0,0.740416719409285,        609P    912
0.965011586338074,0,0.745139914166669,0.897387978682267,0,           609P    913
0.753427350005135,0.804383496962539,0,0.762805348485545,             609P    914
0.721067796787993,0,0.773147090331528,0.64856754639188,0,            609P    915
0.78431272067232,0.587863196313636,0,0.7961512436603,                609P    916
0.539775666332251,0,0.808502563541123,0.504955258445432,0,           609P    917
0.821199649912524,0.483872858762121,0,0.834070796460177,             609P    918
0.47681357061894,0,0.84694194300783,0.483872858762122,0,             609P    919
0.85963902937923,0.504955258445432,0,0.871990349260054,              609P    920
0.539775666332252,0,0.883828872248033,0.587863196313636,0,           609P    921
0.894994502588826,0.64856754639188,0,0.905336244434809,              609P    922
0.721067796787992,0,0.914714242915219,0.80438349696254,0,            609P    923
0.923001678753685,0.897387978682267,0,0.927724873511068,             609P    924
0.965011586338074,0,0.929870066790314,1,0,0,1,0,0,1;                 609P    925
126,1,1,1,0,1,0,0,0,1,1,1,1,0,1,0,0.73827152613004,1,0,0,1,0,0,      611P    926
1;                                                                   611P    927
126,1,1,1,0,1,0,0,0,1,1,1,1,0,0,0,0,1,0,0,1,0,0,1;                   613P    928
126,1,1,1,0,1,0,0,0,1,1,1,1,1,0,0,0,0,0,0,1,0,0,1;                   615P    929
126,1,1,1,0,1,0,0,0,1,1,1,1,1,0,0,1,1,0,0,1,0,0,1;                   617P    930
126,1,1,1,0,1,0,0,0,1,1,1,1,0.929870066790314,1,0,1,1,0,0,1,0,0,     619P    931
1;                                                                   619P    932
508,6,0,243,79,0,1,0,609,0,243,80,0,1,0,611,0,243,81,0,1,0,613,      621P    933
0,243,82,0,1,0,615,0,243,32,1,1,0,617,0,243,78,0,1,0,619;            621P    934
510,607,1,1,621;                                                     623P    935
128,1,1,1,1,0,0,1,0,0,0,0,1,1,0,0,1,1,1,1,1,1,673,                   625P    936
2.00000000000003,298,-775,2.00000000000003,298,673,                  625P    937
2.00000000000003,-300,-775,2.00000000000003,-300,0,1,0,1;            625P    938
126,1,1,1,0,1,0,0,0,1,1,1,1,0.100828729281768,0.244147157190636,     627P    939
0,1,0.244147157190636,0,0,1,0,0,1;                                   627P    940
126,1,1,1,0,1,0,0,0,1,1,1,1,1,0,0,1,0.244147157190636,0,0,1,0,0,     629P    941
1;                                                                   629P    942
126,1,1,1,0,1,0,0,0,1,1,1,1,0.0903082265610578,0,0,1,0,0,0,1,0,      631P    943
0,1;                                                                 631P    944
126,14,3,1,0,1,0,0,0,0,0,0.0833333333333333,0.166666666666667,       633P    945
0.25,0.333333333333333,0.416666666666667,0.5,0.583333333333333,      633P    946
0.666666666666667,0.75,0.833333333333333,0.916666666666667,1,1,      633P    947
1,1,1,1,1,1,1,1,1,1,1,1,1,1,1,1,1,0,0.218672762642786,0,             633P    948
0.000442662177771711,0.209467773408657,0,0.00175259543512219,        633P    949
0.191177544542003,0,0.00496688948770462,0.164442560405073,0,         633P    950
0.00939060002506972,0.138740467743662,0,0.0149687094968853,          633P    951
0.114390917282331,0,0.0216318425796841,0.0916967476126284,0,         633P    952
0.0292971295738074,0.0709402067272124,0,0.0378692369284199,          633P    953
0.0523794449086663,0,0.0472415528555486,0.0362453032633608,0,        633P    954
0.0572975136123689,0.0227384428700683,0,0.0679120518799959,          633P    955
0.0120268494618667,0,0.078953157207264,0.00424374279273726,0,        633P    956
0.0865067185762275,0.00107186426992211,0,0.0903082265610401,0,0,     633P    957
0,1,0,0,1;                                                           633P    958
126,1,1,1,0,1,0,0,0,1,1,1,1,0,0.218672762642787,0,0,1,0,0,1,0,0,     635P    959
1;                                                                   635P    960
126,1,1,1,0,1,0,0,0,1,1,1,1,0,1,0,0.100828729281768,1,0,0,1,0,0,     637P    961
1;                                                                   637P    962
126,1,1,1,0,1,0,0,0,1,1,1,1,0.100828729281768,1,0,                   639P    963
0.100828729281768,0.244147157190636,0,0,1,0,0,1;                     639P    964
508,7,0,243,83,1,1,0,627,0,243,51,0,1,0,629,0,243,84,0,1,0,631,      641P    965
0,243,85,0,1,0,633,0,243,63,1,1,0,635,0,243,33,1,1,0,637,0,243,      641P    966
82,1,1,0,639;                                                        641P    967
126,28,3,1,0,1,0,0,0,0,0,0.0384615384615385,0.0769230769230769,      643P    968
0.115384615384615,0.153846153846154,0.192307692307692,               643P    969
0.230769230769231,0.269230769230769,0.307692307692308,               643P    970
0.346153846153846,0.384615384615385,0.423076923076923,               643P    971
0.461538461538461,0.5,0.538461538461538,0.576923076923077,           643P    972
0.615384615384615,0.653846153846154,0.692307692307692,               643P    973
0.73076923076923,0.769230769230769,0.807692307692307,                643P    974
0.846153846153846,0.884615384615384,0.923076923076923,               643P    975
0.961538461538461,1,1,1,1,1,1,1,1,1,1,1,1,1,1,1,1,1,1,1,1,1,1,1,     643P    976
1,1,1,1,1,1,1,1,1,1,0.050414364640884,0.605351170568562,0,           643P    977
0.0501083942556533,0.605351170568562,0,0.0494964547425486,           643P    978
0.605440800202569,0,0.0485919296578958,0.605842173052762,0,          643P    979
0.0477139800492253,0.606504621382169,0,0.0468754080562475,           643P    980
0.607418485202444,0,0.0460884420387068,0.608570438321245,0,          643P    981
0.0453645577086378,0.609943682668126,0,0.0447143109362085,           643P    982
0.611518193248235,0,0.0441471837818233,0.613271010151823,0,          643P    983
0.0436714462369255,0.615176573361436,0,0.0432940356260605,           643P    984
0.617207095474524,0,0.0430204554458234,0.61933296690634,0,           643P    985
0.0428546951112818,0.621523187664363,0,0.0427991717813757,           643P    986
0.623745819397993,0,0.0428546951112818,0.625968451131623,0,          643P    987
0.0430204554458234,0.628158671889646,0,0.0432940356260605,           643P    988
0.630284543321462,0,0.0436714462369255,0.63231506543455,0,           643P    989
0.0441471837818233,0.634220628644164,0,0.0447143109362085,           643P    990
0.635973445547752,0,0.0453645577086378,0.63754795612786,0,           643P    991
0.0460884420387068,0.638921200474742,0,0.0468754080562475,           643P    992
0.640073153593543,0,0.0477139800492253,0.640987017413817,0,          643P    993
0.0485919296578958,0.641649465743224,0,0.0494964547425486,           643P    994
0.642050838593418,0,0.0501083942556533,0.642140468227425,0,          643P    995
0.050414364640884,0.642140468227425,0,0,1,0,0,1;                     643P    996
126,28,3,1,0,1,0,0,0,0,0,0.0384615384615385,0.0769230769230769,      645P    997
0.115384615384615,0.153846153846154,0.192307692307692,               645P    998
0.230769230769231,0.269230769230769,0.307692307692308,               645P    999
0.346153846153846,0.384615384615385,0.423076923076923,               645P   1000
0.461538461538461,0.5,0.538461538461538,0.576923076923077,           645P   1001
0.615384615384615,0.653846153846154,0.692307692307692,               645P   1002
0.73076923076923,0.769230769230769,0.807692307692307,                645P   1003
0.846153846153846,0.884615384615384,0.923076923076923,               645P   1004
0.961538461538461,1,1,1,1,1,1,1,1,1,1,1,1,1,1,1,1,1,1,1,1,1,1,1,     645P   1005
1,1,1,1,1,1,1,1,1,1,0.050414364640884,0.642140468227425,0,           645P   1006
0.0507203350261146,0.642140468227425,0,0.0513322745392193,           645P   1007
0.642050838593418,0,0.0522367996238722,0.641649465743224,0,          645P   1008
0.0531147492325426,0.640987017413817,0,0.0539533212255204,           645P   1009
0.640073153593542,0,0.0547402872430612,0.638921200474742,0,          645P   1010
0.0554641715731301,0.63754795612786,0,0.0561144183455594,            645P   1011
0.635973445547752,0,0.0566815454999446,0.634220628644164,0,          645P   1012
0.0571572830448425,0.63231506543455,0,0.0575346936557075,            645P   1013
0.630284543321463,0,0.0578082738359446,0.628158671889646,0,          645P   1014
0.0579740341704861,0.625968451131623,0,0.0580295575003923,           645P   1015
0.623745819397993,0,0.0579740341704861,0.621523187664363,0,          645P   1016
0.0578082738359446,0.61933296690634,0,0.0575346936557075,            645P   1017
0.617207095474524,0,0.0571572830448425,0.615176573361436,0,          645P   1018
0.0566815454999446,0.613271010151823,0,0.0561144183455595,           645P   1019
0.611518193248235,0,0.0554641715731302,0.609943682668127,0,          645P   1020
0.0547402872430612,0.608570438321245,0,0.0539533212255205,           645P   1021
0.607418485202444,0,0.0531147492325426,0.60650462138217,0,           645P   1022
0.0522367996238722,0.605842173052762,0,0.0513322745392193,           645P   1023
0.605440800202569,0,0.0507203350261146,0.605351170568562,0,          645P   1024
0.050414364640884,0.605351170568562,0,0,1,0,0,1;                     645P   1025
508,2,0,243,86,0,1,0,643,0,243,87,0,1,0,645;                         647P   1026
510,625,2,1,641,647;                                                 649P   1027
110,525,75,-225,526,75,-225;                                         651P   1028
110,525,75,-275,673,75,-275;                                         653P   1029
120,651,653,0,6.28318530717959;                                      655P   1030
126,1,1,1,0,1,0,0,0,1,1,1,1,1,0,0,1,3.14159265358979,0,0,1,0,0,      657P   1031
1;                                                                   657P   1032
126,1,1,1,0,1,0,0,0,1,1,1,1,0,0,0,1,0,0,0,1,0,0,1;                   659P   1033
126,1,1,1,0,1,0,0,0,1,1,1,1,0,0,0,0,0.523598775598297,0,0,1,0,0,     661P   1034
1;                                                                   661P   1035
126,1,1,1,0,1,0,0,0,1,1,1,1,0,0.523598775598297,0,                   663P   1036
0.0135135135135135,0.523598775598297,0,0,1,0,0,1;                    663P   1037
126,1,1,1,0,1,0,0,0,1,1,1,1,0.0135135135135135,                      665P   1038
0.523598775598298,0,0.0135135135135135,2.6179938779915,0,0,1,0,      665P   1039
0,1;                                                                 665P   1040
126,1,1,1,0,1,0,0,0,1,1,1,1,0,2.61799387799151,0,                    667P   1041
0.0135135135135135,2.61799387799151,0,0,1,0,0,1;                     667P   1042
126,1,1,1,0,1,0,0,0,1,1,1,1,0,2.61799387799151,0,0,                  669P   1043
3.14159265358979,0,0,1,0,0,1;                                        669P   1044
126,1,1,1,0,1,0,0,0,1,1,1,1,0,3.14159265358979,0,1,                  671P   1045
3.14159265358979,0,0,1,0,0,1;                                        671P   1046
508,8,0,243,64,0,1,0,657,0,243,88,0,1,0,659,0,243,35,1,1,0,661,      673P   1047
0,243,76,1,1,0,663,0,243,72,1,1,0,665,0,243,89,0,1,0,667,0,243,      673P   1048
41,1,1,0,669,0,243,90,1,1,0,671;                                     673P   1049
510,655,1,1,673;                                                     675P   1050
128,1,1,1,1,0,0,1,0,0,0,0,1,1,0,0,1,1,1,1,1,1,527,50,                677P   1051
-181.698729810778,-775,50,-181.698729810778,527,50,152,-775,50,      677P   1052
152,0,1,0,1;                                                         677P   1053
126,1,1,1,0,1,0,0,0,1,1,1,1,0.00153609831029189,0,0,0,0,0,0,1,0,     679P   1054
0,1;                                                                 679P   1055
126,1,1,1,0,1,0,0,0,1,1,1,1,0.00153609831029189,0,0,                 681P   1056
0.00153609831029189,0.994006569934702,0,0,1,0,0,1;                   681P   1057
126,1,1,1,0,1,0,0,0,1,1,1,1,0.00153609831029189,                     683P   1058
0.994006569934701,0,1,0.994006569934701,0,0,1,0,0,1;                 683P   1059
126,1,1,1,0,1,0,0,0,1,1,1,1,1,1,0,1,0.994006569934701,0,0,1,0,0,     685P   1060
1;                                                                   685P   1061
126,1,1,1,0,1,0,0,0,1,1,1,1,1,1,0,0,1,0,0,1,0,0,1;                   687P   1062
126,1,1,1,0,1,0,0,0,1,1,1,1,0,1,0,0,0,0,0,1,0,0,1;                   689P   1063
508,6,0,243,91,0,1,0,679,0,243,39,1,1,0,681,0,243,58,1,1,0,683,      691P   1064
0,243,53,0,1,0,685,0,243,92,1,1,0,687,0,243,80,1,1,0,689;            691P   1065
510,677,1,1,691;                                                     693P   1066
128,1,1,1,1,0,0,1,0,0,0,0,1,1,0,0,1,1,1,1,1,1,527,100,               695P   1067
-181.698729810778,527,100,152,-775,99.9999999999997,                 695P   1068
-181.698729810778,-775,99.9999999999997,152,0,1,0,1;                 695P   1069
126,1,1,1,0,1,0,0,0,1,1,1,1,0,0.00153609831029189,0,0,0,0,0,1,0,     697P   1070
0,1;                                                                 697P   1071
126,1,1,1,0,1,0,0,0,1,1,1,1,0,0,0,1,0,0,0,1,0,0,1;                   699P   1072
126,1,1,1,0,1,0,0,0,1,1,1,1,1,0,0,1,1,0,0,1,0,0,1;                   701P   1073
126,1,1,1,0,1,0,0,0,1,1,1,1,0.994006569934701,1,0,1,1,0,0,1,0,0,     703P   1074
1;                                                                   703P   1075
126,1,1,1,0,1,0,0,0,1,1,1,1,0.994006569934701,1,0,                   705P   1076
0.994006569934701,0.00153609831029189,0,0,1,0,0,1;                   705P   1077
126,1,1,1,0,1,0,0,0,1,1,1,1,0.994006569934701,                       707P   1078
0.00153609831029189,0,0,0.00153609831029189,0,0,1,0,0,1;             707P   1079
508,6,0,243,89,1,1,0,697,0,243,75,1,1,0,699,0,243,93,1,1,0,701,      709P   1080
0,243,56,0,1,0,703,0,243,46,1,1,0,705,0,243,42,1,1,0,707;            709P   1081
510,695,1,1,709;                                                     711P   1082
128,1,1,1,1,0,0,1,0,0,0,0,1,1,0,0,1,1,1,1,1,1,527,148,152,-775,      713P   1083
148,152,527,100,152,-775,99.9999999999997,152,0,1,0,1;               713P   1084
126,1,1,1,0,1,0,0,0,1,1,1,1,1,0,0,0,0,0,0,1,0,0,1;                   715P   1085
126,1,1,1,0,1,0,0,0,1,1,1,1,1,0.999999999999999,0,1,0,0,0,1,0,0,     717P   1086
1;                                                                   717P   1087
126,1,1,1,0,1,0,0,0,1,1,1,1,0,1,0,1,0.999999999999999,0,0,1,0,0,     719P   1088
1;                                                                   719P   1089
126,1,1,1,0,1,0,0,0,1,1,1,1,0,0,0,0,1,0,0,1,0,0,1;                   721P   1090
508,4,0,243,66,0,1,0,715,0,243,48,0,1,0,717,0,243,93,0,1,0,719,      723P   1091
0,243,74,0,1,0,721;                                                  723P   1092
510,713,1,1,723;                                                     725P   1093
128,1,1,1,1,0,0,1,0,0,0,0,1,1,0,0,1,1,1,1,1,1,542.233687939588,      727P   1094
2,298,-775,2,298,542.233687939588,148,298,-775,148,298,0,1,0,1;      727P   1095
126,1,1,1,0,1,0,0,0,1,1,1,1,0,0,0,0,1,0,0,1,0,0,1;                   729P   1096
126,1,1,1,0,1,0,0,0,1,1,1,1,0,0,0,1,0,0,0,1,0,0,1;                   731P   1097
126,1,1,1,0,1,0,0,0,1,1,1,1,1,1,0,1,0,0,0,1,0,0,1;                   733P   1098
126,1,1,1,0,1,0,0,0,1,1,1,1,0,1,0,1,1,0,0,1,0,0,1;                   735P   1099
508,4,0,243,94,0,1,0,729,0,243,84,1,1,0,731,0,243,50,0,1,0,733,      737P   1100
0,243,69,0,1,0,735;                                                  737P   1101
510,727,1,1,737;                                                     739P   1102
128,1,1,1,1,0,0,1,0,0,0,0,1,1,0,0,1,1,1,1,1,1,-775,                  741P   1103
2.00000000000003,152,527,2.00000000000003,152,-775,50,152,527,       741P   1104
50,152,0,1,0,1;                                                      741P   1105
126,1,1,1,0,1,0,0,0,1,1,1,1,1,0,0,0,0,0,0,1,0,0,1;                   743P   1106
126,1,1,1,0,1,0,0,0,1,1,1,1,1,0,0,1,1,0,0,1,0,0,1;                   745P   1107
126,1,1,1,0,1,0,0,0,1,1,1,1,0,1,0,1,1,0,0,1,0,0,1;                   747P   1108
126,1,1,1,0,1,0,0,0,1,1,1,1,0,0,0,0,1,0,0,1,0,0,1;                   749P   1109
508,4,0,243,83,0,1,0,743,0,243,81,1,1,0,745,0,243,92,0,1,0,747,      751P   1110
0,243,52,0,1,0,749;                                                  751P   1111
510,741,1,1,751;                                                     753P   1112
110,525,-9.18485099360515E-15,150,525,-1.00000000000001,150;         755P   1113
110,673,2.00000000000002,167.233687939614,673,148,                   757P   1114
167.233687939614;                                                    757P   1115
120,755,757,0,6.28318530717959;                                      759P   1116
126,1,1,1,0,1,0,0,0,1,1,1,1,0,1.33895275832663,0,1,                  761P   1117
1.33895275832663,0,0,1,0,0,1;                                        761P   1118
126,1,1,1,0,1,0,0,0,1,1,1,1,1,0,0,1,1.33895275832645,0,0,1,0,0,      763P   1119
1;                                                                   763P   1120
126,1,1,1,0,1,0,0,0,1,1,1,1,0,0,0,1,0,0,0,1,0,0,1;                   765P   1121
126,1,1,1,0,1,0,0,0,1,1,1,1,0,0,0,0,1.33895275832645,0,0,1,0,0,      767P   1122
1;                                                                   767P   1123
508,4,0,243,94,1,1,0,761,0,243,68,0,1,0,763,0,243,61,0,1,0,765,      769P   1124
0,243,85,1,1,0,767;                                                  769P   1125
510,759,1,1,769;                                                     771P   1126
110,600,4.59242549680257E-15,-75,600,1,-75;                          773P   1127
110,600,2.00000000000005,-64,600,148,-64;                            775P   1128
120,773,775,0,6.28318530717959;                                      777P   1129
126,1,1,1,0,1,0,0,0,1,1,1,1,0,0,0,1,0,0,0,1,0,0,1;                   779P   1130
126,1,1,1,0,1,0,0,0,1,1,1,1,0,0,0,0,3.14159265358979,0,0,1,0,0,      781P   1131
1;                                                                   781P   1132
126,1,1,1,0,1,0,0,0,1,1,1,1,0,3.14159265358979,0,1,                  783P   1133
3.14159265358979,0,0,1,0,0,1;                                        783P   1134
126,1,1,1,0,1,0,0,0,1,1,1,1,1,0,0,1,3.14159265358979,0,0,1,0,0,      785P   1135
1;                                                                   785P   1136
508,4,0,243,95,0,1,0,779,0,243,86,1,1,0,781,0,243,96,1,1,0,783,      787P   1137
0,243,71,0,1,0,785;                                                  787P   1138
510,777,1,1,787;                                                     789P   1139
110,600,4.59242549680257E-15,-75,600,1,-75;                          791P   1140
110,600,3.9801020972289E-15,-65,600,150,-64.9999999999999;           793P   1141
120,791,793,0,6.28318530717959;                                      795P   1142
126,1,1,1,0,1,0,0,0,1,1,1,1,1,0,0,1,3.14159265358979,0,0,1,0,0,      797P   1143
1;                                                                   797P   1144
126,1,1,1,0,1,0,0,0,1,1,1,1,0,3.14159265358979,0,1,                  799P   1145
3.14159265358979,0,0,1,0,0,1;                                        799P   1146
126,1,1,1,0,1,0,0,0,1,1,1,1,0,0,0,0,3.14159265358979,0,0,1,0,0,      801P   1147
1;                                                                   801P   1148
126,1,1,1,0,1,0,0,0,1,1,1,1,0,0,0,1,0,0,0,1,0,0,1;                   803P   1149
508,4,0,243,12,1,1,0,797,0,243,3,0,1,0,799,0,243,20,0,1,0,801,0,     805P   1150
243,1,1,1,0,803;                                                     805P   1151
510,795,1,1,805;                                                     807P   1152
110,-675,75,-225,-674,75,-225;                                       809P   1153
110,525,75,-200,675,75,-200;                                         811P   1154
120,809,811,0,6.28318530717959;                                      813P   1155
126,1,1,1,0,1,0,0,0,1,1,1,1,1,0,0,1,3.14159265358979,0,0,1,0,0,      815P   1156
1;                                                                   815P   1157
126,1,1,1,0,1,0,0,0,1,1,1,1,0,3.14159265358979,0,1,                  817P   1158
3.14159265358979,0,0,1,0,0,1;                                        817P   1159
126,1,1,1,0,1,0,0,0,1,1,1,1,0,0,0,0,3.14159265358979,0,0,1,0,0,      819P   1160
1;                                                                   819P   1161
126,1,1,1,0,1,0,0,0,1,1,1,1,0,0,0,1,0,0,0,1,0,0,1;                   821P   1162
508,4,0,243,23,1,1,0,815,0,243,60,0,1,0,817,0,243,45,0,1,0,819,      823P   1163
0,243,59,1,1,0,821;                                                  823P   1164
510,813,1,1,823;                                                     825P   1165
110,525,75,-225,526,75,-225;                                         827P   1166
110,525,75.0000000000001,-175,673,75.0000000000001,-175;             829P   1167
120,827,829,0,6.28318530717959;                                      831P   1168
126,1,1,1,0,1,0,0,0,1,1,1,1,0,0,0,1,0,0,0,1,0,0,1;                   833P   1169
126,1,1,1,0,1,0,0,0,1,1,1,1,0,0,0,0,0.523598775598296,0,0,1,0,0,     835P   1170
1;                                                                   835P   1171
126,1,1,1,0,1,0,0,0,1,1,1,1,0,0.523598775598297,0,                   837P   1172
0.0135135135135137,0.523598775598297,0,0,1,0,0,1;                    837P   1173
126,1,1,1,0,1,0,0,0,1,1,1,1,0.0135135135135135,                      839P   1174
0.523598775598299,0,0.0135135135135135,2.61799387799149,0,0,1,0,     839P   1175
0,1;                                                                 839P   1176
126,1,1,1,0,1,0,0,0,1,1,1,1,0,2.6179938779915,0,                     841P   1177
0.0135135135135135,2.6179938779915,0,0,1,0,0,1;                      841P   1178
126,1,1,1,0,1,0,0,0,1,1,1,1,0,2.6179938779915,0,0,                   843P   1179
3.14159265358979,0,0,1,0,0,1;                                        843P   1180
126,1,1,1,0,1,0,0,0,1,1,1,1,0,3.14159265358979,0,1,                  845P   1181
3.14159265358979,0,0,1,0,0,1;                                        845P   1182
126,1,1,1,0,1,0,0,0,1,1,1,1,1,0,0,1,3.14159265358979,0,0,1,0,0,      847P   1183
1;                                                                   847P   1184
508,8,0,243,90,0,1,0,833,0,243,40,1,1,0,835,0,243,91,1,1,0,837,      849P   1185
0,243,79,1,1,0,839,0,243,77,0,1,0,841,0,243,36,1,1,0,843,0,243,      849P   1186
88,1,1,0,845,0,243,65,0,1,0,847;                                     849P   1187
510,831,1,1,849;                                                     851P   1188
110,600,4.59242549680257E-15,-75,600,1,-75;                          853P   1189
110,600,2.00000000000005,-86,600,148,-85.9999999999999;              855P   1190
120,853,855,0,6.28318530717959;                                      857P   1191
126,1,1,1,0,1,0,0,0,1,1,1,1,1,0,0,1,3.14159265358979,0,0,1,0,0,      859P   1192
1;                                                                   859P   1193
126,1,1,1,0,1,0,0,0,1,1,1,1,0,0,0,1,0,0,0,1,0,0,1;                   861P   1194
126,1,1,1,0,1,0,0,0,1,1,1,1,0,0,0,0,3.14159265358979,0,0,1,0,0,      863P   1195
1;                                                                   863P   1196
126,1,1,1,0,1,0,0,0,1,1,1,1,0,3.14159265358979,0,1,                  865P   1197
3.14159265358979,0,0,1,0,0,1;                                        865P   1198
508,4,0,243,70,0,1,0,859,0,243,96,0,1,0,861,0,243,87,1,1,0,863,      867P   1199
0,243,95,1,1,0,865;                                                  867P   1200
510,857,1,1,867;                                                     869P   1201
514,31,263,1,289,1,315,0,335,1,365,1,405,0,419,0,449,1,463,1,        871P   1202
481,1,495,0,513,1,533,0,559,0,577,1,591,1,605,1,623,1,649,0,675,     871P   1203
0,693,1,711,1,725,1,739,1,753,1,771,0,789,0,807,1,825,1,851,0,       871P   1204
869,0;                                                               871P   1205
186,871,1,0;                                                         873P   1206
S      2G      3D    874P   1206                                        T      1
